<?xml version="1.0" encoding="UTF-8"?>
<gpx creator="IGPSPORT" xmlns:xsi="http://www.w3.org/2001/XMLSchema-instance" schemaLocation="http://www.topografix.com/GPX/1/1 http://www.topografix.com/GPX/1/1/gpx.xsd" version="1.1" xmlns="http://www.topografix.com/GPX/1/1">
  <metadata>
    <time>2026-09-05T04:09:08Z</time>
    <link href="https://www.igpsport.cn/">
      <text>户外骑行</text>
    </link>
  </metadata>
  <trk>
    <name>户外骑行</name>
    <trkseg>
      <trkpt lat="41.82978576980531" lon="123.60188271850348">
        <ele>62</ele>
        <time>2026-09-05T04:09:08Z</time>
      </trkpt>
      <trkpt lat="41.8297862727195" lon="123.6018828023225">
        <ele>62</ele>
        <time>2026-09-05T04:09:10Z</time>
      </trkpt>
      <trkpt lat="41.82978375814855" lon="123.60188020393252">
        <ele>62</ele>
        <time>2026-09-05T04:09:12Z</time>
      </trkpt>
      <trkpt lat="41.82978317141533" lon="123.60187752172351">
        <ele>62</ele>
        <time>2026-09-05T04:09:14Z</time>
      </trkpt>
      <trkpt lat="41.82978367432952" lon="123.60187542624772">
        <ele>62</ele>
        <time>2026-09-05T04:09:16Z</time>
      </trkpt>
      <trkpt lat="41.829784009605646" lon="123.60187358222902">
        <ele>61.8</ele>
        <time>2026-09-05T04:09:18Z</time>
      </trkpt>
      <trkpt lat="41.829783925786614" lon="123.60187207348645">
        <ele>62</ele>
        <time>2026-09-05T04:09:20Z</time>
      </trkpt>
      <trkpt lat="41.8297830875963" lon="123.60187106765807">
        <ele>62</ele>
        <time>2026-09-05T04:09:22Z</time>
      </trkpt>
      <trkpt lat="41.829781578853726" lon="123.60187056474388">
        <ele>62</ele>
        <time>2026-09-05T04:09:24Z</time>
      </trkpt>
      <trkpt lat="41.829778561368585" lon="123.6018621828407">
        <ele>61.8</ele>
        <time>2026-09-05T04:09:26Z</time>
      </trkpt>
      <trkpt lat="41.82976473122835" lon="123.60183427110314">
        <ele>61.8</ele>
        <time>2026-09-05T04:09:28Z</time>
      </trkpt>
      <trkpt lat="41.82973237708211" lon="123.60179009847343">
        <ele>61.8</ele>
        <time>2026-09-05T04:09:30Z</time>
      </trkpt>
      <trkpt lat="41.82969038374722" lon="123.60173276625574">
        <ele>62</ele>
        <time>2026-09-05T04:09:32Z</time>
      </trkpt>
      <trkpt lat="41.8296464625746" lon="123.60166948288679">
        <ele>62</ele>
        <time>2026-09-05T04:09:34Z</time>
      </trkpt>
      <trkpt lat="41.829600697383285" lon="123.60159957781434">
        <ele>62</ele>
        <time>2026-09-05T04:09:36Z</time>
      </trkpt>
      <trkpt lat="41.82955250144005" lon="123.60152112320065">
        <ele>62</ele>
        <time>2026-09-05T04:09:38Z</time>
      </trkpt>
      <trkpt lat="41.82950128801167" lon="123.60143646597862">
        <ele>61.8</ele>
        <time>2026-09-05T04:09:40Z</time>
      </trkpt>
      <trkpt lat="41.829449236392975" lon="123.6013460252434">
        <ele>61.8</ele>
        <time>2026-09-05T04:09:42Z</time>
      </trkpt>
      <trkpt lat="41.82939726859331" lon="123.60125055536628">
        <ele>61.8</ele>
        <time>2026-09-05T04:09:44Z</time>
      </trkpt>
      <trkpt lat="41.82934748008847" lon="123.60114955343306">
        <ele>61.8</ele>
        <time>2026-09-05T04:09:46Z</time>
      </trkpt>
      <trkpt lat="41.82930188253522" lon="123.6010405048728">
        <ele>61.8</ele>
        <time>2026-09-05T04:09:48Z</time>
      </trkpt>
      <trkpt lat="41.82926181703806" lon="123.6009226553142">
        <ele>61.6</ele>
        <time>2026-09-05T04:09:50Z</time>
      </trkpt>
      <trkpt lat="41.82922141626477" lon="123.60080220736563">
        <ele>61.6</ele>
        <time>2026-09-05T04:09:52Z</time>
      </trkpt>
      <trkpt lat="41.82917749509215" lon="123.60068192705512">
        <ele>61.4</ele>
        <time>2026-09-05T04:09:54Z</time>
      </trkpt>
      <trkpt lat="41.82913047261536" lon="123.60056022182107">
        <ele>61.2</ele>
        <time>2026-09-05T04:09:56Z</time>
      </trkpt>
      <trkpt lat="41.82908093556762" lon="123.60043851658702">
        <ele>61.2</ele>
        <time>2026-09-05T04:09:58Z</time>
      </trkpt>
      <trkpt lat="41.82903106324375" lon="123.60031379386783">
        <ele>61</ele>
        <time>2026-09-05T04:10:00Z</time>
      </trkpt>
      <trkpt lat="41.82898085564375" lon="123.60018756240606">
        <ele>60.8</ele>
        <time>2026-09-05T04:10:02Z</time>
      </trkpt>
      <trkpt lat="41.828929893672466" lon="123.60006015747786">
        <ele>60.8</ele>
        <time>2026-09-05T04:10:04Z</time>
      </trkpt>
      <trkpt lat="41.82887742295861" lon="123.59993241727352">
        <ele>60.8</ele>
        <time>2026-09-05T04:10:06Z</time>
      </trkpt>
      <trkpt lat="41.828824281692505" lon="123.59980358742177">
        <ele>60.8</ele>
        <time>2026-09-05T04:10:08Z</time>
      </trkpt>
      <trkpt lat="41.82877139188349" lon="123.5996744222939">
        <ele>60.6</ele>
        <time>2026-09-05T04:10:10Z</time>
      </trkpt>
      <trkpt lat="41.8287190888077" lon="123.59954609535635">
        <ele>60.6</ele>
        <time>2026-09-05T04:10:12Z</time>
      </trkpt>
      <trkpt lat="41.82866862975061" lon="123.59941969625652">
        <ele>60.6</ele>
        <time>2026-09-05T04:10:14Z</time>
      </trkpt>
      <trkpt lat="41.82861926034093" lon="123.59929271042347">
        <ele>60.6</ele>
        <time>2026-09-05T04:10:16Z</time>
      </trkpt>
      <trkpt lat="41.82856913655996" lon="123.59916429966688">
        <ele>60.6</ele>
        <time>2026-09-05T04:10:18Z</time>
      </trkpt>
      <trkpt lat="41.82851658202708" lon="123.59903337433934">
        <ele>60.4</ele>
        <time>2026-09-05T04:10:20Z</time>
      </trkpt>
      <trkpt lat="41.828467631712556" lon="123.59890052117407">
        <ele>60.4</ele>
        <time>2026-09-05T04:10:22Z</time>
      </trkpt>
      <trkpt lat="41.8284222856164" lon="123.59877219423652">
        <ele>60.4</ele>
        <time>2026-09-05T04:10:24Z</time>
      </trkpt>
      <trkpt lat="41.828377693891525" lon="123.59864797443151">
        <ele>60.4</ele>
        <time>2026-09-05T04:10:26Z</time>
      </trkpt>
      <trkpt lat="41.82833343744278" lon="123.59852341935039">
        <ele>60.4</ele>
        <time>2026-09-05T04:10:28Z</time>
      </trkpt>
      <trkpt lat="41.82829228229821" lon="123.59839718788862">
        <ele>60.4</ele>
        <time>2026-09-05T04:10:30Z</time>
      </trkpt>
      <trkpt lat="41.82825716212392" lon="123.59826668165624">
        <ele>60.4</ele>
        <time>2026-09-05T04:10:32Z</time>
      </trkpt>
      <trkpt lat="41.8282288312912" lon="123.59813265502453">
        <ele>60.4</ele>
        <time>2026-09-05T04:10:34Z</time>
      </trkpt>
      <trkpt lat="41.82820779271424" lon="123.59799871221185">
        <ele>60.4</ele>
        <time>2026-09-05T04:10:36Z</time>
      </trkpt>
      <trkpt lat="41.82819530367851" lon="123.59786728397012">
        <ele>60.6</ele>
        <time>2026-09-05T04:10:38Z</time>
      </trkpt>
      <trkpt lat="41.82818868197501" lon="123.59773577190936">
        <ele>60.6</ele>
        <time>2026-09-05T04:10:40Z</time>
      </trkpt>
      <trkpt lat="41.828181808814406" lon="123.59760819934309">
        <ele>60.8</ele>
        <time>2026-09-05T04:10:42Z</time>
      </trkpt>
      <trkpt lat="41.82816353626549" lon="123.59748951159418">
        <ele>60.8</ele>
        <time>2026-09-05T04:10:44Z</time>
      </trkpt>
      <trkpt lat="41.82811785489321" lon="123.5973936226219">
        <ele>60.8</ele>
        <time>2026-09-05T04:10:46Z</time>
      </trkpt>
      <trkpt lat="41.828051721677184" lon="123.59731290489435">
        <ele>60.6</ele>
        <time>2026-09-05T04:10:48Z</time>
      </trkpt>
      <trkpt lat="41.827979385852814" lon="123.59723562374711">
        <ele>60.4</ele>
        <time>2026-09-05T04:10:50Z</time>
      </trkpt>
      <trkpt lat="41.827905206009746" lon="123.59714895486832">
        <ele>60.2</ele>
        <time>2026-09-05T04:10:52Z</time>
      </trkpt>
      <trkpt lat="41.827839659526944" lon="123.59704728238285">
        <ele>60.2</ele>
        <time>2026-09-05T04:10:54Z</time>
      </trkpt>
      <trkpt lat="41.82778626680374" lon="123.59692708589137">
        <ele>60.2</ele>
        <time>2026-09-05T04:10:56Z</time>
      </trkpt>
      <trkpt lat="41.8277383223176" lon="123.59680462628603">
        <ele>60.2</ele>
        <time>2026-09-05T04:10:58Z</time>
      </trkpt>
      <trkpt lat="41.827687192708254" lon="123.59668484888971">
        <ele>60.2</ele>
        <time>2026-09-05T04:11:00Z</time>
      </trkpt>
      <trkpt lat="41.82763229124248" lon="123.59656691551208">
        <ele>60.2</ele>
        <time>2026-09-05T04:11:02Z</time>
      </trkpt>
      <trkpt lat="41.82757847942412" lon="123.59644428826869">
        <ele>60.2</ele>
        <time>2026-09-05T04:11:04Z</time>
      </trkpt>
      <trkpt lat="41.82753858156502" lon="123.59631855972111">
        <ele>60.2</ele>
        <time>2026-09-05T04:11:06Z</time>
      </trkpt>
      <trkpt lat="41.827478567138314" lon="123.59621420502663">
        <ele>60.2</ele>
        <time>2026-09-05T04:11:08Z</time>
      </trkpt>
      <trkpt lat="41.82739097625017" lon="123.59614865854383">
        <ele>60.4</ele>
        <time>2026-09-05T04:11:10Z</time>
      </trkpt>
      <trkpt lat="41.82730782777071" lon="123.5960756521672">
        <ele>60.4</ele>
        <time>2026-09-05T04:11:12Z</time>
      </trkpt>
      <trkpt lat="41.8272581230849" lon="123.59596408903599">
        <ele>60.4</ele>
        <time>2026-09-05T04:11:14Z</time>
      </trkpt>
      <trkpt lat="41.827239599078894" lon="123.59582888893783">
        <ele>60.4</ele>
        <time>2026-09-05T04:11:16Z</time>
      </trkpt>
      <trkpt lat="41.82722786441445" lon="123.59568974934518">
        <ele>60.4</ele>
        <time>2026-09-05T04:11:18Z</time>
      </trkpt>
      <trkpt lat="41.82720389217138" lon="123.59555329196155">
        <ele>60.4</ele>
        <time>2026-09-05T04:11:20Z</time>
      </trkpt>
      <trkpt lat="41.82716156356037" lon="123.59542907215655">
        <ele>60.4</ele>
        <time>2026-09-05T04:11:22Z</time>
      </trkpt>
      <trkpt lat="41.827112613245845" lon="123.5953076183796">
        <ele>60.4</ele>
        <time>2026-09-05T04:11:24Z</time>
      </trkpt>
      <trkpt lat="41.82706508785486" lon="123.59519245103002">
        <ele>60.4</ele>
        <time>2026-09-05T04:11:26Z</time>
      </trkpt>
      <trkpt lat="41.82702007703483" lon="123.59508650377393">
        <ele>60.4</ele>
        <time>2026-09-05T04:11:28Z</time>
      </trkpt>
      <trkpt lat="41.8269853759557" lon="123.59500058926642">
        <ele>60.4</ele>
        <time>2026-09-05T04:11:30Z</time>
      </trkpt>
      <trkpt lat="41.826967522501945" lon="123.59495080076158">
        <ele>60.4</ele>
        <time>2026-09-05T04:11:32Z</time>
      </trkpt>
      <trkpt lat="41.82695553638041" lon="123.5949204582721">
        <ele>60.4</ele>
        <time>2026-09-05T04:11:34Z</time>
      </trkpt>
      <trkpt lat="41.82694531045854" lon="123.59490528702736">
        <ele>60.4</ele>
        <time>2026-09-05T04:11:36Z</time>
      </trkpt>
      <trkpt lat="41.82693441398442" lon="123.59488466754556">
        <ele>60.4</ele>
        <time>2026-09-05T04:11:38Z</time>
      </trkpt>
      <trkpt lat="41.82692578062415" lon="123.5948652215302">
        <ele>60.4</ele>
        <time>2026-09-05T04:11:40Z</time>
      </trkpt>
      <trkpt lat="41.827100375667214" lon="123.59457939863205">
        <ele>59.8</ele>
        <time>2026-09-05T04:14:29Z</time>
      </trkpt>
      <trkpt lat="41.82709417305887" lon="123.59458040446043">
        <ele>60</ele>
        <time>2026-09-05T04:14:31Z</time>
      </trkpt>
      <trkpt lat="41.82707120664418" lon="123.59458895400167">
        <ele>59.8</ele>
        <time>2026-09-05T04:14:33Z</time>
      </trkpt>
      <trkpt lat="41.82702451944351" lon="123.59460814855993">
        <ele>59.8</ele>
        <time>2026-09-05T04:14:35Z</time>
      </trkpt>
      <trkpt lat="41.82695888914168" lon="123.59464637003839">
        <ele>59.8</ele>
        <time>2026-09-05T04:14:37Z</time>
      </trkpt>
      <trkpt lat="41.8268852122128" lon="123.59470722265542">
        <ele>59.8</ele>
        <time>2026-09-05T04:14:39Z</time>
      </trkpt>
      <trkpt lat="41.82680902071297" lon="123.5947803966701">
        <ele>59.6</ele>
        <time>2026-09-05T04:14:41Z</time>
      </trkpt>
      <trkpt lat="41.82671866379678" lon="123.59483965672553">
        <ele>59.6</ele>
        <time>2026-09-05T04:14:43Z</time>
      </trkpt>
      <trkpt lat="41.82661967352033" lon="123.59489866532385">
        <ele>59.6</ele>
        <time>2026-09-05T04:14:45Z</time>
      </trkpt>
      <trkpt lat="41.826517498120666" lon="123.59496605582535">
        <ele>59.4</ele>
        <time>2026-09-05T04:14:47Z</time>
      </trkpt>
      <trkpt lat="41.826414400711656" lon="123.59504006803036">
        <ele>59.2</ele>
        <time>2026-09-05T04:14:49Z</time>
      </trkpt>
      <trkpt lat="41.826305435970426" lon="123.5950980708003">
        <ele>59.2</ele>
        <time>2026-09-05T04:14:51Z</time>
      </trkpt>
      <trkpt lat="41.826194459572434" lon="123.59509681351483">
        <ele>59.2</ele>
        <time>2026-09-05T04:14:53Z</time>
      </trkpt>
      <trkpt lat="41.826096810400486" lon="123.5950306802988">
        <ele>59.2</ele>
        <time>2026-09-05T04:14:55Z</time>
      </trkpt>
      <trkpt lat="41.82601885870099" lon="123.59491920098662">
        <ele>59.2</ele>
        <time>2026-09-05T04:14:57Z</time>
      </trkpt>
      <trkpt lat="41.82595205493271" lon="123.59479556791484">
        <ele>59</ele>
        <time>2026-09-05T04:14:59Z</time>
      </trkpt>
      <trkpt lat="41.825879802927375" lon="123.59467629343271">
        <ele>59</ele>
        <time>2026-09-05T04:15:01Z</time>
      </trkpt>
      <trkpt lat="41.82580327615142" lon="123.59456162899733">
        <ele>59</ele>
        <time>2026-09-05T04:15:03Z</time>
      </trkpt>
      <trkpt lat="41.825724486261606" lon="123.59444428235292">
        <ele>58.8</ele>
        <time>2026-09-05T04:15:05Z</time>
      </trkpt>
      <trkpt lat="41.82565282098949" lon="123.59431721270084">
        <ele>58.8</ele>
        <time>2026-09-05T04:15:07Z</time>
      </trkpt>
      <trkpt lat="41.82558107189834" lon="123.59418804757297">
        <ele>58.8</ele>
        <time>2026-09-05T04:15:09Z</time>
      </trkpt>
      <trkpt lat="41.825504964217544" lon="123.59406240284443">
        <ele>58.6</ele>
        <time>2026-09-05T04:15:11Z</time>
      </trkpt>
      <trkpt lat="41.82542558759451" lon="123.59393960796297">
        <ele>58.6</ele>
        <time>2026-09-05T04:15:13Z</time>
      </trkpt>
      <trkpt lat="41.825345791876316" lon="123.59382192604244">
        <ele>58.6</ele>
        <time>2026-09-05T04:15:15Z</time>
      </trkpt>
      <trkpt lat="41.8252654094249" lon="123.59370918944478">
        <ele>58.6</ele>
        <time>2026-09-05T04:15:17Z</time>
      </trkpt>
      <trkpt lat="41.8251861166209" lon="123.5935940220952">
        <ele>58.6</ele>
        <time>2026-09-05T04:15:19Z</time>
      </trkpt>
      <trkpt lat="41.825105398893356" lon="123.59347709454596">
        <ele>58.6</ele>
        <time>2026-09-05T04:15:21Z</time>
      </trkpt>
      <trkpt lat="41.82502652518451" lon="123.59335790388286">
        <ele>58.8</ele>
        <time>2026-09-05T04:15:23Z</time>
      </trkpt>
      <trkpt lat="41.82495100423694" lon="123.59323569573462">
        <ele>58.6</ele>
        <time>2026-09-05T04:15:25Z</time>
      </trkpt>
      <trkpt lat="41.824877075850964" lon="123.5931140743196">
        <ele>58.8</ele>
        <time>2026-09-05T04:15:27Z</time>
      </trkpt>
      <trkpt lat="41.82480197399855" lon="123.59299748204648">
        <ele>58.8</ele>
        <time>2026-09-05T04:15:29Z</time>
      </trkpt>
      <trkpt lat="41.82472771033645" lon="123.59288264997303">
        <ele>58.8</ele>
        <time>2026-09-05T04:15:31Z</time>
      </trkpt>
      <trkpt lat="41.8246609903872" lon="123.5927601903677">
        <ele>59</ele>
        <time>2026-09-05T04:15:33Z</time>
      </trkpt>
      <trkpt lat="41.82460139505565" lon="123.59262607991695">
        <ele>59</ele>
        <time>2026-09-05T04:15:35Z</time>
      </trkpt>
      <trkpt lat="41.82454423047602" lon="123.59249490313232">
        <ele>59.2</ele>
        <time>2026-09-05T04:15:37Z</time>
      </trkpt>
      <trkpt lat="41.824483377858996" lon="123.59237495809793">
        <ele>59.2</ele>
        <time>2026-09-05T04:15:39Z</time>
      </trkpt>
      <trkpt lat="41.824417831376195" lon="123.59225107356906">
        <ele>59.4</ele>
        <time>2026-09-05T04:15:41Z</time>
      </trkpt>
      <trkpt lat="41.82434826157987" lon="123.59212450683117">
        <ele>59.4</ele>
        <time>2026-09-05T04:15:43Z</time>
      </trkpt>
      <trkpt lat="41.8242827989161" lon="123.5919987782836">
        <ele>59.4</ele>
        <time>2026-09-05T04:15:45Z</time>
      </trkpt>
      <trkpt lat="41.82421817444265" lon="123.5918724630028">
        <ele>59.6</ele>
        <time>2026-09-05T04:15:47Z</time>
      </trkpt>
      <trkpt lat="41.82414441369474" lon="123.59174656681716">
        <ele>59.6</ele>
        <time>2026-09-05T04:15:49Z</time>
      </trkpt>
      <trkpt lat="41.82406973093748" lon="123.59161522239447">
        <ele>59.4</ele>
        <time>2026-09-05T04:15:51Z</time>
      </trkpt>
      <trkpt lat="41.82400359772146" lon="123.59148069284856">
        <ele>59.4</ele>
        <time>2026-09-05T04:15:53Z</time>
      </trkpt>
      <trkpt lat="41.82393981143832" lon="123.59134859405458">
        <ele>59.4</ele>
        <time>2026-09-05T04:15:55Z</time>
      </trkpt>
      <trkpt lat="41.82387418113649" lon="123.59122018329799">
        <ele>59.4</ele>
        <time>2026-09-05T04:15:57Z</time>
      </trkpt>
      <trkpt lat="41.82380427606404" lon="123.59109152108431">
        <ele>59.2</ele>
        <time>2026-09-05T04:15:59Z</time>
      </trkpt>
      <trkpt lat="41.82373302988708" lon="123.59095179475844">
        <ele>59.2</ele>
        <time>2026-09-05T04:16:01Z</time>
      </trkpt>
      <trkpt lat="41.82366153225303" lon="123.59080569818616">
        <ele>59.2</ele>
        <time>2026-09-05T04:16:03Z</time>
      </trkpt>
      <trkpt lat="41.82358986698091" lon="123.59066287055612">
        <ele>59.2</ele>
        <time>2026-09-05T04:16:05Z</time>
      </trkpt>
      <trkpt lat="41.82351317256689" lon="123.59052465297282">
        <ele>59</ele>
        <time>2026-09-05T04:16:07Z</time>
      </trkpt>
      <trkpt lat="41.82343237102032" lon="123.59039506874979">
        <ele>59</ele>
        <time>2026-09-05T04:16:09Z</time>
      </trkpt>
      <trkpt lat="41.82335819117725" lon="123.59027747064829">
        <ele>59</ele>
        <time>2026-09-05T04:16:11Z</time>
      </trkpt>
      <trkpt lat="41.8232898786664" lon="123.59016565605998">
        <ele>58.8</ele>
        <time>2026-09-05T04:16:13Z</time>
      </trkpt>
      <trkpt lat="41.823218716308475" lon="123.5900555178523">
        <ele>58.8</ele>
        <time>2026-09-05T04:16:15Z</time>
      </trkpt>
      <trkpt lat="41.82314747013152" lon="123.58994110487401">
        <ele>58.6</ele>
        <time>2026-09-05T04:16:17Z</time>
      </trkpt>
      <trkpt lat="41.8230758048594" lon="123.58981512486935">
        <ele>58.6</ele>
        <time>2026-09-05T04:16:19Z</time>
      </trkpt>
      <trkpt lat="41.82301771827042" lon="123.58967321924865">
        <ele>58.4</ele>
        <time>2026-09-05T04:16:21Z</time>
      </trkpt>
      <trkpt lat="41.82296248152852" lon="123.58952578157187">
        <ele>58.4</ele>
        <time>2026-09-05T04:16:23Z</time>
      </trkpt>
      <trkpt lat="41.82290347293019" lon="123.58937599696219">
        <ele>58.4</ele>
        <time>2026-09-05T04:16:25Z</time>
      </trkpt>
      <trkpt lat="41.822842536494136" lon="123.58922839164734">
        <ele>58.2</ele>
        <time>2026-09-05T04:16:27Z</time>
      </trkpt>
      <trkpt lat="41.822773134335876" lon="123.5890734102577">
        <ele>58</ele>
        <time>2026-09-05T04:16:29Z</time>
      </trkpt>
      <trkpt lat="41.822704738005996" lon="123.58892127871513">
        <ele>58</ele>
        <time>2026-09-05T04:16:31Z</time>
      </trkpt>
      <trkpt lat="41.822645058855414" lon="123.588778199628">
        <ele>58</ele>
        <time>2026-09-05T04:16:33Z</time>
      </trkpt>
      <trkpt lat="41.82258429005742" lon="123.58864090405405">
        <ele>57.8</ele>
        <time>2026-09-05T04:16:35Z</time>
      </trkpt>
      <trkpt lat="41.822519581764936" lon="123.58850629068911">
        <ele>57.8</ele>
        <time>2026-09-05T04:16:37Z</time>
      </trkpt>
      <trkpt lat="41.82245831005275" lon="123.58837125822902">
        <ele>57.8</ele>
        <time>2026-09-05T04:16:39Z</time>
      </trkpt>
      <trkpt lat="41.82240575551987" lon="123.58822977170348">
        <ele>57.6</ele>
        <time>2026-09-05T04:16:41Z</time>
      </trkpt>
      <trkpt lat="41.82235596701503" lon="123.58810538426042">
        <ele>57.6</ele>
        <time>2026-09-05T04:16:43Z</time>
      </trkpt>
      <trkpt lat="41.82231078855693" lon="123.58800019137561">
        <ele>57.6</ele>
        <time>2026-09-05T04:16:45Z</time>
      </trkpt>
      <trkpt lat="41.822274159640074" lon="123.58792441897094">
        <ele>57.6</ele>
        <time>2026-09-05T04:16:47Z</time>
      </trkpt>
      <trkpt lat="41.82224507443607" lon="123.58786750584841">
        <ele>57.6</ele>
        <time>2026-09-05T04:16:49Z</time>
      </trkpt>
      <trkpt lat="41.82221305556595" lon="123.58782291412354">
        <ele>57.6</ele>
        <time>2026-09-05T04:16:51Z</time>
      </trkpt>
      <trkpt lat="41.8221621774137" lon="123.58777228742838">
        <ele>57.4</ele>
        <time>2026-09-05T04:16:53Z</time>
      </trkpt>
      <trkpt lat="41.82210945524275" lon="123.58770749531686">
        <ele>57.4</ele>
        <time>2026-09-05T04:16:55Z</time>
      </trkpt>
      <trkpt lat="41.82207358069718" lon="123.58764027245343">
        <ele>57.4</ele>
        <time>2026-09-05T04:16:57Z</time>
      </trkpt>
      <trkpt lat="41.822044076398015" lon="123.58757564797997">
        <ele>57.4</ele>
        <time>2026-09-05T04:16:59Z</time>
      </trkpt>
      <trkpt lat="41.82200853712857" lon="123.58752250671387">
        <ele>57.2</ele>
        <time>2026-09-05T04:17:01Z</time>
      </trkpt>
      <trkpt lat="41.82198280468583" lon="123.58749249950051">
        <ele>57.2</ele>
        <time>2026-09-05T04:17:03Z</time>
      </trkpt>
      <trkpt lat="41.8219687230885" lon="123.58747120946646">
        <ele>57.2</ele>
        <time>2026-09-05T04:17:05Z</time>
      </trkpt>
      <trkpt lat="41.82196645997465" lon="123.58746106736362">
        <ele>57.2</ele>
        <time>2026-09-05T04:17:07Z</time>
      </trkpt>
      <trkpt lat="41.82196847163141" lon="123.58745796605945">
        <ele>57.2</ele>
        <time>2026-09-05T04:17:09Z</time>
      </trkpt>
      <trkpt lat="41.821970231831074" lon="123.58745402656496">
        <ele>57.2</ele>
        <time>2026-09-05T04:17:11Z</time>
      </trkpt>
      <trkpt lat="41.82196998037398" lon="123.58745000325143">
        <ele>57</ele>
        <time>2026-09-05T04:17:13Z</time>
      </trkpt>
      <trkpt lat="41.8219687230885" lon="123.5874483268708">
        <ele>57</ele>
        <time>2026-09-05T04:17:15Z</time>
      </trkpt>
      <trkpt lat="41.82196218520403" lon="123.58743751421571">
        <ele>57</ele>
        <time>2026-09-05T04:17:17Z</time>
      </trkpt>
      <trkpt lat="41.82194332592189" lon="123.58740876428783">
        <ele>57</ele>
        <time>2026-09-05T04:17:19Z</time>
      </trkpt>
      <trkpt lat="41.821912564337254" lon="123.58737029135227">
        <ele>57</ele>
        <time>2026-09-05T04:17:21Z</time>
      </trkpt>
      <trkpt lat="41.82186906225979" lon="123.58732745982707">
        <ele>57</ele>
        <time>2026-09-05T04:17:23Z</time>
      </trkpt>
      <trkpt lat="41.82180896401405" lon="123.58726576901972">
        <ele>57</ele>
        <time>2026-09-05T04:17:25Z</time>
      </trkpt>
      <trkpt lat="41.82174148969352" lon="123.58717775903642">
        <ele>56.8</ele>
        <time>2026-09-05T04:17:27Z</time>
      </trkpt>
      <trkpt lat="41.82166839949787" lon="123.58707181178033">
        <ele>56.8</ele>
        <time>2026-09-05T04:17:29Z</time>
      </trkpt>
      <trkpt lat="41.82159363292158" lon="123.5869543813169">
        <ele>56.8</ele>
        <time>2026-09-05T04:17:31Z</time>
      </trkpt>
      <trkpt lat="41.82152163237333" lon="123.58682957477868">
        <ele>56.8</ele>
        <time>2026-09-05T04:17:33Z</time>
      </trkpt>
      <trkpt lat="41.82144929654896" lon="123.58670275658369">
        <ele>56.6</ele>
        <time>2026-09-05T04:17:35Z</time>
      </trkpt>
      <trkpt lat="41.82137536816299" lon="123.58657342381775">
        <ele>56.6</ele>
        <time>2026-09-05T04:17:37Z</time>
      </trkpt>
      <trkpt lat="41.82130068540573" lon="123.58644316904247">
        <ele>56.4</ele>
        <time>2026-09-05T04:17:39Z</time>
      </trkpt>
      <trkpt lat="41.821231534704566" lon="123.58631274662912">
        <ele>56.4</ele>
        <time>2026-09-05T04:17:41Z</time>
      </trkpt>
      <trkpt lat="41.82116783224046" lon="123.5861792229116">
        <ele>56.4</ele>
        <time>2026-09-05T04:17:43Z</time>
      </trkpt>
      <trkpt lat="41.82110387831926" lon="123.58604402281344">
        <ele>56.2</ele>
        <time>2026-09-05T04:17:45Z</time>
      </trkpt>
      <trkpt lat="41.82103422470391" lon="123.58591108582914">
        <ele>56.2</ele>
        <time>2026-09-05T04:17:47Z</time>
      </trkpt>
      <trkpt lat="41.82095970958471" lon="123.58578074723482">
        <ele>56.2</ele>
        <time>2026-09-05T04:17:49Z</time>
      </trkpt>
      <trkpt lat="41.82088913396001" lon="123.58564470894635">
        <ele>56.2</ele>
        <time>2026-09-05T04:17:51Z</time>
      </trkpt>
      <trkpt lat="41.820818055421114" lon="123.58550942502916">
        <ele>56.2</ele>
        <time>2026-09-05T04:17:53Z</time>
      </trkpt>
      <trkpt lat="41.820740355178714" lon="123.58538210391998">
        <ele>56.2</ele>
        <time>2026-09-05T04:17:55Z</time>
      </trkpt>
      <trkpt lat="41.820648573338985" lon="123.58526861295104">
        <ele>56</ele>
        <time>2026-09-05T04:17:57Z</time>
      </trkpt>
      <trkpt lat="41.82054279372096" lon="123.58517280779779">
        <ele>56</ele>
        <time>2026-09-05T04:17:59Z</time>
      </trkpt>
      <trkpt lat="41.82042561471462" lon="123.58510198071599">
        <ele>55.8</ele>
        <time>2026-09-05T04:18:01Z</time>
      </trkpt>
      <trkpt lat="41.82030717842281" lon="123.58505051583052">
        <ele>55.8</ele>
        <time>2026-09-05T04:18:03Z</time>
      </trkpt>
      <trkpt lat="41.82018639519811" lon="123.5850187484175">
        <ele>55.6</ele>
        <time>2026-09-05T04:18:05Z</time>
      </trkpt>
      <trkpt lat="41.82005982846022" lon="123.58500567264855">
        <ele>55.6</ele>
        <time>2026-09-05T04:18:07Z</time>
      </trkpt>
      <trkpt lat="41.8199329264462" lon="123.58499586582184">
        <ele>55.6</ele>
        <time>2026-09-05T04:18:09Z</time>
      </trkpt>
      <trkpt lat="41.81980753317475" lon="123.58498362824321">
        <ele>55.6</ele>
        <time>2026-09-05T04:18:11Z</time>
      </trkpt>
      <trkpt lat="41.819685995578766" lon="123.58497105538845">
        <ele>55.6</ele>
        <time>2026-09-05T04:18:13Z</time>
      </trkpt>
      <trkpt lat="41.81956806220114" lon="123.58495605178177">
        <ele>55.6</ele>
        <time>2026-09-05T04:18:15Z</time>
      </trkpt>
      <trkpt lat="41.819452894851565" lon="123.58493224717677">
        <ele>55.6</ele>
        <time>2026-09-05T04:18:17Z</time>
      </trkpt>
      <trkpt lat="41.81933873333037" lon="123.5849082749337">
        <ele>55.6</ele>
        <time>2026-09-05T04:18:19Z</time>
      </trkpt>
      <trkpt lat="41.81922499090433" lon="123.58488857746124">
        <ele>55.8</ele>
        <time>2026-09-05T04:18:21Z</time>
      </trkpt>
      <trkpt lat="41.81911141611636" lon="123.58486946672201">
        <ele>55.8</ele>
        <time>2026-09-05T04:18:23Z</time>
      </trkpt>
      <trkpt lat="41.81899566203356" lon="123.58484842814505">
        <ele>55.8</ele>
        <time>2026-09-05T04:18:25Z</time>
      </trkpt>
      <trkpt lat="41.8188794888556" lon="123.58482076786458">
        <ele>55.8</ele>
        <time>2026-09-05T04:18:27Z</time>
      </trkpt>
      <trkpt lat="41.81876130402088" lon="123.58478690497577">
        <ele>55.8</ele>
        <time>2026-09-05T04:18:29Z</time>
      </trkpt>
      <trkpt lat="41.818642783910036" lon="123.58476217836142">
        <ele>55.8</ele>
        <time>2026-09-05T04:18:31Z</time>
      </trkpt>
      <trkpt lat="41.8185256049037" lon="123.58474382199347">
        <ele>55.8</ele>
        <time>2026-09-05T04:18:33Z</time>
      </trkpt>
      <trkpt lat="41.81840850971639" lon="123.58472781255841">
        <ele>55.8</ele>
        <time>2026-09-05T04:18:35Z</time>
      </trkpt>
      <trkpt lat="41.818292336538434" lon="123.58470845036209">
        <ele>55.8</ele>
        <time>2026-09-05T04:18:37Z</time>
      </trkpt>
      <trkpt lat="41.81817591190338" lon="123.58468850143254">
        <ele>55.8</ele>
        <time>2026-09-05T04:18:39Z</time>
      </trkpt>
      <trkpt lat="41.818058816716075" lon="123.5846680495888">
        <ele>55.8</ele>
        <time>2026-09-05T04:18:41Z</time>
      </trkpt>
      <trkpt lat="41.817940631881356" lon="123.58464441262186">
        <ele>55.8</ele>
        <time>2026-09-05T04:18:43Z</time>
      </trkpt>
      <trkpt lat="41.81782202795148" lon="123.58461222611368">
        <ele>55.6</ele>
        <time>2026-09-05T04:18:45Z</time>
      </trkpt>
      <trkpt lat="41.817709458991885" lon="123.58456319198012">
        <ele>55.4</ele>
        <time>2026-09-05T04:18:47Z</time>
      </trkpt>
      <trkpt lat="41.8176000751555" lon="123.5845041833818">
        <ele>55.4</ele>
        <time>2026-09-05T04:18:49Z</time>
      </trkpt>
      <trkpt lat="41.81749127805233" lon="123.58443184755743">
        <ele>55.4</ele>
        <time>2026-09-05T04:18:51Z</time>
      </trkpt>
      <trkpt lat="41.81738818064332" lon="123.58434266410768">
        <ele>55.2</ele>
        <time>2026-09-05T04:18:53Z</time>
      </trkpt>
      <trkpt lat="41.817292626947165" lon="123.58423881232738">
        <ele>55.2</ele>
        <time>2026-09-05T04:18:55Z</time>
      </trkpt>
      <trkpt lat="41.8171975761652" lon="123.58413479290903">
        <ele>55.2</ele>
        <time>2026-09-05T04:18:57Z</time>
      </trkpt>
      <trkpt lat="41.81710143573582" lon="123.58404250815511">
        <ele>55</ele>
        <time>2026-09-05T04:18:59Z</time>
      </trkpt>
      <trkpt lat="41.81700797751546" lon="123.58395441435277">
        <ele>55</ele>
        <time>2026-09-05T04:19:01Z</time>
      </trkpt>
      <trkpt lat="41.81691963225603" lon="123.58385316096246">
        <ele>55</ele>
        <time>2026-09-05T04:19:03Z</time>
      </trkpt>
      <trkpt lat="41.816833885386586" lon="123.58373581431806">
        <ele>54.8</ele>
        <time>2026-09-05T04:19:05Z</time>
      </trkpt>
      <trkpt lat="41.81675350293517" lon="123.58360924758017">
        <ele>54.8</ele>
        <time>2026-09-05T04:19:07Z</time>
      </trkpt>
      <trkpt lat="41.816680412739515" lon="123.58348242938519">
        <ele>54.8</ele>
        <time>2026-09-05T04:19:09Z</time>
      </trkpt>
      <trkpt lat="41.8166137766093" lon="123.58335091732442">
        <ele>54.6</ele>
        <time>2026-09-05T04:19:11Z</time>
      </trkpt>
      <trkpt lat="41.81655032560229" lon="123.58320146799088">
        <ele>54.4</ele>
        <time>2026-09-05T04:19:13Z</time>
      </trkpt>
      <trkpt lat="41.81649148464203" lon="123.58304070308805">
        <ele>54.2</ele>
        <time>2026-09-05T04:19:15Z</time>
      </trkpt>
      <trkpt lat="41.816435577347875" lon="123.58287851326168">
        <ele>53.8</ele>
        <time>2026-09-05T04:19:17Z</time>
      </trkpt>
      <trkpt lat="41.81637916713953" lon="123.58271607197821">
        <ele>53.8</ele>
        <time>2026-09-05T04:19:19Z</time>
      </trkpt>
      <trkpt lat="41.81632057763636" lon="123.58255916275084">
        <ele>53.6</ele>
        <time>2026-09-05T04:19:21Z</time>
      </trkpt>
      <trkpt lat="41.81625863537192" lon="123.58241155743599">
        <ele>53.4</ele>
        <time>2026-09-05T04:19:23Z</time>
      </trkpt>
      <trkpt lat="41.81619887240231" lon="123.58226487413049">
        <ele>53.4</ele>
        <time>2026-09-05T04:19:25Z</time>
      </trkpt>
      <trkpt lat="41.81614313274622" lon="123.58211802318692">
        <ele>53.4</ele>
        <time>2026-09-05T04:19:27Z</time>
      </trkpt>
      <trkpt lat="41.81608336977661" lon="123.58197318390012">
        <ele>53.4</ele>
        <time>2026-09-05T04:19:29Z</time>
      </trkpt>
      <trkpt lat="41.816020756959915" lon="123.58183220028877">
        <ele>53.4</ele>
        <time>2026-09-05T04:19:31Z</time>
      </trkpt>
      <trkpt lat="41.81595420464873" lon="123.58169767074287">
        <ele>53.4</ele>
        <time>2026-09-05T04:19:33Z</time>
      </trkpt>
      <trkpt lat="41.815887400880456" lon="123.5815682541579">
        <ele>53.4</ele>
        <time>2026-09-05T04:19:35Z</time>
      </trkpt>
      <trkpt lat="41.81582110002637" lon="123.58143908903003">
        <ele>53.6</ele>
        <time>2026-09-05T04:19:37Z</time>
      </trkpt>
      <trkpt lat="41.81575362570584" lon="123.58130942098796">
        <ele>53.6</ele>
        <time>2026-09-05T04:19:39Z</time>
      </trkpt>
      <trkpt lat="41.81568497791886" lon="123.58117925003171">
        <ele>53.6</ele>
        <time>2026-09-05T04:19:41Z</time>
      </trkpt>
      <trkpt lat="41.815616162493825" lon="123.58104581013322">
        <ele>53.6</ele>
        <time>2026-09-05T04:19:43Z</time>
      </trkpt>
      <trkpt lat="41.81554717943072" lon="123.5809138789773">
        <ele>53.8</ele>
        <time>2026-09-05T04:19:45Z</time>
      </trkpt>
      <trkpt lat="41.81547819636762" lon="123.58078496530652">
        <ele>53.8</ele>
        <time>2026-09-05T04:19:47Z</time>
      </trkpt>
      <trkpt lat="41.81541080586612" lon="123.58065865002573">
        <ele>54</ele>
        <time>2026-09-05T04:19:49Z</time>
      </trkpt>
      <trkpt lat="41.81534366682172" lon="123.58053300529718">
        <ele>54.2</ele>
        <time>2026-09-05T04:19:51Z</time>
      </trkpt>
      <trkpt lat="41.815275102853775" lon="123.58040845021605">
        <ele>54.2</ele>
        <time>2026-09-05T04:19:53Z</time>
      </trkpt>
      <trkpt lat="41.81520435959101" lon="123.58028431423008">
        <ele>54.4</ele>
        <time>2026-09-05T04:19:55Z</time>
      </trkpt>
      <trkpt lat="41.81513302959502" lon="123.58015757985413">
        <ele>54.4</ele>
        <time>2026-09-05T04:19:57Z</time>
      </trkpt>
      <trkpt lat="41.81506538763642" lon="123.5800248105079">
        <ele>54.6</ele>
        <time>2026-09-05T04:19:59Z</time>
      </trkpt>
      <trkpt lat="41.81499958969653" lon="123.57988826930523">
        <ele>54.6</ele>
        <time>2026-09-05T04:20:01Z</time>
      </trkpt>
      <trkpt lat="41.81493286974728" lon="123.57975357212126">
        <ele>54.6</ele>
        <time>2026-09-05T04:20:03Z</time>
      </trkpt>
      <trkpt lat="41.8148644734174" lon="123.5796220600605">
        <ele>54.8</ele>
        <time>2026-09-05T04:20:05Z</time>
      </trkpt>
      <trkpt lat="41.8147954903543" lon="123.57949331402779">
        <ele>54.8</ele>
        <time>2026-09-05T04:20:07Z</time>
      </trkpt>
      <trkpt lat="41.814725333824754" lon="123.57936414889991">
        <ele>54.8</ele>
        <time>2026-09-05T04:20:09Z</time>
      </trkpt>
      <trkpt lat="41.81465392000973" lon="123.57923372648656">
        <ele>54.8</ele>
        <time>2026-09-05T04:20:11Z</time>
      </trkpt>
      <trkpt lat="41.81458200328052" lon="123.57909810729325">
        <ele>54.8</ele>
        <time>2026-09-05T04:20:13Z</time>
      </trkpt>
      <trkpt lat="41.814506482332945" lon="123.57896148227155">
        <ele>54.8</ele>
        <time>2026-09-05T04:20:15Z</time>
      </trkpt>
      <trkpt lat="41.814432218670845" lon="123.57882594689727">
        <ele>55</ele>
        <time>2026-09-05T04:20:17Z</time>
      </trkpt>
      <trkpt lat="41.81435770355165" lon="123.57869141735137">
        <ele>55</ele>
        <time>2026-09-05T04:20:19Z</time>
      </trkpt>
      <trkpt lat="41.814286122098565" lon="123.57855529524386">
        <ele>55.2</ele>
        <time>2026-09-05T04:20:21Z</time>
      </trkpt>
      <trkpt lat="41.81421755813062" lon="123.57841942459345">
        <ele>55.4</ele>
        <time>2026-09-05T04:20:23Z</time>
      </trkpt>
      <trkpt lat="41.81414941325784" lon="123.57828405685723">
        <ele>55.4</ele>
        <time>2026-09-05T04:20:25Z</time>
      </trkpt>
      <trkpt lat="41.81407950818539" lon="123.5781507845968">
        <ele>55.6</ele>
        <time>2026-09-05T04:20:27Z</time>
      </trkpt>
      <trkpt lat="41.814006082713604" lon="123.578024469316">
        <ele>55.6</ele>
        <time>2026-09-05T04:20:29Z</time>
      </trkpt>
      <trkpt lat="41.81393123231828" lon="123.57790485955775">
        <ele>55.8</ele>
        <time>2026-09-05T04:20:31Z</time>
      </trkpt>
      <trkpt lat="41.81384942494333" lon="123.57779421843588">
        <ele>56</ele>
        <time>2026-09-05T04:20:33Z</time>
      </trkpt>
      <trkpt lat="41.813733419403434" lon="123.57766672968864">
        <ele>56</ele>
        <time>2026-09-05T04:20:35Z</time>
      </trkpt>
      <trkpt lat="41.81365069001913" lon="123.57758022844791">
        <ele>56</ele>
        <time>2026-09-05T04:20:37Z</time>
      </trkpt>
      <trkpt lat="41.8135538790375" lon="123.57748039998114">
        <ele>56</ele>
        <time>2026-09-05T04:20:39Z</time>
      </trkpt>
      <trkpt lat="41.813447596505284" lon="123.57737084850669">
        <ele>56</ele>
        <time>2026-09-05T04:20:41Z</time>
      </trkpt>
      <trkpt lat="41.813339134678245" lon="123.57726179994643">
        <ele>56.2</ele>
        <time>2026-09-05T04:20:43Z</time>
      </trkpt>
      <trkpt lat="41.81323008611798" lon="123.57715476304293">
        <ele>56.4</ele>
        <time>2026-09-05T04:20:45Z</time>
      </trkpt>
      <trkpt lat="41.81310536339879" lon="123.57700849883258">
        <ele>56.6</ele>
        <time>2026-09-05T04:20:48Z</time>
      </trkpt>
      <trkpt lat="41.812990279868245" lon="123.57685150578618">
        <ele>56.6</ele>
        <time>2026-09-05T04:20:50Z</time>
      </trkpt>
      <trkpt lat="41.812907215207815" lon="123.57670960016549">
        <ele>56.8</ele>
        <time>2026-09-05T04:20:52Z</time>
      </trkpt>
      <trkpt lat="41.8128352984786" lon="123.57658085413277">
        <ele>56.8</ele>
        <time>2026-09-05T04:20:54Z</time>
      </trkpt>
      <trkpt lat="41.81276338174939" lon="123.57646107673645">
        <ele>57</ele>
        <time>2026-09-05T04:20:56Z</time>
      </trkpt>
      <trkpt lat="41.81269431486726" lon="123.5763430595398">
        <ele>57</ele>
        <time>2026-09-05T04:20:58Z</time>
      </trkpt>
      <trkpt lat="41.81262709200382" lon="123.57622629962862">
        <ele>57</ele>
        <time>2026-09-05T04:21:00Z</time>
      </trkpt>
      <trkpt lat="41.812564730644226" lon="123.57610509730875">
        <ele>57</ele>
        <time>2026-09-05T04:21:02Z</time>
      </trkpt>
      <trkpt lat="41.81250127963722" lon="123.57598121277988">
        <ele>57</ele>
        <time>2026-09-05T04:21:04Z</time>
      </trkpt>
      <trkpt lat="41.81243380531669" lon="123.5758612677455">
        <ele>57.2</ele>
        <time>2026-09-05T04:21:06Z</time>
      </trkpt>
      <trkpt lat="41.81236515752971" lon="123.57574325054884">
        <ele>57.2</ele>
        <time>2026-09-05T04:21:08Z</time>
      </trkpt>
      <trkpt lat="41.81229709647596" lon="123.57562146149576">
        <ele>57.2</ele>
        <time>2026-09-05T04:21:10Z</time>
      </trkpt>
      <trkpt lat="41.81222861632705" lon="123.57549824751914">
        <ele>57.2</ele>
        <time>2026-09-05T04:21:12Z</time>
      </trkpt>
      <trkpt lat="41.81216038763523" lon="123.57537511736155">
        <ele>57.2</ele>
        <time>2026-09-05T04:21:14Z</time>
      </trkpt>
      <trkpt lat="41.812091069296" lon="123.5752550046891">
        <ele>57.2</ele>
        <time>2026-09-05T04:21:16Z</time>
      </trkpt>
      <trkpt lat="41.81201831437647" lon="123.57513966970146">
        <ele>57.2</ele>
        <time>2026-09-05T04:21:18Z</time>
      </trkpt>
      <trkpt lat="41.81194128468633" lon="123.57503095641732">
        <ele>57.2</ele>
        <time>2026-09-05T04:21:20Z</time>
      </trkpt>
      <trkpt lat="41.81185537017882" lon="123.57493506744504">
        <ele>57.2</ele>
        <time>2026-09-05T04:21:22Z</time>
      </trkpt>
      <trkpt lat="41.811757972463965" lon="123.57486239634454">
        <ele>57.2</ele>
        <time>2026-09-05T04:21:24Z</time>
      </trkpt>
      <trkpt lat="41.811655880883336" lon="123.57480112463236">
        <ele>57</ele>
        <time>2026-09-05T04:21:26Z</time>
      </trkpt>
      <trkpt lat="41.81155161000788" lon="123.57474722899497">
        <ele>56.6</ele>
        <time>2026-09-05T04:21:28Z</time>
      </trkpt>
      <trkpt lat="41.811453960835934" lon="123.57469316571951">
        <ele>56.2</ele>
        <time>2026-09-05T04:21:30Z</time>
      </trkpt>
      <trkpt lat="41.81137265637517" lon="123.57463239692152">
        <ele>56</ele>
        <time>2026-09-05T04:21:32Z</time>
      </trkpt>
      <trkpt lat="41.811310797929764" lon="123.57456877827644">
        <ele>55.8</ele>
        <time>2026-09-05T04:21:34Z</time>
      </trkpt>
      <trkpt lat="41.81125296279788" lon="123.5745126195252">
        <ele>55.6</ele>
        <time>2026-09-05T04:21:36Z</time>
      </trkpt>
      <trkpt lat="41.811193618923426" lon="123.57444422319531">
        <ele>55.4</ele>
        <time>2026-09-05T04:21:38Z</time>
      </trkpt>
      <trkpt lat="41.81114978156984" lon="123.57434892095625">
        <ele>55.2</ele>
        <time>2026-09-05T04:21:40Z</time>
      </trkpt>
      <trkpt lat="41.81112346239388" lon="123.5742412135005">
        <ele>55</ele>
        <time>2026-09-05T04:21:42Z</time>
      </trkpt>
      <trkpt lat="41.81110485456884" lon="123.57413618825376">
        <ele>55</ele>
        <time>2026-09-05T04:21:44Z</time>
      </trkpt>
      <trkpt lat="41.81108389981091" lon="123.5740424785763">
        <ele>55.2</ele>
        <time>2026-09-05T04:21:46Z</time>
      </trkpt>
      <trkpt lat="41.8110585026443" lon="123.57395941391587">
        <ele>55.2</ele>
        <time>2026-09-05T04:21:48Z</time>
      </trkpt>
      <trkpt lat="41.81102329865098" lon="123.57389822602272">
        <ele>55.4</ele>
        <time>2026-09-05T04:21:50Z</time>
      </trkpt>
      <trkpt lat="41.81096797809005" lon="123.57384122908115">
        <ele>55.4</ele>
        <time>2026-09-05T04:21:52Z</time>
      </trkpt>
      <trkpt lat="41.81091190315783" lon="123.57377467676997">
        <ele>55.4</ele>
        <time>2026-09-05T04:21:54Z</time>
      </trkpt>
      <trkpt lat="41.8108563311398" lon="123.57370317913592">
        <ele>55.4</ele>
        <time>2026-09-05T04:21:56Z</time>
      </trkpt>
      <trkpt lat="41.8108185287565" lon="123.57362765818834">
        <ele>55.6</ele>
        <time>2026-09-05T04:21:58Z</time>
      </trkpt>
      <trkpt lat="41.810804195702076" lon="123.57352875173092">
        <ele>55.6</ele>
        <time>2026-09-05T04:22:00Z</time>
      </trkpt>
      <trkpt lat="41.81081282906234" lon="123.57341894879937">
        <ele>55.6</ele>
        <time>2026-09-05T04:22:02Z</time>
      </trkpt>
      <trkpt lat="41.81082632392645" lon="123.57332222163677">
        <ele>55.8</ele>
        <time>2026-09-05T04:22:04Z</time>
      </trkpt>
      <trkpt lat="41.810844764113426" lon="123.57322138734162">
        <ele>55.8</ele>
        <time>2026-09-05T04:22:06Z</time>
      </trkpt>
      <trkpt lat="41.810864713042974" lon="123.5731172002852">
        <ele>56</ele>
        <time>2026-09-05T04:22:08Z</time>
      </trkpt>
      <trkpt lat="41.81087929755449" lon="123.5730085708201">
        <ele>56.2</ele>
        <time>2026-09-05T04:22:10Z</time>
      </trkpt>
      <trkpt lat="41.810887176543474" lon="123.57290505431592">
        <ele>56.2</ele>
        <time>2026-09-05T04:22:12Z</time>
      </trkpt>
      <trkpt lat="41.810900419950485" lon="123.57281494885683">
        <ele>56.4</ele>
        <time>2026-09-05T04:22:14Z</time>
      </trkpt>
      <trkpt lat="41.81090863421559" lon="123.57273247092962">
        <ele>56.6</ele>
        <time>2026-09-05T04:22:16Z</time>
      </trkpt>
      <trkpt lat="41.81091450154781" lon="123.57265317812562">
        <ele>56.6</ele>
        <time>2026-09-05T04:22:18Z</time>
      </trkpt>
      <trkpt lat="41.810914082452655" lon="123.57257405295968">
        <ele>56.8</ele>
        <time>2026-09-05T04:22:20Z</time>
      </trkpt>
      <trkpt lat="41.81090008467436" lon="123.57249400578439">
        <ele>56.8</ele>
        <time>2026-09-05T04:22:22Z</time>
      </trkpt>
      <trkpt lat="41.81087711825967" lon="123.57241152785718">
        <ele>56.8</ele>
        <time>2026-09-05T04:22:24Z</time>
      </trkpt>
      <trkpt lat="41.810850128531456" lon="123.57233181595802">
        <ele>57</ele>
        <time>2026-09-05T04:22:26Z</time>
      </trkpt>
      <trkpt lat="41.810830431059" lon="123.57225369662046">
        <ele>57</ele>
        <time>2026-09-05T04:22:28Z</time>
      </trkpt>
      <trkpt lat="41.810827581211925" lon="123.57216468080878">
        <ele>57</ele>
        <time>2026-09-05T04:22:30Z</time>
      </trkpt>
      <trkpt lat="41.81082749739289" lon="123.57207021676004">
        <ele>57</ele>
        <time>2026-09-05T04:22:32Z</time>
      </trkpt>
      <trkpt lat="41.810811990872025" lon="123.57198547571898">
        <ele>57</ele>
        <time>2026-09-05T04:22:34Z</time>
      </trkpt>
      <trkpt lat="41.81079547852278" lon="123.57193761505187">
        <ele>57</ele>
        <time>2026-09-05T04:22:36Z</time>
      </trkpt>
      <trkpt lat="41.81079229339957" lon="123.57193275354803">
        <ele>57</ele>
        <time>2026-09-05T04:22:38Z</time>
      </trkpt>
      <trkpt lat="41.81076027452946" lon="123.57196426950395">
        <ele>57</ele>
        <time>2026-09-05T04:26:04Z</time>
      </trkpt>
      <trkpt lat="41.81075591593981" lon="123.57195379212499">
        <ele>57</ele>
        <time>2026-09-05T04:26:06Z</time>
      </trkpt>
      <trkpt lat="41.81074468418956" lon="123.5719257965684">
        <ele>57.2</ele>
        <time>2026-09-05T04:26:08Z</time>
      </trkpt>
      <trkpt lat="41.81072532199323" lon="123.57189134694636">
        <ele>57.2</ele>
        <time>2026-09-05T04:26:10Z</time>
      </trkpt>
      <trkpt lat="41.81069388985634" lon="123.57185136526823">
        <ele>57.4</ele>
        <time>2026-09-05T04:26:12Z</time>
      </trkpt>
      <trkpt lat="41.81065080687404" lon="123.57180912047625">
        <ele>57.4</ele>
        <time>2026-09-05T04:26:14Z</time>
      </trkpt>
      <trkpt lat="41.81060152128339" lon="123.57175757177174">
        <ele>57.6</ele>
        <time>2026-09-05T04:26:16Z</time>
      </trkpt>
      <trkpt lat="41.81055072695017" lon="123.57169646769762">
        <ele>57.8</ele>
        <time>2026-09-05T04:26:18Z</time>
      </trkpt>
      <trkpt lat="41.81049808859825" lon="123.57162832282484">
        <ele>58</ele>
        <time>2026-09-05T04:26:20Z</time>
      </trkpt>
      <trkpt lat="41.810445031151175" lon="123.5715542268008">
        <ele>58</ele>
        <time>2026-09-05T04:26:22Z</time>
      </trkpt>
      <trkpt lat="41.81038451381028" lon="123.57146445661783">
        <ele>58</ele>
        <time>2026-09-05T04:26:24Z</time>
      </trkpt>
      <trkpt lat="41.810327265411615" lon="123.57138055376709">
        <ele>58.2</ele>
        <time>2026-09-05T04:26:26Z</time>
      </trkpt>
      <trkpt lat="41.81028258986771" lon="123.57130947522819">
        <ele>58.2</ele>
        <time>2026-09-05T04:26:28Z</time>
      </trkpt>
      <trkpt lat="41.81021670810878" lon="123.57118508778512">
        <ele>58.2</ele>
        <time>2026-09-05T04:26:30Z</time>
      </trkpt>
      <trkpt lat="41.81016867980361" lon="123.57109825126827">
        <ele>58.2</ele>
        <time>2026-09-05T04:26:32Z</time>
      </trkpt>
      <trkpt lat="41.81013020686805" lon="123.57103580608964">
        <ele>58.2</ele>
        <time>2026-09-05T04:26:34Z</time>
      </trkpt>
      <trkpt lat="41.810076059773564" lon="123.57095919549465">
        <ele>58.2</ele>
        <time>2026-09-05T04:26:36Z</time>
      </trkpt>
      <trkpt lat="41.810013530775905" lon="123.57087654992938">
        <ele>58.2</ele>
        <time>2026-09-05T04:26:38Z</time>
      </trkpt>
      <trkpt lat="41.80994865484536" lon="123.57078820466995">
        <ele>58.2</ele>
        <time>2026-09-05T04:26:40Z</time>
      </trkpt>
      <trkpt lat="41.80988319218159" lon="123.5706960875541">
        <ele>58.2</ele>
        <time>2026-09-05T04:26:42Z</time>
      </trkpt>
      <trkpt lat="41.80981890298426" lon="123.57060329988599">
        <ele>58.2</ele>
        <time>2026-09-05T04:26:44Z</time>
      </trkpt>
      <trkpt lat="41.809754613786936" lon="123.5705126915127">
        <ele>58.2</ele>
        <time>2026-09-05T04:26:46Z</time>
      </trkpt>
      <trkpt lat="41.809692503884435" lon="123.57042166404426">
        <ele>58.2</ele>
        <time>2026-09-05T04:26:48Z</time>
      </trkpt>
      <trkpt lat="41.809630980715156" lon="123.57032627798617">
        <ele>58.4</ele>
        <time>2026-09-05T04:26:50Z</time>
      </trkpt>
      <trkpt lat="41.80956970900297" lon="123.57022787444293">
        <ele>58.4</ele>
        <time>2026-09-05T04:26:52Z</time>
      </trkpt>
      <trkpt lat="41.8095079343766" lon="123.57012871652842">
        <ele>58.2</ele>
        <time>2026-09-05T04:26:54Z</time>
      </trkpt>
      <trkpt lat="41.80944699794054" lon="123.57002628967166">
        <ele>58.2</ele>
        <time>2026-09-05T04:26:56Z</time>
      </trkpt>
      <trkpt lat="41.80938782170415" lon="123.56992327608168">
        <ele>58.2</ele>
        <time>2026-09-05T04:26:58Z</time>
      </trkpt>
      <trkpt lat="41.809322694316506" lon="123.56982311233878">
        <ele>58.2</ele>
        <time>2026-09-05T04:27:00Z</time>
      </trkpt>
      <trkpt lat="41.809253711253405" lon="123.56972445733845">
        <ele>58.2</ele>
        <time>2026-09-05T04:27:02Z</time>
      </trkpt>
      <trkpt lat="41.80918280035257" lon="123.56962630525231">
        <ele>58.2</ele>
        <time>2026-09-05T04:27:04Z</time>
      </trkpt>
      <trkpt lat="41.80911121889949" lon="123.56953100301325">
        <ele>58.2</ele>
        <time>2026-09-05T04:27:06Z</time>
      </trkpt>
      <trkpt lat="41.809043157845736" lon="123.56943796388805">
        <ele>58.2</ele>
        <time>2026-09-05T04:27:08Z</time>
      </trkpt>
      <trkpt lat="41.80897652171552" lon="123.56934341602027">
        <ele>58.2</ele>
        <time>2026-09-05T04:27:10Z</time>
      </trkpt>
      <trkpt lat="41.80890963412821" lon="123.56924735940993">
        <ele>58.2</ele>
        <time>2026-09-05T04:27:12Z</time>
      </trkpt>
      <trkpt lat="41.80884098634124" lon="123.56914962641895">
        <ele>58.2</ele>
        <time>2026-09-05T04:27:14Z</time>
      </trkpt>
      <trkpt lat="41.808769991621375" lon="123.5690498817712">
        <ele>58</ele>
        <time>2026-09-05T04:27:16Z</time>
      </trkpt>
      <trkpt lat="41.808686004951596" lon="123.56892557814717">
        <ele>58</ele>
        <time>2026-09-05T04:27:19Z</time>
      </trkpt>
      <trkpt lat="41.808604868128896" lon="123.56880052015185">
        <ele>58</ele>
        <time>2026-09-05T04:27:21Z</time>
      </trkpt>
      <trkpt lat="41.808538902550936" lon="123.56869641691446">
        <ele>58</ele>
        <time>2026-09-05T04:27:23Z</time>
      </trkpt>
      <trkpt lat="41.808480229228735" lon="123.56860681436956">
        <ele>58</ele>
        <time>2026-09-05T04:27:25Z</time>
      </trkpt>
      <trkpt lat="41.80800070054829" lon="123.56795998290181">
        <ele>58.2</ele>
        <time>2026-09-05T04:28:32Z</time>
      </trkpt>
      <trkpt lat="41.80793942883611" lon="123.56787331402302">
        <ele>58</ele>
        <time>2026-09-05T04:28:34Z</time>
      </trkpt>
      <trkpt lat="41.80788008496165" lon="123.56778781861067">
        <ele>58</ele>
        <time>2026-09-05T04:28:36Z</time>
      </trkpt>
      <trkpt lat="41.80782216601074" lon="123.56770089827478">
        <ele>58</ele>
        <time>2026-09-05T04:28:38Z</time>
      </trkpt>
      <trkpt lat="41.80775913409889" lon="123.56761205010116">
        <ele>58</ele>
        <time>2026-09-05T04:28:40Z</time>
      </trkpt>
      <trkpt lat="41.80769233033061" lon="123.56751968152821">
        <ele>58.2</ele>
        <time>2026-09-05T04:28:42Z</time>
      </trkpt>
      <trkpt lat="41.80762619711459" lon="123.56742815114558">
        <ele>58.2</ele>
        <time>2026-09-05T04:28:44Z</time>
      </trkpt>
      <trkpt lat="41.807553358376026" lon="123.56732471846044">
        <ele>58.2</ele>
        <time>2026-09-05T04:28:46Z</time>
      </trkpt>
      <trkpt lat="41.80747792124748" lon="123.56722245924175">
        <ele>58.2</ele>
        <time>2026-09-05T04:28:48Z</time>
      </trkpt>
      <trkpt lat="41.807365687564015" lon="123.56707267463207">
        <ele>58.2</ele>
        <time>2026-09-05T04:28:50Z</time>
      </trkpt>
      <trkpt lat="41.80729209445417" lon="123.56697745621204">
        <ele>58.4</ele>
        <time>2026-09-05T04:28:52Z</time>
      </trkpt>
      <trkpt lat="41.80722713470459" lon="123.5669022705406">
        <ele>58.4</ele>
        <time>2026-09-05T04:28:54Z</time>
      </trkpt>
      <trkpt lat="41.80714700371027" lon="123.56681300327182">
        <ele>58.4</ele>
        <time>2026-09-05T04:28:56Z</time>
      </trkpt>
      <trkpt lat="41.80705949664116" lon="123.56671216897666">
        <ele>58.4</ele>
        <time>2026-09-05T04:28:58Z</time>
      </trkpt>
      <trkpt lat="41.80696830153465" lon="123.56661242432892">
        <ele>58.2</ele>
        <time>2026-09-05T04:29:00Z</time>
      </trkpt>
      <trkpt lat="41.80687978863716" lon="123.56651712208986">
        <ele>58.2</ele>
        <time>2026-09-05T04:29:02Z</time>
      </trkpt>
      <trkpt lat="41.80679462850094" lon="123.5664218198508">
        <ele>58.2</ele>
        <time>2026-09-05T04:29:04Z</time>
      </trkpt>
      <trkpt lat="41.806709384545684" lon="123.5663235001266">
        <ele>58.2</ele>
        <time>2026-09-05T04:29:06Z</time>
      </trkpt>
      <trkpt lat="41.80662120692432" lon="123.56622342020273">
        <ele>58.2</ele>
        <time>2026-09-05T04:29:08Z</time>
      </trkpt>
      <trkpt lat="41.80653227493167" lon="123.56612107716501">
        <ele>58.2</ele>
        <time>2026-09-05T04:29:10Z</time>
      </trkpt>
      <trkpt lat="41.80644627660513" lon="123.56601596809924">
        <ele>58.2</ele>
        <time>2026-09-05T04:29:12Z</time>
      </trkpt>
      <trkpt lat="41.80635843425989" lon="123.56591320596635">
        <ele>58.2</ele>
        <time>2026-09-05T04:29:14Z</time>
      </trkpt>
      <trkpt lat="41.8062683288008" lon="123.56581505388021">
        <ele>58.2</ele>
        <time>2026-09-05T04:29:16Z</time>
      </trkpt>
      <trkpt lat="41.806177301332355" lon="123.56572142802179">
        <ele>58.2</ele>
        <time>2026-09-05T04:29:18Z</time>
      </trkpt>
      <trkpt lat="41.80608375929296" lon="123.56563325040042">
        <ele>58.2</ele>
        <time>2026-09-05T04:29:20Z</time>
      </trkpt>
      <trkpt lat="41.805964317172766" lon="123.56552277691662">
        <ele>58</ele>
        <time>2026-09-05T04:29:22Z</time>
      </trkpt>
      <trkpt lat="41.80584269575775" lon="123.5654114652425">
        <ele>58</ele>
        <time>2026-09-05T04:29:25Z</time>
      </trkpt>
      <trkpt lat="41.80576499551535" lon="123.56534315273166">
        <ele>58</ele>
        <time>2026-09-05T04:29:27Z</time>
      </trkpt>
      <trkpt lat="41.80566851980984" lon="123.56526494957507">
        <ele>58</ele>
        <time>2026-09-05T04:29:29Z</time>
      </trkpt>
      <trkpt lat="41.805553855374455" lon="123.56516889296472">
        <ele>58</ele>
        <time>2026-09-05T04:29:31Z</time>
      </trkpt>
      <trkpt lat="41.8054564576596" lon="123.56507711112499">
        <ele>58</ele>
        <time>2026-09-05T04:29:33Z</time>
      </trkpt>
      <trkpt lat="41.805403316393495" lon="123.56502388603985">
        <ele>57.8</ele>
        <time>2026-09-05T04:29:35Z</time>
      </trkpt>
      <trkpt lat="41.80530591867864" lon="123.56493118219078">
        <ele>57.8</ele>
        <time>2026-09-05T04:29:37Z</time>
      </trkpt>
      <trkpt lat="41.80517189204693" lon="123.56481148861349">
        <ele>57.8</ele>
        <time>2026-09-05T04:29:39Z</time>
      </trkpt>
      <trkpt lat="41.80507751181722" lon="123.56472121551633">
        <ele>57.8</ele>
        <time>2026-09-05T04:29:41Z</time>
      </trkpt>
      <trkpt lat="41.80498472414911" lon="123.5646328702569">
        <ele>57.8</ele>
        <time>2026-09-05T04:29:43Z</time>
      </trkpt>
      <trkpt lat="41.80489361286163" lon="123.56454226188362">
        <ele>57.8</ele>
        <time>2026-09-05T04:29:45Z</time>
      </trkpt>
      <trkpt lat="41.804757323116064" lon="123.56441452167928">
        <ele>57.6</ele>
        <time>2026-09-05T04:29:47Z</time>
      </trkpt>
      <trkpt lat="41.80466126650572" lon="123.5643286909908">
        <ele>57.4</ele>
        <time>2026-09-05T04:29:49Z</time>
      </trkpt>
      <trkpt lat="41.80454618297517" lon="123.5642324667424">
        <ele>57.4</ele>
        <time>2026-09-05T04:29:51Z</time>
      </trkpt>
      <trkpt lat="41.80448331870139" lon="123.56418427079916">
        <ele>57.4</ele>
        <time>2026-09-05T04:29:53Z</time>
      </trkpt>
      <trkpt lat="41.80439371615648" lon="123.56411755084991">
        <ele>57.4</ele>
        <time>2026-09-05T04:29:55Z</time>
      </trkpt>
      <trkpt lat="41.8042978271842" lon="123.5640353243798">
        <ele>57.2</ele>
        <time>2026-09-05T04:29:57Z</time>
      </trkpt>
      <trkpt lat="41.80420160293579" lon="123.56394479982555">
        <ele>57.2</ele>
        <time>2026-09-05T04:29:59Z</time>
      </trkpt>
      <trkpt lat="41.80410688742995" lon="123.56385167688131">
        <ele>57.2</ele>
        <time>2026-09-05T04:30:01Z</time>
      </trkpt>
      <trkpt lat="41.80401787161827" lon="123.56375260278583">
        <ele>57.2</ele>
        <time>2026-09-05T04:30:03Z</time>
      </trkpt>
      <trkpt lat="41.803934974595904" lon="123.56364791281521">
        <ele>57.2</ele>
        <time>2026-09-05T04:30:05Z</time>
      </trkpt>
      <trkpt lat="41.80385232903063" lon="123.56354515068233">
        <ele>57</ele>
        <time>2026-09-05T04:30:07Z</time>
      </trkpt>
      <trkpt lat="41.80376566015184" lon="123.5634496808052">
        <ele>57</ele>
        <time>2026-09-05T04:30:09Z</time>
      </trkpt>
      <trkpt lat="41.803676057606936" lon="123.56335890479386">
        <ele>57</ele>
        <time>2026-09-05T04:30:11Z</time>
      </trkpt>
      <trkpt lat="41.80358838289976" lon="123.56326695531607">
        <ele>57</ele>
        <time>2026-09-05T04:30:13Z</time>
      </trkpt>
      <trkpt lat="41.80350632406771" lon="123.56316746212542">
        <ele>57</ele>
        <time>2026-09-05T04:30:15Z</time>
      </trkpt>
      <trkpt lat="41.80342426523566" lon="123.56306201778352">
        <ele>57</ele>
        <time>2026-09-05T04:30:17Z</time>
      </trkpt>
      <trkpt lat="41.8033395241946" lon="123.56295774690807">
        <ele>57</ele>
        <time>2026-09-05T04:30:19Z</time>
      </trkpt>
      <trkpt lat="41.803252436220646" lon="123.56285640969872">
        <ele>57</ele>
        <time>2026-09-05T04:30:21Z</time>
      </trkpt>
      <trkpt lat="41.80316409096122" lon="123.56275850906968">
        <ele>57</ele>
        <time>2026-09-05T04:30:23Z</time>
      </trkpt>
      <trkpt lat="41.80307490751147" lon="123.56266228482127">
        <ele>57</ele>
        <time>2026-09-05T04:30:25Z</time>
      </trkpt>
      <trkpt lat="41.80298203602433" lon="123.5625658929348">
        <ele>56.8</ele>
        <time>2026-09-05T04:30:27Z</time>
      </trkpt>
      <trkpt lat="41.802884386852384" lon="123.56247679330409">
        <ele>57</ele>
        <time>2026-09-05T04:30:29Z</time>
      </trkpt>
      <trkpt lat="41.802780870348215" lon="123.56241652742028">
        <ele>57</ele>
        <time>2026-09-05T04:30:31Z</time>
      </trkpt>
      <trkpt lat="41.80267400108278" lon="123.56237889267504">
        <ele>56.8</ele>
        <time>2026-09-05T04:30:33Z</time>
      </trkpt>
      <trkpt lat="41.8025709874928" lon="123.56234637089074">
        <ele>56.8</ele>
        <time>2026-09-05T04:30:35Z</time>
      </trkpt>
      <trkpt lat="41.80247032083571" lon="123.56231150217354">
        <ele>56.8</ele>
        <time>2026-09-05T04:30:37Z</time>
      </trkpt>
      <trkpt lat="41.80236462503672" lon="123.56227688491344">
        <ele>56.6</ele>
        <time>2026-09-05T04:30:39Z</time>
      </trkpt>
      <trkpt lat="41.802257001399994" lon="123.562236065045">
        <ele>56.6</ele>
        <time>2026-09-05T04:30:41Z</time>
      </trkpt>
      <trkpt lat="41.80215239524841" lon="123.56218091212213">
        <ele>56.4</ele>
        <time>2026-09-05T04:30:43Z</time>
      </trkpt>
      <trkpt lat="41.802053321152925" lon="123.56210664846003">
        <ele>56.4</ele>
        <time>2026-09-05T04:30:45Z</time>
      </trkpt>
      <trkpt lat="41.80196011438966" lon="123.56201612390578">
        <ele>56.4</ele>
        <time>2026-09-05T04:30:47Z</time>
      </trkpt>
      <trkpt lat="41.80187470279634" lon="123.56191135011613">
        <ele>56.4</ele>
        <time>2026-09-05T04:30:49Z</time>
      </trkpt>
      <trkpt lat="41.80179708637297" lon="123.56180381029844">
        <ele>56.4</ele>
        <time>2026-09-05T04:30:51Z</time>
      </trkpt>
      <trkpt lat="41.801718128845096" lon="123.56169576756656">
        <ele>56.4</ele>
        <time>2026-09-05T04:30:53Z</time>
      </trkpt>
      <trkpt lat="41.80163967423141" lon="123.56158881448209">
        <ele>56.4</ele>
        <time>2026-09-05T04:30:55Z</time>
      </trkpt>
      <trkpt lat="41.80156541056931" lon="123.56147867627442">
        <ele>56.4</ele>
        <time>2026-09-05T04:30:57Z</time>
      </trkpt>
      <trkpt lat="41.80148427374661" lon="123.56137189082801">
        <ele>56.4</ele>
        <time>2026-09-05T04:30:59Z</time>
      </trkpt>
      <trkpt lat="41.8013949226588" lon="123.56127306818962">
        <ele>56.4</ele>
        <time>2026-09-05T04:31:01Z</time>
      </trkpt>
      <trkpt lat="41.8013034760952" lon="123.56117927469313">
        <ele>56.4</ele>
        <time>2026-09-05T04:31:03Z</time>
      </trkpt>
      <trkpt lat="41.801214795559645" lon="123.56108807958663">
        <ele>56.6</ele>
        <time>2026-09-05T04:31:05Z</time>
      </trkpt>
      <trkpt lat="41.801129719242454" lon="123.56099721975625">
        <ele>56.6</ele>
        <time>2026-09-05T04:31:07Z</time>
      </trkpt>
      <trkpt lat="41.801046654582024" lon="123.56090887449682">
        <ele>56.6</ele>
        <time>2026-09-05T04:31:09Z</time>
      </trkpt>
      <trkpt lat="41.80096618831158" lon="123.56081650592387">
        <ele>56.6</ele>
        <time>2026-09-05T04:31:11Z</time>
      </trkpt>
      <trkpt lat="41.80088823661208" lon="123.56072128750384">
        <ele>56.6</ele>
        <time>2026-09-05T04:31:13Z</time>
      </trkpt>
      <trkpt lat="41.80080961436033" lon="123.56062405742705">
        <ele>56.6</ele>
        <time>2026-09-05T04:31:15Z</time>
      </trkpt>
      <trkpt lat="41.800724705681205" lon="123.56053437106311">
        <ele>56.6</ele>
        <time>2026-09-05T04:31:17Z</time>
      </trkpt>
      <trkpt lat="41.80063443258405" lon="123.56045826338232">
        <ele>56.6</ele>
        <time>2026-09-05T04:31:19Z</time>
      </trkpt>
      <trkpt lat="41.800541980192065" lon="123.56039699167013">
        <ele>56.6</ele>
        <time>2026-09-05T04:31:21Z</time>
      </trkpt>
      <trkpt lat="41.800414407625794" lon="123.56030831113458">
        <ele>56.6</ele>
        <time>2026-09-05T04:31:24Z</time>
      </trkpt>
      <trkpt lat="41.80032220669091" lon="123.56022289954126">
        <ele>56.6</ele>
        <time>2026-09-05T04:31:26Z</time>
      </trkpt>
      <trkpt lat="41.800251295790076" lon="123.56012592092156">
        <ele>56.6</ele>
        <time>2026-09-05T04:31:28Z</time>
      </trkpt>
      <trkpt lat="41.800188180059195" lon="123.56000689789653">
        <ele>56.6</ele>
        <time>2026-09-05T04:31:30Z</time>
      </trkpt>
      <trkpt lat="41.80013478733599" lon="123.55988007970154">
        <ele>56.6</ele>
        <time>2026-09-05T04:31:32Z</time>
      </trkpt>
      <trkpt lat="41.80008969269693" lon="123.55975275859237">
        <ele>56.6</ele>
        <time>2026-09-05T04:31:34Z</time>
      </trkpt>
      <trkpt lat="41.800042167305946" lon="123.55962870642543">
        <ele>56.8</ele>
        <time>2026-09-05T04:31:36Z</time>
      </trkpt>
      <trkpt lat="41.79998852312565" lon="123.55950348079205">
        <ele>56.6</ele>
        <time>2026-09-05T04:31:38Z</time>
      </trkpt>
      <trkpt lat="41.7999289277941" lon="123.55937666259706">
        <ele>56.6</ele>
        <time>2026-09-05T04:31:40Z</time>
      </trkpt>
      <trkpt lat="41.79986782371998" lon="123.55925328098238">
        <ele>56.6</ele>
        <time>2026-09-05T04:31:42Z</time>
      </trkpt>
      <trkpt lat="41.799812000244856" lon="123.55913090519607">
        <ele>56.6</ele>
        <time>2026-09-05T04:31:44Z</time>
      </trkpt>
      <trkpt lat="41.79976489394903" lon="123.5589967109263">
        <ele>56.6</ele>
        <time>2026-09-05T04:31:46Z</time>
      </trkpt>
      <trkpt lat="41.799714686349034" lon="123.55886310338974">
        <ele>56.6</ele>
        <time>2026-09-05T04:31:48Z</time>
      </trkpt>
      <trkpt lat="41.79964595474303" lon="123.558747516945">
        <ele>56.6</ele>
        <time>2026-09-05T04:31:50Z</time>
      </trkpt>
      <trkpt lat="41.79956498555839" lon="123.5586460120976">
        <ele>56.6</ele>
        <time>2026-09-05T04:31:52Z</time>
      </trkpt>
      <trkpt lat="41.79949197918177" lon="123.55854115448892">
        <ele>56.6</ele>
        <time>2026-09-05T04:31:54Z</time>
      </trkpt>
      <trkpt lat="41.79943758063018" lon="123.5584232211113">
        <ele>56.6</ele>
        <time>2026-09-05T04:31:56Z</time>
      </trkpt>
      <trkpt lat="41.79939776659012" lon="123.55829061940312">
        <ele>56.6</ele>
        <time>2026-09-05T04:31:58Z</time>
      </trkpt>
      <trkpt lat="41.79936708882451" lon="123.5581896174699">
        <ele>56.6</ele>
        <time>2026-09-05T04:32:00Z</time>
      </trkpt>
      <trkpt lat="41.79930497892201" lon="123.55803220532835">
        <ele>56.6</ele>
        <time>2026-09-05T04:32:02Z</time>
      </trkpt>
      <trkpt lat="41.799239264801145" lon="123.55788971297443">
        <ele>56.6</ele>
        <time>2026-09-05T04:32:04Z</time>
      </trkpt>
      <trkpt lat="41.79918637499213" lon="123.55775241740048">
        <ele>56.6</ele>
        <time>2026-09-05T04:32:06Z</time>
      </trkpt>
      <trkpt lat="41.79913583211601" lon="123.55761218816042">
        <ele>56.6</ele>
        <time>2026-09-05T04:32:08Z</time>
      </trkpt>
      <trkpt lat="41.799077661708" lon="123.55748117901385">
        <ele>56.6</ele>
        <time>2026-09-05T04:32:10Z</time>
      </trkpt>
      <trkpt lat="41.799016976729035" lon="123.55735871940851">
        <ele>56.8</ele>
        <time>2026-09-05T04:32:12Z</time>
      </trkpt>
      <trkpt lat="41.79894983768463" lon="123.55724925175309">
        <ele>56.8</ele>
        <time>2026-09-05T04:32:14Z</time>
      </trkpt>
      <trkpt lat="41.79887171834707" lon="123.55716425925493">
        <ele>56.6</ele>
        <time>2026-09-05T04:32:16Z</time>
      </trkpt>
      <trkpt lat="41.79882385767996" lon="123.55711639858782">
        <ele>56.6</ele>
        <time>2026-09-05T04:32:18Z</time>
      </trkpt>
      <trkpt lat="41.79874079301953" lon="123.55700357817113">
        <ele>56.4</ele>
        <time>2026-09-05T04:32:20Z</time>
      </trkpt>
      <trkpt lat="41.798664098605514" lon="123.55685228481889">
        <ele>56.4</ele>
        <time>2026-09-05T04:32:22Z</time>
      </trkpt>
      <trkpt lat="41.79860902950168" lon="123.55672010220587">
        <ele>56.4</ele>
        <time>2026-09-05T04:32:24Z</time>
      </trkpt>
      <trkpt lat="41.798578687012196" lon="123.55659864842892">
        <ele>56.2</ele>
        <time>2026-09-05T04:32:26Z</time>
      </trkpt>
      <trkpt lat="41.79857583716512" lon="123.55649186298251">
        <ele>56.2</ele>
        <time>2026-09-05T04:32:28Z</time>
      </trkpt>
      <trkpt lat="41.798615818843246" lon="123.55636646971107">
        <ele>56.2</ele>
        <time>2026-09-05T04:32:30Z</time>
      </trkpt>
      <trkpt lat="41.79868438281119" lon="123.55624082498252">
        <ele>56.4</ele>
        <time>2026-09-05T04:32:32Z</time>
      </trkpt>
      <trkpt lat="41.79878027178347" lon="123.55610772036016">
        <ele>56.4</ele>
        <time>2026-09-05T04:32:34Z</time>
      </trkpt>
      <trkpt lat="41.79886911995709" lon="123.55599816888571">
        <ele>56.6</ele>
        <time>2026-09-05T04:32:36Z</time>
      </trkpt>
      <trkpt lat="41.798916729167104" lon="123.55594041757286">
        <ele>56.8</ele>
        <time>2026-09-05T04:32:38Z</time>
      </trkpt>
      <trkpt lat="41.79900289513171" lon="123.55579365044832">
        <ele>57</ele>
        <time>2026-09-05T04:32:40Z</time>
      </trkpt>
      <trkpt lat="41.79906852543354" lon="123.55564906261861">
        <ele>57</ele>
        <time>2026-09-05T04:32:42Z</time>
      </trkpt>
      <trkpt lat="41.79912652820349" lon="123.55550028383732">
        <ele>57</ele>
        <time>2026-09-05T04:32:44Z</time>
      </trkpt>
      <trkpt lat="41.79916625842452" lon="123.55538771487772">
        <ele>57</ele>
        <time>2026-09-05T04:32:46Z</time>
      </trkpt>
      <trkpt lat="41.799223674461246" lon="123.55522158555686">
        <ele>57</ele>
        <time>2026-09-05T04:32:48Z</time>
      </trkpt>
      <trkpt lat="41.79925963282585" lon="123.5551022272557">
        <ele>57</ele>
        <time>2026-09-05T04:32:50Z</time>
      </trkpt>
      <trkpt lat="41.79927748627961" lon="123.5550007224083">
        <ele>56.8</ele>
        <time>2026-09-05T04:32:52Z</time>
      </trkpt>
      <trkpt lat="41.79926340468228" lon="123.55482436716557">
        <ele>56.8</ele>
        <time>2026-09-05T04:32:54Z</time>
      </trkpt>
      <trkpt lat="41.799221662804484" lon="123.55465832166374">
        <ele>56.8</ele>
        <time>2026-09-05T04:32:56Z</time>
      </trkpt>
      <trkpt lat="41.7991656716913" lon="123.55450501665473">
        <ele>56.8</ele>
        <time>2026-09-05T04:32:58Z</time>
      </trkpt>
      <trkpt lat="41.79909685626626" lon="123.55432271026075">
        <ele>56.8</ele>
        <time>2026-09-05T04:33:00Z</time>
      </trkpt>
      <trkpt lat="41.79903097450733" lon="123.554143672809">
        <ele>56.8</ele>
        <time>2026-09-05T04:33:03Z</time>
      </trkpt>
      <trkpt lat="41.798981269821525" lon="123.55399497784674">
        <ele>56.8</ele>
        <time>2026-09-05T04:33:05Z</time>
      </trkpt>
      <trkpt lat="41.798938354477286" lon="123.55385625734925">
        <ele>56.8</ele>
        <time>2026-09-05T04:33:07Z</time>
      </trkpt>
      <trkpt lat="41.7988892365247" lon="123.55372298508883">
        <ele>56.8</ele>
        <time>2026-09-05T04:33:09Z</time>
      </trkpt>
      <trkpt lat="41.79885847494006" lon="123.55364830233157">
        <ele>56.8</ele>
        <time>2026-09-05T04:33:11Z</time>
      </trkpt>
      <trkpt lat="41.798777002841234" lon="123.5534845199436">
        <ele>57</ele>
        <time>2026-09-05T04:33:13Z</time>
      </trkpt>
      <trkpt lat="41.798679856583476" lon="123.55336155742407">
        <ele>57</ele>
        <time>2026-09-05T04:33:15Z</time>
      </trkpt>
      <trkpt lat="41.79856728762388" lon="123.55329349637032">
        <ele>57</ele>
        <time>2026-09-05T04:33:17Z</time>
      </trkpt>
      <trkpt lat="41.79845287464559" lon="123.55325787328184">
        <ele>57</ele>
        <time>2026-09-05T04:33:19Z</time>
      </trkpt>
      <trkpt lat="41.79834097623825" lon="123.55322568677366">
        <ele>57</ele>
        <time>2026-09-05T04:33:21Z</time>
      </trkpt>
      <trkpt lat="41.79823586717248" lon="123.5531787481159">
        <ele>57</ele>
        <time>2026-09-05T04:33:23Z</time>
      </trkpt>
      <trkpt lat="41.798132099211216" lon="123.55312158353627">
        <ele>57</ele>
        <time>2026-09-05T04:33:25Z</time>
      </trkpt>
      <trkpt lat="41.798023637384176" lon="123.55307422578335">
        <ele>57</ele>
        <time>2026-09-05T04:33:27Z</time>
      </trkpt>
      <trkpt lat="41.79790989495814" lon="123.55305117554963">
        <ele>57</ele>
        <time>2026-09-05T04:33:29Z</time>
      </trkpt>
      <trkpt lat="41.797793973237276" lon="123.55304966680706">
        <ele>57</ele>
        <time>2026-09-05T04:33:31Z</time>
      </trkpt>
      <trkpt lat="41.79767930880189" lon="123.55306467041373">
        <ele>57</ele>
        <time>2026-09-05T04:33:33Z</time>
      </trkpt>
      <trkpt lat="41.79756405763328" lon="123.55308562517166">
        <ele>56.8</ele>
        <time>2026-09-05T04:33:35Z</time>
      </trkpt>
      <trkpt lat="41.79744821973145" lon="123.55310456827283">
        <ele>56.8</ele>
        <time>2026-09-05T04:33:37Z</time>
      </trkpt>
      <trkpt lat="41.79733037017286" lon="123.55311856605113">
        <ele>56.6</ele>
        <time>2026-09-05T04:33:39Z</time>
      </trkpt>
      <trkpt lat="41.797242276370525" lon="123.55312208645046">
        <ele>56.6</ele>
        <time>2026-09-05T04:33:41Z</time>
      </trkpt>
      <trkpt lat="41.79716189391911" lon="123.55308688245714">
        <ele>56.4</ele>
        <time>2026-09-05T04:33:43Z</time>
      </trkpt>
      <trkpt lat="41.797045301645994" lon="123.55294715613127">
        <ele>56.2</ele>
        <time>2026-09-05T04:33:45Z</time>
      </trkpt>
      <trkpt lat="41.79696885868907" lon="123.55279041454196">
        <ele>56.2</ele>
        <time>2026-09-05T04:33:47Z</time>
      </trkpt>
      <trkpt lat="41.796907503157854" lon="123.55263719335198">
        <ele>56.2</ele>
        <time>2026-09-05T04:33:49Z</time>
      </trkpt>
      <trkpt lat="41.796845477074385" lon="123.5524966288358">
        <ele>56.2</ele>
        <time>2026-09-05T04:33:51Z</time>
      </trkpt>
      <trkpt lat="41.79678378626704" lon="123.55236260220408">
        <ele>56.4</ele>
        <time>2026-09-05T04:33:53Z</time>
      </trkpt>
      <trkpt lat="41.79671782068908" lon="123.55222932994366">
        <ele>56.2</ele>
        <time>2026-09-05T04:33:55Z</time>
      </trkpt>
      <trkpt lat="41.79664833471179" lon="123.55209697969258">
        <ele>56.2</ele>
        <time>2026-09-05T04:33:57Z</time>
      </trkpt>
      <trkpt lat="41.79657742381096" lon="123.55196496471763">
        <ele>56.2</ele>
        <time>2026-09-05T04:33:59Z</time>
      </trkpt>
      <trkpt lat="41.79650600999594" lon="123.55183202773333">
        <ele>56.2</ele>
        <time>2026-09-05T04:34:01Z</time>
      </trkpt>
      <trkpt lat="41.796434009447694" lon="123.55169707909226">
        <ele>56.2</ele>
        <time>2026-09-05T04:34:03Z</time>
      </trkpt>
      <trkpt lat="41.79638053290546" lon="123.55159599334002">
        <ele>56.2</ele>
        <time>2026-09-05T04:34:05Z</time>
      </trkpt>
      <trkpt lat="41.796346586197615" lon="123.5515291057527">
        <ele>56</ele>
        <time>2026-09-05T04:34:07Z</time>
      </trkpt>
      <trkpt lat="41.79625153541565" lon="123.55134797282517">
        <ele>56</ele>
        <time>2026-09-05T04:34:09Z</time>
      </trkpt>
      <trkpt lat="41.796160005033016" lon="123.55116432532668">
        <ele>56</ele>
        <time>2026-09-05T04:34:11Z</time>
      </trkpt>
      <trkpt lat="41.79608657956123" lon="123.55101806111634">
        <ele>56.2</ele>
        <time>2026-09-05T04:34:13Z</time>
      </trkpt>
      <trkpt lat="41.79601809941232" lon="123.55089099146426">
        <ele>56.2</ele>
        <time>2026-09-05T04:34:15Z</time>
      </trkpt>
      <trkpt lat="41.795952217653394" lon="123.55076576583087">
        <ele>56.4</ele>
        <time>2026-09-05T04:34:17Z</time>
      </trkpt>
      <trkpt lat="41.79588893428445" lon="123.55063886381686">
        <ele>56.4</ele>
        <time>2026-09-05T04:34:19Z</time>
      </trkpt>
      <trkpt lat="41.79583000950515" lon="123.55050911195576">
        <ele>56.4</ele>
        <time>2026-09-05T04:34:21Z</time>
      </trkpt>
      <trkpt lat="41.79577619768679" lon="123.55036770924926">
        <ele>56.2</ele>
        <time>2026-09-05T04:34:23Z</time>
      </trkpt>
      <trkpt lat="41.79571609944105" lon="123.55021432042122">
        <ele>56</ele>
        <time>2026-09-05T04:34:25Z</time>
      </trkpt>
      <trkpt lat="41.79564921185374" lon="123.55005355551839">
        <ele>55.8</ele>
        <time>2026-09-05T04:34:27Z</time>
      </trkpt>
      <trkpt lat="41.79558441974223" lon="123.54989480227232">
        <ele>55.8</ele>
        <time>2026-09-05T04:34:29Z</time>
      </trkpt>
      <trkpt lat="41.795522226020694" lon="123.54973915033042">
        <ele>55.8</ele>
        <time>2026-09-05T04:34:31Z</time>
      </trkpt>
      <trkpt lat="41.79545911028981" lon="123.54958735406399">
        <ele>55.8</ele>
        <time>2026-09-05T04:34:33Z</time>
      </trkpt>
      <trkpt lat="41.7953940667212" lon="123.5494396649301">
        <ele>56</ele>
        <time>2026-09-05T04:34:35Z</time>
      </trkpt>
      <trkpt lat="41.795325921848416" lon="123.54929658584297">
        <ele>56.2</ele>
        <time>2026-09-05T04:34:37Z</time>
      </trkpt>
      <trkpt lat="41.79524486884475" lon="123.54916800744832">
        <ele>56.4</ele>
        <time>2026-09-05T04:34:39Z</time>
      </trkpt>
      <trkpt lat="41.79514629766345" lon="123.5490649100393">
        <ele>56.2</ele>
        <time>2026-09-05T04:34:41Z</time>
      </trkpt>
      <trkpt lat="41.7950333096087" lon="123.5489805880934">
        <ele>56</ele>
        <time>2026-09-05T04:34:43Z</time>
      </trkpt>
      <trkpt lat="41.794912526383996" lon="123.548902887851">
        <ele>55.8</ele>
        <time>2026-09-05T04:34:45Z</time>
      </trkpt>
      <trkpt lat="41.79479040205479" lon="123.54883172549307">
        <ele>55.6</ele>
        <time>2026-09-05T04:34:47Z</time>
      </trkpt>
      <trkpt lat="41.79467020556331" lon="123.54877481237054">
        <ele>55.8</ele>
        <time>2026-09-05T04:34:49Z</time>
      </trkpt>
      <trkpt lat="41.79454137571156" lon="123.5487419553101">
        <ele>55.6</ele>
        <time>2026-09-05T04:34:51Z</time>
      </trkpt>
      <trkpt lat="41.79440567269921" lon="123.54871856980026">
        <ele>55.4</ele>
        <time>2026-09-05T04:34:53Z</time>
      </trkpt>
      <trkpt lat="41.79427441209555" lon="123.54869292117655">
        <ele>55.4</ele>
        <time>2026-09-05T04:34:55Z</time>
      </trkpt>
      <trkpt lat="41.79416083730757" lon="123.54864371940494">
        <ele>55.4</ele>
        <time>2026-09-05T04:34:57Z</time>
      </trkpt>
      <trkpt lat="41.79408489726484" lon="123.5485402867198">
        <ele>55.6</ele>
        <time>2026-09-05T04:34:59Z</time>
      </trkpt>
      <trkpt lat="41.794043155387044" lon="123.54838781990111">
        <ele>55.6</ele>
        <time>2026-09-05T04:35:01Z</time>
      </trkpt>
      <trkpt lat="41.794001162052155" lon="123.54822437278926">
        <ele>55.8</ele>
        <time>2026-09-05T04:35:03Z</time>
      </trkpt>
      <trkpt lat="41.79394190199673" lon="123.54806838557124">
        <ele>55.8</ele>
        <time>2026-09-05T04:35:05Z</time>
      </trkpt>
      <trkpt lat="41.79386721923947" lon="123.54792731814086">
        <ele>55.8</ele>
        <time>2026-09-05T04:35:07Z</time>
      </trkpt>
      <trkpt lat="41.79378189146519" lon="123.54780712164938">
        <ele>55.8</ele>
        <time>2026-09-05T04:35:09Z</time>
      </trkpt>
      <trkpt lat="41.79368516430259" lon="123.5477146692574">
        <ele>55.8</ele>
        <time>2026-09-05T04:35:11Z</time>
      </trkpt>
      <trkpt lat="41.793583407998085" lon="123.54763747192919">
        <ele>55.8</ele>
        <time>2026-09-05T04:35:13Z</time>
      </trkpt>
      <trkpt lat="41.79347435943782" lon="123.54756530374289">
        <ele>55.6</ele>
        <time>2026-09-05T04:35:15Z</time>
      </trkpt>
      <trkpt lat="41.79336036555469" lon="123.54749648831785">
        <ele>55.6</ele>
        <time>2026-09-05T04:35:17Z</time>
      </trkpt>
      <trkpt lat="41.79324243217707" lon="123.54743286967278">
        <ele>55.6</ele>
        <time>2026-09-05T04:35:19Z</time>
      </trkpt>
      <trkpt lat="41.793127935379744" lon="123.54736438952386">
        <ele>55.6</ele>
        <time>2026-09-05T04:35:21Z</time>
      </trkpt>
      <trkpt lat="41.793024837970734" lon="123.54727528989315">
        <ele>55.8</ele>
        <time>2026-09-05T04:35:23Z</time>
      </trkpt>
      <trkpt lat="41.79293808527291" lon="123.54716582223773">
        <ele>55.8</ele>
        <time>2026-09-05T04:35:25Z</time>
      </trkpt>
      <trkpt lat="41.79287312552333" lon="123.54704755358398">
        <ele>56</ele>
        <time>2026-09-05T04:35:27Z</time>
      </trkpt>
      <trkpt lat="41.7928312998265" lon="123.54692266322672">
        <ele>56</ele>
        <time>2026-09-05T04:35:29Z</time>
      </trkpt>
      <trkpt lat="41.7928053997457" lon="123.54679131880403">
        <ele>56</ele>
        <time>2026-09-05T04:35:31Z</time>
      </trkpt>
      <trkpt lat="41.79279609583318" lon="123.54664949700236">
        <ele>56.2</ele>
        <time>2026-09-05T04:35:33Z</time>
      </trkpt>
      <trkpt lat="41.792803974822164" lon="123.54650088585913">
        <ele>56</ele>
        <time>2026-09-05T04:35:35Z</time>
      </trkpt>
      <trkpt lat="41.79282291792333" lon="123.54634682647884">
        <ele>55.8</ele>
        <time>2026-09-05T04:35:37Z</time>
      </trkpt>
      <trkpt lat="41.792839765548706" lon="123.54619729332626">
        <ele>55.6</ele>
        <time>2026-09-05T04:35:39Z</time>
      </trkpt>
      <trkpt lat="41.79283549077809" lon="123.5460573155433">
        <ele>55.6</ele>
        <time>2026-09-05T04:35:41Z</time>
      </trkpt>
      <trkpt lat="41.79279936477542" lon="123.54591272771358">
        <ele>55.6</ele>
        <time>2026-09-05T04:35:43Z</time>
      </trkpt>
      <trkpt lat="41.7927416972816" lon="123.54577769525349">
        <ele>55.6</ele>
        <time>2026-09-05T04:35:45Z</time>
      </trkpt>
      <trkpt lat="41.792667182162404" lon="123.54565531946719">
        <ele>55.6</ele>
        <time>2026-09-05T04:35:47Z</time>
      </trkpt>
      <trkpt lat="41.79259283468127" lon="123.54553520679474">
        <ele>55.6</ele>
        <time>2026-09-05T04:35:49Z</time>
      </trkpt>
      <trkpt lat="41.79253801703453" lon="123.54540319181979">
        <ele>55.6</ele>
        <time>2026-09-05T04:35:51Z</time>
      </trkpt>
      <trkpt lat="41.792497197166085" lon="123.54525776579976">
        <ele>55.8</ele>
        <time>2026-09-05T04:35:53Z</time>
      </trkpt>
      <trkpt lat="41.79245092906058" lon="123.54510672390461">
        <ele>55.8</ele>
        <time>2026-09-05T04:35:55Z</time>
      </trkpt>
      <trkpt lat="41.792400386184454" lon="123.54495216161013">
        <ele>55.8</ele>
        <time>2026-09-05T04:35:57Z</time>
      </trkpt>
      <trkpt lat="41.792349591851234" lon="123.54479550383985">
        <ele>56</ele>
        <time>2026-09-05T04:35:59Z</time>
      </trkpt>
      <trkpt lat="41.7922910861671" lon="123.54464496485889">
        <ele>56.2</ele>
        <time>2026-09-05T04:36:01Z</time>
      </trkpt>
      <trkpt lat="41.79220709949732" lon="123.54452376253903">
        <ele>56.4</ele>
        <time>2026-09-05T04:36:03Z</time>
      </trkpt>
      <trkpt lat="41.79210836067796" lon="123.54442385025322">
        <ele>56.6</ele>
        <time>2026-09-05T04:36:05Z</time>
      </trkpt>
      <trkpt lat="41.79201113060117" lon="123.54431999847293">
        <ele>56.8</ele>
        <time>2026-09-05T04:36:07Z</time>
      </trkpt>
      <trkpt lat="41.79192278534174" lon="123.54420407675207">
        <ele>56.6</ele>
        <time>2026-09-05T04:36:09Z</time>
      </trkpt>
      <trkpt lat="41.79183779284358" lon="123.5440831258893">
        <ele>56.6</ele>
        <time>2026-09-05T04:36:11Z</time>
      </trkpt>
      <trkpt lat="41.79175665602088" lon="123.5439589060843">
        <ele>56.6</ele>
        <time>2026-09-05T04:36:13Z</time>
      </trkpt>
      <trkpt lat="41.79169203154743" lon="123.5438222810626">
        <ele>56.6</ele>
        <time>2026-09-05T04:36:15Z</time>
      </trkpt>
      <trkpt lat="41.791651798412204" lon="123.54366704821587">
        <ele>56.6</ele>
        <time>2026-09-05T04:36:17Z</time>
      </trkpt>
      <trkpt lat="41.79163679480553" lon="123.54350334964693">
        <ele>56.6</ele>
        <time>2026-09-05T04:36:19Z</time>
      </trkpt>
      <trkpt lat="41.791637632995844" lon="123.54333830997348">
        <ele>56.4</ele>
        <time>2026-09-05T04:36:21Z</time>
      </trkpt>
      <trkpt lat="41.79162472486496" lon="123.54316807352006">
        <ele>56</ele>
        <time>2026-09-05T04:36:23Z</time>
      </trkpt>
      <trkpt lat="41.79159848950803" lon="123.54299641214311">
        <ele>55.8</ele>
        <time>2026-09-05T04:36:25Z</time>
      </trkpt>
      <trkpt lat="41.79155666381121" lon="123.54282575659454">
        <ele>55.6</ele>
        <time>2026-09-05T04:36:27Z</time>
      </trkpt>
      <trkpt lat="41.79148927330971" lon="123.54268007911742">
        <ele>55.6</ele>
        <time>2026-09-05T04:36:29Z</time>
      </trkpt>
      <trkpt lat="41.79140042513609" lon="123.54257027618587">
        <ele>55.8</ele>
        <time>2026-09-05T04:36:31Z</time>
      </trkpt>
      <trkpt lat="41.79130713455379" lon="123.54246960952878">
        <ele>56</ele>
        <time>2026-09-05T04:36:33Z</time>
      </trkpt>
      <trkpt lat="41.791237061843276" lon="123.54234849102795">
        <ele>56.2</ele>
        <time>2026-09-05T04:36:35Z</time>
      </trkpt>
      <trkpt lat="41.79119708016515" lon="123.54220147244632">
        <ele>56.2</ele>
        <time>2026-09-05T04:36:37Z</time>
      </trkpt>
      <trkpt lat="41.79116740822792" lon="123.5420349240303">
        <ele>56.2</ele>
        <time>2026-09-05T04:36:39Z</time>
      </trkpt>
      <trkpt lat="41.791129019111395" lon="123.54186167009175">
        <ele>55.8</ele>
        <time>2026-09-05T04:36:41Z</time>
      </trkpt>
      <trkpt lat="41.791073363274336" lon="123.54169805534184">
        <ele>55.6</ele>
        <time>2026-09-05T04:36:43Z</time>
      </trkpt>
      <trkpt lat="41.790989292785525" lon="123.54156386107206">
        <ele>55.6</ele>
        <time>2026-09-05T04:36:45Z</time>
      </trkpt>
      <trkpt lat="41.79088586010039" lon="123.54145791381598">
        <ele>55.6</ele>
        <time>2026-09-05T04:36:47Z</time>
      </trkpt>
      <trkpt lat="41.790786031633615" lon="123.54135389439762">
        <ele>55.8</ele>
        <time>2026-09-05T04:36:49Z</time>
      </trkpt>
      <trkpt lat="41.790694585070014" lon="123.54125280864537">
        <ele>55.8</ele>
        <time>2026-09-05T04:36:51Z</time>
      </trkpt>
      <trkpt lat="41.79060137830675" lon="123.5411564167589">
        <ele>55.8</ele>
        <time>2026-09-05T04:36:53Z</time>
      </trkpt>
      <trkpt lat="41.79051110520959" lon="123.54105985723436">
        <ele>55.6</ele>
        <time>2026-09-05T04:36:55Z</time>
      </trkpt>
      <trkpt lat="41.79045561701059" lon="123.54094955138862">
        <ele>55.6</ele>
        <time>2026-09-05T04:36:57Z</time>
      </trkpt>
      <trkpt lat="41.79046047851443" lon="123.54081200435758">
        <ele>55.6</ele>
        <time>2026-09-05T04:36:59Z</time>
      </trkpt>
      <trkpt lat="41.790507920086384" lon="123.54065928608179">
        <ele>55.6</ele>
        <time>2026-09-05T04:37:01Z</time>
      </trkpt>
      <trkpt lat="41.79055452346802" lon="123.5405100043863">
        <ele>55.6</ele>
        <time>2026-09-05T04:37:03Z</time>
      </trkpt>
      <trkpt lat="41.79058972746134" lon="123.54035208933055">
        <ele>55.6</ele>
        <time>2026-09-05T04:37:05Z</time>
      </trkpt>
      <trkpt lat="41.79062467999756" lon="123.5401941742748">
        <ele>55.6</ele>
        <time>2026-09-05T04:37:07Z</time>
      </trkpt>
      <trkpt lat="41.79066860117018" lon="123.5400424618274">
        <ele>55.6</ele>
        <time>2026-09-05T04:37:09Z</time>
      </trkpt>
      <trkpt lat="41.790708331391215" lon="123.53989225812256">
        <ele>55.8</ele>
        <time>2026-09-05T04:37:11Z</time>
      </trkpt>
      <trkpt lat="41.79071478545666" lon="123.53973761200905">
        <ele>56</ele>
        <time>2026-09-05T04:37:13Z</time>
      </trkpt>
      <trkpt lat="41.79067488759756" lon="123.5395847260952">
        <ele>56.2</ele>
        <time>2026-09-05T04:37:15Z</time>
      </trkpt>
      <trkpt lat="41.79061520844698" lon="123.53943510912359">
        <ele>56.4</ele>
        <time>2026-09-05T04:37:17Z</time>
      </trkpt>
      <trkpt lat="41.790552511811256" lon="123.53929697535932">
        <ele>56.4</ele>
        <time>2026-09-05T04:37:19Z</time>
      </trkpt>
      <trkpt lat="41.79049048572779" lon="123.53916127234697">
        <ele>56.6</ele>
        <time>2026-09-05T04:37:21Z</time>
      </trkpt>
      <trkpt lat="41.79042820818722" lon="123.53902741335332">
        <ele>56.6</ele>
        <time>2026-09-05T04:37:23Z</time>
      </trkpt>
      <trkpt lat="41.7903639189899" lon="123.53889397345483">
        <ele>56.6</ele>
        <time>2026-09-05T04:37:25Z</time>
      </trkpt>
      <trkpt lat="41.79030063562095" lon="123.5387577675283">
        <ele>56.6</ele>
        <time>2026-09-05T04:37:27Z</time>
      </trkpt>
      <trkpt lat="41.790242716670036" lon="123.53861485607922">
        <ele>56.6</ele>
        <time>2026-09-05T04:37:29Z</time>
      </trkpt>
      <trkpt lat="41.79019116796553" lon="123.53846691548824">
        <ele>56.6</ele>
        <time>2026-09-05T04:37:31Z</time>
      </trkpt>
      <trkpt lat="41.79013676941395" lon="123.53831830434501">
        <ele>56.6</ele>
        <time>2026-09-05T04:37:33Z</time>
      </trkpt>
      <trkpt lat="41.79008463397622" lon="123.53816768154502">
        <ele>56.6</ele>
        <time>2026-09-05T04:37:35Z</time>
      </trkpt>
      <trkpt lat="41.79003048688173" lon="123.53801848366857">
        <ele>56.6</ele>
        <time>2026-09-05T04:37:37Z</time>
      </trkpt>
      <trkpt lat="41.789974831044674" lon="123.53787171654403">
        <ele>56.6</ele>
        <time>2026-09-05T04:37:39Z</time>
      </trkpt>
      <trkpt lat="41.78991540335119" lon="123.53772821836174">
        <ele>56.6</ele>
        <time>2026-09-05T04:37:41Z</time>
      </trkpt>
      <trkpt lat="41.78985639475286" lon="123.5375801101327">
        <ele>56.6</ele>
        <time>2026-09-05T04:37:43Z</time>
      </trkpt>
      <trkpt lat="41.789802415296435" lon="123.53743468411267">
        <ele>56.4</ele>
        <time>2026-09-05T04:37:45Z</time>
      </trkpt>
      <trkpt lat="41.789745166897774" lon="123.53729018010199">
        <ele>56.4</ele>
        <time>2026-09-05T04:37:47Z</time>
      </trkpt>
      <trkpt lat="41.789685571566224" lon="123.53714349679649">
        <ele>56.4</ele>
        <time>2026-09-05T04:37:49Z</time>
      </trkpt>
      <trkpt lat="41.78962438367307" lon="123.53699672967196">
        <ele>56.4</ele>
        <time>2026-09-05T04:37:51Z</time>
      </trkpt>
      <trkpt lat="41.78956386633217" lon="123.53684845380485">
        <ele>56.4</ele>
        <time>2026-09-05T04:37:53Z</time>
      </trkpt>
      <trkpt lat="41.789507707580924" lon="123.5367026925087">
        <ele>56.6</ele>
        <time>2026-09-05T04:37:55Z</time>
      </trkpt>
      <trkpt lat="41.78944936953485" lon="123.53655424900353">
        <ele>56.6</ele>
        <time>2026-09-05T04:37:57Z</time>
      </trkpt>
      <trkpt lat="41.7893897742033" lon="123.53640572167933">
        <ele>56.6</ele>
        <time>2026-09-05T04:37:59Z</time>
      </trkpt>
      <trkpt lat="41.789326407015324" lon="123.53626255877316">
        <ele>56.6</ele>
        <time>2026-09-05T04:38:01Z</time>
      </trkpt>
      <trkpt lat="41.789256166666746" lon="123.53611922822893">
        <ele>56.6</ele>
        <time>2026-09-05T04:38:03Z</time>
      </trkpt>
      <trkpt lat="41.789194475859404" lon="123.53598302230239">
        <ele>56.6</ele>
        <time>2026-09-05T04:38:05Z</time>
      </trkpt>
      <trkpt lat="41.78913898766041" lon="123.53584438562393">
        <ele>56.6</ele>
        <time>2026-09-05T04:38:07Z</time>
      </trkpt>
      <trkpt lat="41.7890808172524" lon="123.5357010550797">
        <ele>56.6</ele>
        <time>2026-09-05T04:38:09Z</time>
      </trkpt>
      <trkpt lat="41.7890184558928" lon="123.53555445559323">
        <ele>56.6</ele>
        <time>2026-09-05T04:38:11Z</time>
      </trkpt>
      <trkpt lat="41.788958106189966" lon="123.5354008153081">
        <ele>56.6</ele>
        <time>2026-09-05T04:38:13Z</time>
      </trkpt>
      <trkpt lat="41.788906725123525" lon="123.53524809703231">
        <ele>56.6</ele>
        <time>2026-09-05T04:38:15Z</time>
      </trkpt>
      <trkpt lat="41.78886355832219" lon="123.53509034961462">
        <ele>56.4</ele>
        <time>2026-09-05T04:38:17Z</time>
      </trkpt>
      <trkpt lat="41.78882542066276" lon="123.5349269863218">
        <ele>56.4</ele>
        <time>2026-09-05T04:38:19Z</time>
      </trkpt>
      <trkpt lat="41.78878921084106" lon="123.53476412594318">
        <ele>56.4</ele>
        <time>2026-09-05T04:38:21Z</time>
      </trkpt>
      <trkpt lat="41.78875300101936" lon="123.5345990024507">
        <ele>56.2</ele>
        <time>2026-09-05T04:38:23Z</time>
      </trkpt>
      <trkpt lat="41.78871729411185" lon="123.53443371132016">
        <ele>56.4</ele>
        <time>2026-09-05T04:38:25Z</time>
      </trkpt>
      <trkpt lat="41.78868770599365" lon="123.53426950983703">
        <ele>56.2</ele>
        <time>2026-09-05T04:38:27Z</time>
      </trkpt>
      <trkpt lat="41.7886661645025" lon="123.5341069009155">
        <ele>56.2</ele>
        <time>2026-09-05T04:38:29Z</time>
      </trkpt>
      <trkpt lat="41.78864596411586" lon="123.53394228033721">
        <ele>56.2</ele>
        <time>2026-09-05T04:38:31Z</time>
      </trkpt>
      <trkpt lat="41.78861637599766" lon="123.53378109633923">
        <ele>56.2</ele>
        <time>2026-09-05T04:38:33Z</time>
      </trkpt>
      <trkpt lat="41.78858695551753" lon="123.53362301364541">
        <ele>56.2</ele>
        <time>2026-09-05T04:38:35Z</time>
      </trkpt>
      <trkpt lat="41.78856088779867" lon="123.53346325457096">
        <ele>56</ele>
        <time>2026-09-05T04:38:37Z</time>
      </trkpt>
      <trkpt lat="41.78853356279433" lon="123.53329804725945">
        <ele>56</ele>
        <time>2026-09-05T04:38:39Z</time>
      </trkpt>
      <trkpt lat="41.78850095719099" lon="123.53312789462507">
        <ele>56</ele>
        <time>2026-09-05T04:38:41Z</time>
      </trkpt>
      <trkpt lat="41.78846709430218" lon="123.53295715525746">
        <ele>56</ele>
        <time>2026-09-05T04:38:43Z</time>
      </trkpt>
      <trkpt lat="41.788440523669124" lon="123.53278825990856">
        <ele>56</ele>
        <time>2026-09-05T04:38:45Z</time>
      </trkpt>
      <trkpt lat="41.78841847926378" lon="123.53261701762676">
        <ele>56</ele>
        <time>2026-09-05T04:38:47Z</time>
      </trkpt>
      <trkpt lat="41.78839551284909" lon="123.53244711644948">
        <ele>56</ele>
        <time>2026-09-05T04:38:49Z</time>
      </trkpt>
      <trkpt lat="41.78837732411921" lon="123.53227520361543">
        <ele>56</ele>
        <time>2026-09-05T04:38:51Z</time>
      </trkpt>
      <trkpt lat="41.78835829719901" lon="123.53210236877203">
        <ele>56</ele>
        <time>2026-09-05T04:38:53Z</time>
      </trkpt>
      <trkpt lat="41.78833432495594" lon="123.5319294501096">
        <ele>56</ele>
        <time>2026-09-05T04:38:55Z</time>
      </trkpt>
      <trkpt lat="41.78830825723708" lon="123.53176281787455">
        <ele>55.8</ele>
        <time>2026-09-05T04:38:57Z</time>
      </trkpt>
      <trkpt lat="41.78827699273825" lon="123.53159660473466">
        <ele>55.8</ele>
        <time>2026-09-05T04:38:59Z</time>
      </trkpt>
      <trkpt lat="41.78825260140002" lon="123.5314304754138">
        <ele>55.6</ele>
        <time>2026-09-05T04:39:01Z</time>
      </trkpt>
      <trkpt lat="41.78822829388082" lon="123.53127130307257">
        <ele>55.6</ele>
        <time>2026-09-05T04:39:03Z</time>
      </trkpt>
      <trkpt lat="41.78820189088583" lon="123.53111892007291">
        <ele>55.6</ele>
        <time>2026-09-05T04:39:05Z</time>
      </trkpt>
      <trkpt lat="41.78817272186279" lon="123.53096117265522">
        <ele>55.6</ele>
        <time>2026-09-05T04:39:07Z</time>
      </trkpt>
      <trkpt lat="41.78814212791622" lon="123.5308014973998">
        <ele>55.6</ele>
        <time>2026-09-05T04:39:09Z</time>
      </trkpt>
      <trkpt lat="41.78810382261872" lon="123.53064810857177">
        <ele>55.6</ele>
        <time>2026-09-05T04:39:11Z</time>
      </trkpt>
      <trkpt lat="41.78804590366781" lon="123.53051089681685">
        <ele>55.8</ele>
        <time>2026-09-05T04:39:13Z</time>
      </trkpt>
      <trkpt lat="41.78797608241439" lon="123.53038642555475">
        <ele>55.8</ele>
        <time>2026-09-05T04:39:15Z</time>
      </trkpt>
      <trkpt lat="41.78789159283042" lon="123.53028098121285">
        <ele>55.8</ele>
        <time>2026-09-05T04:39:17Z</time>
      </trkpt>
      <trkpt lat="41.787791261449456" lon="123.53019950911403">
        <ele>56</ele>
        <time>2026-09-05T04:39:19Z</time>
      </trkpt>
      <trkpt lat="41.78768053650856" lon="123.53012038394809">
        <ele>55.8</ele>
        <time>2026-09-05T04:39:21Z</time>
      </trkpt>
      <trkpt lat="41.787565955892205" lon="123.53005316108465">
        <ele>55.6</ele>
        <time>2026-09-05T04:39:23Z</time>
      </trkpt>
      <trkpt lat="41.78745288401842" lon="123.52999440394342">
        <ele>55.4</ele>
        <time>2026-09-05T04:39:25Z</time>
      </trkpt>
      <trkpt lat="41.7873418238014" lon="123.52993438951671">
        <ele>55.4</ele>
        <time>2026-09-05T04:39:27Z</time>
      </trkpt>
      <trkpt lat="41.78723051212728" lon="123.52986842393875">
        <ele>55.4</ele>
        <time>2026-09-05T04:39:29Z</time>
      </trkpt>
      <trkpt lat="41.78711911663413" lon="123.52980262599885">
        <ele>55.4</ele>
        <time>2026-09-05T04:39:31Z</time>
      </trkpt>
      <trkpt lat="41.787010822445154" lon="123.5297297872603">
        <ele>55.4</ele>
        <time>2026-09-05T04:39:33Z</time>
      </trkpt>
      <trkpt lat="41.7869150172919" lon="123.5296344012022">
        <ele>55.2</ele>
        <time>2026-09-05T04:39:35Z</time>
      </trkpt>
      <trkpt lat="41.78684209473431" lon="123.52950540371239">
        <ele>55.2</ele>
        <time>2026-09-05T04:39:37Z</time>
      </trkpt>
      <trkpt lat="41.78679373115301" lon="123.52935402654111">
        <ele>55.2</ele>
        <time>2026-09-05T04:39:39Z</time>
      </trkpt>
      <trkpt lat="41.78675701841712" lon="123.5291956923902">
        <ele>55.2</ele>
        <time>2026-09-05T04:39:41Z</time>
      </trkpt>
      <trkpt lat="41.78673941642046" lon="123.52903492748737">
        <ele>55</ele>
        <time>2026-09-05T04:39:43Z</time>
      </trkpt>
      <trkpt lat="41.78674662485719" lon="123.52887189947069">
        <ele>55.2</ele>
        <time>2026-09-05T04:39:45Z</time>
      </trkpt>
      <trkpt lat="41.78674712777138" lon="123.52871146984398">
        <ele>55.2</ele>
        <time>2026-09-05T04:39:47Z</time>
      </trkpt>
      <trkpt lat="41.786724077537656" lon="123.5285569075495">
        <ele>55.2</ele>
        <time>2026-09-05T04:39:49Z</time>
      </trkpt>
      <trkpt lat="41.78668845444918" lon="123.52840385399759">
        <ele>55.2</ele>
        <time>2026-09-05T04:39:51Z</time>
      </trkpt>
      <trkpt lat="41.78666423074901" lon="123.52824870496988">
        <ele>55.2</ele>
        <time>2026-09-05T04:39:53Z</time>
      </trkpt>
      <trkpt lat="41.78664746694267" lon="123.52809129282832">
        <ele>55</ele>
        <time>2026-09-05T04:39:55Z</time>
      </trkpt>
      <trkpt lat="41.78661326877773" lon="123.52793731726706">
        <ele>55</ele>
        <time>2026-09-05T04:39:57Z</time>
      </trkpt>
      <trkpt lat="41.78655476309359" lon="123.52779465727508">
        <ele>55</ele>
        <time>2026-09-05T04:39:59Z</time>
      </trkpt>
      <trkpt lat="41.78647597320378" lon="123.52766976691782">
        <ele>55</ele>
        <time>2026-09-05T04:40:01Z</time>
      </trkpt>
      <trkpt lat="41.7863816767931" lon="123.52756222710013">
        <ele>55</ele>
        <time>2026-09-05T04:40:03Z</time>
      </trkpt>
      <trkpt lat="41.78628612309694" lon="123.52745636366308">
        <ele>55.2</ele>
        <time>2026-09-05T04:40:05Z</time>
      </trkpt>
      <trkpt lat="41.78620146587491" lon="123.5273396037519">
        <ele>55.2</ele>
        <time>2026-09-05T04:40:07Z</time>
      </trkpt>
      <trkpt lat="41.78612519055605" lon="123.52721395902336">
        <ele>55.2</ele>
        <time>2026-09-05T04:40:09Z</time>
      </trkpt>
      <trkpt lat="41.78605771623552" lon="123.52708026766777">
        <ele>55.4</ele>
        <time>2026-09-05T04:40:11Z</time>
      </trkpt>
      <trkpt lat="41.78598982281983" lon="123.52694381028414">
        <ele>55.4</ele>
        <time>2026-09-05T04:40:13Z</time>
      </trkpt>
      <trkpt lat="41.78591790609062" lon="123.5268091969192">
        <ele>55.4</ele>
        <time>2026-09-05T04:40:15Z</time>
      </trkpt>
      <trkpt lat="41.785838110372424" lon="123.52667760103941">
        <ele>55.4</ele>
        <time>2026-09-05T04:40:17Z</time>
      </trkpt>
      <trkpt lat="41.78575420752168" lon="123.52655136957765">
        <ele>55.4</ele>
        <time>2026-09-05T04:40:19Z</time>
      </trkpt>
      <trkpt lat="41.78567667491734" lon="123.52642287500203">
        <ele>55.4</ele>
        <time>2026-09-05T04:40:21Z</time>
      </trkpt>
      <trkpt lat="41.785612385720015" lon="123.52628398686647">
        <ele>55.4</ele>
        <time>2026-09-05T04:40:23Z</time>
      </trkpt>
      <trkpt lat="41.78555857390165" lon="123.52613596245646">
        <ele>55.2</ele>
        <time>2026-09-05T04:40:25Z</time>
      </trkpt>
      <trkpt lat="41.78550459444523" lon="123.52598601020873">
        <ele>55.2</ele>
        <time>2026-09-05T04:40:27Z</time>
      </trkpt>
      <trkpt lat="41.78544793277979" lon="123.52583840489388">
        <ele>55</ele>
        <time>2026-09-05T04:40:29Z</time>
      </trkpt>
      <trkpt lat="41.78539328277111" lon="123.52568602189422">
        <ele>55</ele>
        <time>2026-09-05T04:40:31Z</time>
      </trkpt>
      <trkpt lat="41.78534667938948" lon="123.52552961558104">
        <ele>55</ele>
        <time>2026-09-05T04:40:33Z</time>
      </trkpt>
      <trkpt lat="41.78530787117779" lon="123.52537371218204">
        <ele>54.8</ele>
        <time>2026-09-05T04:40:35Z</time>
      </trkpt>
      <trkpt lat="41.785276690497994" lon="123.52522342465818">
        <ele>54.8</ele>
        <time>2026-09-05T04:40:37Z</time>
      </trkpt>
      <trkpt lat="41.785245509818196" lon="123.52507716044784">
        <ele>55</ele>
        <time>2026-09-05T04:40:39Z</time>
      </trkpt>
      <trkpt lat="41.785221956670284" lon="123.52493098005652">
        <ele>55</ele>
        <time>2026-09-05T04:40:41Z</time>
      </trkpt>
      <trkpt lat="41.785208294168115" lon="123.52478119544685">
        <ele>55</ele>
        <time>2026-09-05T04:40:43Z</time>
      </trkpt>
      <trkpt lat="41.785196559503675" lon="123.52462529204786">
        <ele>55</ele>
        <time>2026-09-05T04:40:45Z</time>
      </trkpt>
      <trkpt lat="41.78518448956311" lon="123.5244662873447">
        <ele>55</ele>
        <time>2026-09-05T04:40:47Z</time>
      </trkpt>
      <trkpt lat="41.785173593088984" lon="123.52430669590831">
        <ele>55.2</ele>
        <time>2026-09-05T04:40:49Z</time>
      </trkpt>
      <trkpt lat="41.78516169078648" lon="123.52414987049997">
        <ele>55.2</ele>
        <time>2026-09-05T04:40:51Z</time>
      </trkpt>
      <trkpt lat="41.78514836356044" lon="123.52399530820549">
        <ele>55.2</ele>
        <time>2026-09-05T04:40:53Z</time>
      </trkpt>
      <trkpt lat="41.785139897838235" lon="123.52384242229164">
        <ele>55.2</ele>
        <time>2026-09-05T04:40:55Z</time>
      </trkpt>
      <trkpt lat="41.785144256427884" lon="123.52369121275842">
        <ele>55.2</ele>
        <time>2026-09-05T04:40:57Z</time>
      </trkpt>
      <trkpt lat="41.78515917621553" lon="123.5235405061394">
        <ele>55.2</ele>
        <time>2026-09-05T04:40:59Z</time>
      </trkpt>
      <trkpt lat="41.78518507629633" lon="123.5233903862536">
        <ele>55.2</ele>
        <time>2026-09-05T04:41:01Z</time>
      </trkpt>
      <trkpt lat="41.78521986119449" lon="123.52324252948165">
        <ele>55.2</ele>
        <time>2026-09-05T04:41:03Z</time>
      </trkpt>
      <trkpt lat="41.785263027995825" lon="123.5230965167284">
        <ele>55.2</ele>
        <time>2026-09-05T04:41:05Z</time>
      </trkpt>
      <trkpt lat="41.785309966653585" lon="123.5229532700032">
        <ele>55.2</ele>
        <time>2026-09-05T04:41:07Z</time>
      </trkpt>
      <trkpt lat="41.78534600883722" lon="123.52280407212675">
        <ele>55.2</ele>
        <time>2026-09-05T04:41:09Z</time>
      </trkpt>
      <trkpt lat="41.785359755158424" lon="123.5226474981755">
        <ele>55.2</ele>
        <time>2026-09-05T04:41:11Z</time>
      </trkpt>
      <trkpt lat="41.7853522952646" lon="123.52248639799654">
        <ele>55.4</ele>
        <time>2026-09-05T04:41:13Z</time>
      </trkpt>
      <trkpt lat="41.785329915583134" lon="123.52232328616083">
        <ele>55.4</ele>
        <time>2026-09-05T04:41:15Z</time>
      </trkpt>
      <trkpt lat="41.78529806435108" lon="123.52216352708638">
        <ele>55.6</ele>
        <time>2026-09-05T04:41:17Z</time>
      </trkpt>
      <trkpt lat="41.78525791503489" lon="123.5220071207732">
        <ele>55.6</ele>
        <time>2026-09-05T04:41:19Z</time>
      </trkpt>
      <trkpt lat="41.785208797082305" lon="123.52185951545835">
        <ele>55.6</ele>
        <time>2026-09-05T04:41:21Z</time>
      </trkpt>
      <trkpt lat="41.7851485311985" lon="123.52171928621829">
        <ele>55.6</ele>
        <time>2026-09-05T04:41:23Z</time>
      </trkpt>
      <trkpt lat="41.785089103505015" lon="123.52157746441662">
        <ele>55.8</ele>
        <time>2026-09-05T04:41:25Z</time>
      </trkpt>
      <trkpt lat="41.78504182957113" lon="123.5214246623218">
        <ele>55.8</ele>
        <time>2026-09-05T04:41:27Z</time>
      </trkpt>
      <trkpt lat="41.78500478155911" lon="123.52126548998058">
        <ele>55.8</ele>
        <time>2026-09-05T04:41:29Z</time>
      </trkpt>
      <trkpt lat="41.78497368469834" lon="123.52110665291548">
        <ele>55.8</ele>
        <time>2026-09-05T04:41:31Z</time>
      </trkpt>
      <trkpt lat="41.78495071828365" lon="123.52094739675522">
        <ele>55.8</ele>
        <time>2026-09-05T04:41:33Z</time>
      </trkpt>
      <trkpt lat="41.784943509846926" lon="123.52078487165272">
        <ele>56</ele>
        <time>2026-09-05T04:41:35Z</time>
      </trkpt>
      <trkpt lat="41.78495021536946" lon="123.52062259800732">
        <ele>56</ele>
        <time>2026-09-05T04:41:37Z</time>
      </trkpt>
      <trkpt lat="41.78495968692005" lon="123.52046040818095">
        <ele>56.2</ele>
        <time>2026-09-05T04:41:39Z</time>
      </trkpt>
      <trkpt lat="41.784968404099345" lon="123.52030006237328">
        <ele>56.4</ele>
        <time>2026-09-05T04:41:41Z</time>
      </trkpt>
      <trkpt lat="41.78497829474509" lon="123.52014298550785">
        <ele>56.6</ele>
        <time>2026-09-05T04:41:43Z</time>
      </trkpt>
      <trkpt lat="41.78499455563724" lon="123.51998817175627">
        <ele>56.6</ele>
        <time>2026-09-05T04:41:45Z</time>
      </trkpt>
      <trkpt lat="41.785015258938074" lon="123.51983143016696">
        <ele>56.8</ele>
        <time>2026-09-05T04:41:47Z</time>
      </trkpt>
      <trkpt lat="41.78504032082856" lon="123.51967326365411">
        <ele>56.8</ele>
        <time>2026-09-05T04:41:49Z</time>
      </trkpt>
      <trkpt lat="41.78506772965193" lon="123.51951300166547">
        <ele>56.8</ele>
        <time>2026-09-05T04:41:51Z</time>
      </trkpt>
      <trkpt lat="41.78509312681854" lon="123.5193547513336">
        <ele>56.6</ele>
        <time>2026-09-05T04:41:53Z</time>
      </trkpt>
      <trkpt lat="41.78510092198849" lon="123.51919708773494">
        <ele>56.8</ele>
        <time>2026-09-05T04:41:55Z</time>
      </trkpt>
      <trkpt lat="41.785081727430224" lon="123.51904361508787">
        <ele>56.6</ele>
        <time>2026-09-05T04:41:57Z</time>
      </trkpt>
      <trkpt lat="41.78501509130001" lon="123.51891964673996">
        <ele>56.6</ele>
        <time>2026-09-05T04:41:59Z</time>
      </trkpt>
      <trkpt lat="41.78489958867431" lon="123.51886910386384">
        <ele>56.6</ele>
        <time>2026-09-05T04:42:01Z</time>
      </trkpt>
      <trkpt lat="41.78476790897548" lon="123.51890606805682">
        <ele>56.4</ele>
        <time>2026-09-05T04:42:03Z</time>
      </trkpt>
      <trkpt lat="41.78464712575078" lon="123.51899500004947">
        <ele>56.4</ele>
        <time>2026-09-05T04:42:05Z</time>
      </trkpt>
      <trkpt lat="41.78453966975212" lon="123.51910170167685">
        <ele>56.2</ele>
        <time>2026-09-05T04:42:07Z</time>
      </trkpt>
      <trkpt lat="41.78444000892341" lon="123.51921041496098">
        <ele>56</ele>
        <time>2026-09-05T04:42:09Z</time>
      </trkpt>
      <trkpt lat="41.784338084980845" lon="123.51931217126548">
        <ele>56</ele>
        <time>2026-09-05T04:42:11Z</time>
      </trkpt>
      <trkpt lat="41.78422652184963" lon="123.51938836276531">
        <ele>55.8</ele>
        <time>2026-09-05T04:42:13Z</time>
      </trkpt>
      <trkpt lat="41.78410523571074" lon="123.5194182023406">
        <ele>55.8</ele>
        <time>2026-09-05T04:42:15Z</time>
      </trkpt>
      <trkpt lat="41.78398403339088" lon="123.51938241161406">
        <ele>55.6</ele>
        <time>2026-09-05T04:42:17Z</time>
      </trkpt>
      <trkpt lat="41.783868027850986" lon="123.51931552402675">
        <ele>55.4</ele>
        <time>2026-09-05T04:42:19Z</time>
      </trkpt>
      <trkpt lat="41.783751267939806" lon="123.51926087401807">
        <ele>55.4</ele>
        <time>2026-09-05T04:42:21Z</time>
      </trkpt>
      <trkpt lat="41.783624701201916" lon="123.51923271082342">
        <ele>55.2</ele>
        <time>2026-09-05T04:42:23Z</time>
      </trkpt>
      <trkpt lat="41.78349100984633" lon="123.51921519264579">
        <ele>54.8</ele>
        <time>2026-09-05T04:42:25Z</time>
      </trkpt>
      <trkpt lat="41.783356899395585" lon="123.51918174885213">
        <ele>54.4</ele>
        <time>2026-09-05T04:42:27Z</time>
      </trkpt>
      <trkpt lat="41.783228488639" lon="123.51912399753928">
        <ele>54.2</ele>
        <time>2026-09-05T04:42:29Z</time>
      </trkpt>
      <trkpt lat="41.78310410119593" lon="123.51905736140907">
        <ele>54</ele>
        <time>2026-09-05T04:42:31Z</time>
      </trkpt>
      <trkpt lat="41.78297761827707" lon="123.51899868808687">
        <ele>53.8</ele>
        <time>2026-09-05T04:42:33Z</time>
      </trkpt>
      <trkpt lat="41.78285281173885" lon="123.51894864812493">
        <ele>53.8</ele>
        <time>2026-09-05T04:42:35Z</time>
      </trkpt>
      <trkpt lat="41.78273219615221" lon="123.5188885498792">
        <ele>54</ele>
        <time>2026-09-05T04:42:37Z</time>
      </trkpt>
      <trkpt lat="41.78262901492417" lon="123.51879408583045">
        <ele>54</ele>
        <time>2026-09-05T04:42:39Z</time>
      </trkpt>
      <trkpt lat="41.782533125951886" lon="123.51867841556668">
        <ele>54</ele>
        <time>2026-09-05T04:42:41Z</time>
      </trkpt>
      <trkpt lat="41.78242743015289" lon="123.51857816800475">
        <ele>54</ele>
        <time>2026-09-05T04:42:43Z</time>
      </trkpt>
      <trkpt lat="41.78230899386108" lon="123.51850281469524">
        <ele>54</ele>
        <time>2026-09-05T04:42:45Z</time>
      </trkpt>
      <trkpt lat="41.78218930028379" lon="123.51842989213765">
        <ele>53.8</ele>
        <time>2026-09-05T04:42:47Z</time>
      </trkpt>
      <trkpt lat="41.782084023579955" lon="123.51833576336503">
        <ele>53.8</ele>
        <time>2026-09-05T04:42:49Z</time>
      </trkpt>
      <trkpt lat="41.78200322203338" lon="123.51821162737906">
        <ele>53.6</ele>
        <time>2026-09-05T04:42:51Z</time>
      </trkpt>
      <trkpt lat="41.78194027394056" lon="123.51806402206421">
        <ele>53.6</ele>
        <time>2026-09-05T04:42:53Z</time>
      </trkpt>
      <trkpt lat="41.78188528865576" lon="123.51791021414101">
        <ele>53.6</ele>
        <time>2026-09-05T04:42:55Z</time>
      </trkpt>
      <trkpt lat="41.781855868175626" lon="123.51775120943785">
        <ele>53.4</ele>
        <time>2026-09-05T04:42:57Z</time>
      </trkpt>
      <trkpt lat="41.7818779964" lon="123.51759471930563">
        <ele>53.2</ele>
        <time>2026-09-05T04:42:59Z</time>
      </trkpt>
      <trkpt lat="41.781935496255755" lon="123.51744350977242">
        <ele>53</ele>
        <time>2026-09-05T04:43:01Z</time>
      </trkpt>
      <trkpt lat="41.78199986927211" lon="123.51728919893503">
        <ele>53</ele>
        <time>2026-09-05T04:43:03Z</time>
      </trkpt>
      <trkpt lat="41.78205946460366" lon="123.51713472045958">
        <ele>53</ele>
        <time>2026-09-05T04:43:05Z</time>
      </trkpt>
      <trkpt lat="41.782109001651406" lon="123.5169780626893">
        <ele>53.2</ele>
        <time>2026-09-05T04:43:07Z</time>
      </trkpt>
      <trkpt lat="41.78214127197862" lon="123.51681637577713">
        <ele>53.2</ele>
        <time>2026-09-05T04:43:09Z</time>
      </trkpt>
      <trkpt lat="41.78215912543237" lon="123.51664999499917">
        <ele>53.2</ele>
        <time>2026-09-05T04:43:11Z</time>
      </trkpt>
      <trkpt lat="41.78214923478663" lon="123.51648177020252">
        <ele>53.4</ele>
        <time>2026-09-05T04:43:13Z</time>
      </trkpt>
      <trkpt lat="41.7820939142257" lon="123.51633005775511">
        <ele>53.6</ele>
        <time>2026-09-05T04:43:15Z</time>
      </trkpt>
      <trkpt lat="41.78199819289148" lon="123.5162129625678">
        <ele>54</ele>
        <time>2026-09-05T04:43:17Z</time>
      </trkpt>
      <trkpt lat="41.78188009187579" lon="123.51613065227866">
        <ele>54.4</ele>
        <time>2026-09-05T04:43:19Z</time>
      </trkpt>
      <trkpt lat="41.78176232613623" lon="123.51606887765229">
        <ele>54.8</ele>
        <time>2026-09-05T04:43:21Z</time>
      </trkpt>
      <trkpt lat="41.7816499248147" lon="123.51600408554077">
        <ele>55.2</ele>
        <time>2026-09-05T04:43:23Z</time>
      </trkpt>
      <trkpt lat="41.781539702787995" lon="123.51592789404094">
        <ele>55.4</ele>
        <time>2026-09-05T04:43:25Z</time>
      </trkpt>
      <trkpt lat="41.78142805583775" lon="123.51585069671273">
        <ele>55.4</ele>
        <time>2026-09-05T04:43:27Z</time>
      </trkpt>
      <trkpt lat="41.781315403059125" lon="123.5157760977745">
        <ele>55.6</ele>
        <time>2026-09-05T04:43:29Z</time>
      </trkpt>
      <trkpt lat="41.78120467811823" lon="123.51570325903594">
        <ele>55.6</ele>
        <time>2026-09-05T04:43:31Z</time>
      </trkpt>
      <trkpt lat="41.78109613247216" lon="123.515634695068">
        <ele>55.8</ele>
        <time>2026-09-05T04:43:33Z</time>
      </trkpt>
      <trkpt lat="41.78098792210221" lon="123.51557032205164">
        <ele>55.8</ele>
        <time>2026-09-05T04:43:35Z</time>
      </trkpt>
      <trkpt lat="41.78087946027517" lon="123.51550536230206">
        <ele>55.8</ele>
        <time>2026-09-05T04:43:37Z</time>
      </trkpt>
      <trkpt lat="41.780770579352975" lon="123.5154398996383">
        <ele>55.8</ele>
        <time>2026-09-05T04:43:39Z</time>
      </trkpt>
      <trkpt lat="41.780661111697555" lon="123.5153738502413">
        <ele>55.8</ele>
        <time>2026-09-05T04:43:41Z</time>
      </trkpt>
      <trkpt lat="41.780548291280866" lon="123.51531299762428">
        <ele>55.8</ele>
        <time>2026-09-05T04:43:43Z</time>
      </trkpt>
      <trkpt lat="41.78043119609356" lon="123.5152596887201">
        <ele>55.8</ele>
        <time>2026-09-05T04:43:45Z</time>
      </trkpt>
      <trkpt lat="41.780310831964016" lon="123.51521451026201">
        <ele>55.8</ele>
        <time>2026-09-05T04:43:47Z</time>
      </trkpt>
      <trkpt lat="41.780189126729965" lon="123.51517109200358">
        <ele>55.6</ele>
        <time>2026-09-05T04:43:49Z</time>
      </trkpt>
      <trkpt lat="41.780067924410105" lon="123.51513102650642">
        <ele>55.6</ele>
        <time>2026-09-05T04:43:51Z</time>
      </trkpt>
      <trkpt lat="41.77995032630861" lon="123.51509339176118">
        <ele>55.4</ele>
        <time>2026-09-05T04:43:53Z</time>
      </trkpt>
      <trkpt lat="41.77983172237873" lon="123.5150529909879">
        <ele>55.2</ele>
        <time>2026-09-05T04:43:55Z</time>
      </trkpt>
      <trkpt lat="41.77971135824919" lon="123.51500948891044">
        <ele>55.2</ele>
        <time>2026-09-05T04:43:57Z</time>
      </trkpt>
      <trkpt lat="41.77959367632866" lon="123.51495425216854">
        <ele>55.2</ele>
        <time>2026-09-05T04:43:59Z</time>
      </trkpt>
      <trkpt lat="41.77948177792132" lon="123.51488409563899">
        <ele>55.2</ele>
        <time>2026-09-05T04:44:01Z</time>
      </trkpt>
      <trkpt lat="41.77937717176974" lon="123.5147971753031">
        <ele>55.2</ele>
        <time>2026-09-05T04:44:03Z</time>
      </trkpt>
      <trkpt lat="41.779276337474585" lon="123.51470120251179">
        <ele>55.2</ele>
        <time>2026-09-05T04:44:05Z</time>
      </trkpt>
      <trkpt lat="41.77917458117008" lon="123.5146018769592">
        <ele>55.4</ele>
        <time>2026-09-05T04:44:07Z</time>
      </trkpt>
      <trkpt lat="41.77907198667526" lon="123.51450146175921">
        <ele>55.4</ele>
        <time>2026-09-05T04:44:09Z</time>
      </trkpt>
      <trkpt lat="41.77897752262652" lon="123.51439551450312">
        <ele>55.6</ele>
        <time>2026-09-05T04:44:11Z</time>
      </trkpt>
      <trkpt lat="41.77889093756676" lon="123.51428219117224">
        <ele>55.8</ele>
        <time>2026-09-05T04:44:13Z</time>
      </trkpt>
      <trkpt lat="41.77880560979247" lon="123.5141666047275">
        <ele>55.8</ele>
        <time>2026-09-05T04:44:15Z</time>
      </trkpt>
      <trkpt lat="41.77871919237077" lon="123.51404707878828">
        <ele>55.8</ele>
        <time>2026-09-05T04:44:17Z</time>
      </trkpt>
      <trkpt lat="41.77863269113004" lon="123.51392252370715">
        <ele>55.8</ele>
        <time>2026-09-05T04:44:19Z</time>
      </trkpt>
      <trkpt lat="41.77855792455375" lon="123.5137852281332">
        <ele>56</ele>
        <time>2026-09-05T04:44:21Z</time>
      </trkpt>
      <trkpt lat="41.7784967366606" lon="123.51363820955157">
        <ele>56</ele>
        <time>2026-09-05T04:44:23Z</time>
      </trkpt>
      <trkpt lat="41.77842942997813" lon="123.51349814794958">
        <ele>56</ele>
        <time>2026-09-05T04:44:25Z</time>
      </trkpt>
      <trkpt lat="41.778338737785816" lon="123.51338448934257">
        <ele>56</ele>
        <time>2026-09-05T04:44:27Z</time>
      </trkpt>
      <trkpt lat="41.778225833550096" lon="123.51330352015793">
        <ele>56</ele>
        <time>2026-09-05T04:44:29Z</time>
      </trkpt>
      <trkpt lat="41.77810471504927" lon="123.51323738694191">
        <ele>56</ele>
        <time>2026-09-05T04:44:31Z</time>
      </trkpt>
      <trkpt lat="41.777982925996184" lon="123.5131720919162">
        <ele>55.8</ele>
        <time>2026-09-05T04:44:33Z</time>
      </trkpt>
      <trkpt lat="41.77786306478083" lon="123.51310352794826">
        <ele>55.8</ele>
        <time>2026-09-05T04:44:35Z</time>
      </trkpt>
      <trkpt lat="41.77774571813643" lon="123.51303337141871">
        <ele>55.8</ele>
        <time>2026-09-05T04:44:37Z</time>
      </trkpt>
      <trkpt lat="41.777630131691694" lon="123.51296371780336">
        <ele>55.6</ele>
        <time>2026-09-05T04:44:39Z</time>
      </trkpt>
      <trkpt lat="41.777514293789864" lon="123.51289389654994">
        <ele>55.6</ele>
        <time>2026-09-05T04:44:41Z</time>
      </trkpt>
      <trkpt lat="41.77739887498319" lon="123.5128248296678">
        <ele>55.6</ele>
        <time>2026-09-05T04:44:43Z</time>
      </trkpt>
      <trkpt lat="41.77728462964296" lon="123.51275257766247">
        <ele>55.4</ele>
        <time>2026-09-05T04:44:45Z</time>
      </trkpt>
      <trkpt lat="41.77717273123562" lon="123.51267437450588">
        <ele>55.4</ele>
        <time>2026-09-05T04:44:47Z</time>
      </trkpt>
      <trkpt lat="41.77706376649439" lon="123.51258871145546">
        <ele>55.4</ele>
        <time>2026-09-05T04:44:49Z</time>
      </trkpt>
      <trkpt lat="41.776953879743814" lon="123.51250145584345">
        <ele>55.4</ele>
        <time>2026-09-05T04:44:51Z</time>
      </trkpt>
      <trkpt lat="41.776840724051" lon="123.51242090575397">
        <ele>55.4</ele>
        <time>2026-09-05T04:44:53Z</time>
      </trkpt>
      <trkpt lat="41.776723796501756" lon="123.51235192269087">
        <ele>55.6</ele>
        <time>2026-09-05T04:44:55Z</time>
      </trkpt>
      <trkpt lat="41.776603600010276" lon="123.51232015527785">
        <ele>55.8</ele>
        <time>2026-09-05T04:44:57Z</time>
      </trkpt>
      <trkpt lat="41.776483906432986" lon="123.51234572008252">
        <ele>56</ele>
        <time>2026-09-05T04:44:59Z</time>
      </trkpt>
      <trkpt lat="41.776367481797934" lon="123.51240179501474">
        <ele>56</ele>
        <time>2026-09-05T04:45:01Z</time>
      </trkpt>
      <trkpt lat="41.776261031627655" lon="123.51245736703277">
        <ele>56.2</ele>
        <time>2026-09-05T04:45:03Z</time>
      </trkpt>
      <trkpt lat="41.77615617401898" lon="123.51248259656131">
        <ele>56.2</ele>
        <time>2026-09-05T04:45:05Z</time>
      </trkpt>
      <trkpt lat="41.77604536525905" lon="123.51247555576265">
        <ele>56.4</ele>
        <time>2026-09-05T04:45:07Z</time>
      </trkpt>
      <trkpt lat="41.77593288011849" lon="123.51244588382542">
        <ele>56.6</ele>
        <time>2026-09-05T04:45:09Z</time>
      </trkpt>
      <trkpt lat="41.775823663920164" lon="123.51239777170122">
        <ele>56.6</ele>
        <time>2026-09-05T04:45:11Z</time>
      </trkpt>
      <trkpt lat="41.77571536973119" lon="123.51234764792025">
        <ele>56.6</ele>
        <time>2026-09-05T04:45:13Z</time>
      </trkpt>
      <trkpt lat="41.775606237351894" lon="123.51230481639504">
        <ele>56.6</ele>
        <time>2026-09-05T04:45:15Z</time>
      </trkpt>
      <trkpt lat="41.77549668587744" lon="123.51226114667952">
        <ele>56.6</ele>
        <time>2026-09-05T04:45:17Z</time>
      </trkpt>
      <trkpt lat="41.7753866314888" lon="123.5122204106301">
        <ele>56.6</ele>
        <time>2026-09-05T04:45:19Z</time>
      </trkpt>
      <trkpt lat="41.775276409462094" lon="123.5121794231236">
        <ele>56.4</ele>
        <time>2026-09-05T04:45:21Z</time>
      </trkpt>
      <trkpt lat="41.77516618743539" lon="123.51213701069355">
        <ele>56.4</ele>
        <time>2026-09-05T04:45:23Z</time>
      </trkpt>
      <trkpt lat="41.77505546249449" lon="123.51209468208253">
        <ele>56.2</ele>
        <time>2026-09-05T04:45:25Z</time>
      </trkpt>
      <trkpt lat="41.7749479226768" lon="123.51205101236701">
        <ele>56.2</ele>
        <time>2026-09-05T04:45:27Z</time>
      </trkpt>
      <trkpt lat="41.77484323270619" lon="123.51201455108821">
        <ele>56</ele>
        <time>2026-09-05T04:45:29Z</time>
      </trkpt>
      <trkpt lat="41.7747407220304" lon="123.5120049957186">
        <ele>56</ele>
        <time>2026-09-05T04:45:31Z</time>
      </trkpt>
      <trkpt lat="41.77437988109887" lon="123.51169712841511">
        <ele>55.4</ele>
        <time>2026-09-05T04:51:31Z</time>
      </trkpt>
      <trkpt lat="41.77438189275563" lon="123.51169670931995">
        <ele>55.4</ele>
        <time>2026-09-05T04:51:33Z</time>
      </trkpt>
      <trkpt lat="41.77438725717366" lon="123.51169436238706">
        <ele>55.4</ele>
        <time>2026-09-05T04:51:35Z</time>
      </trkpt>
      <trkpt lat="41.774395471438766" lon="123.51168346591294">
        <ele>55.4</ele>
        <time>2026-09-05T04:51:37Z</time>
      </trkpt>
      <trkpt lat="41.77440511062741" lon="123.51166024804115">
        <ele>55.4</ele>
        <time>2026-09-05T04:51:39Z</time>
      </trkpt>
      <trkpt lat="41.77442313171923" lon="123.51162269711494">
        <ele>55.4</ele>
        <time>2026-09-05T04:51:41Z</time>
      </trkpt>
      <trkpt lat="41.774413073435426" lon="123.51156620308757">
        <ele>55.4</ele>
        <time>2026-09-05T04:51:43Z</time>
      </trkpt>
      <trkpt lat="41.77434928715229" lon="123.51151800714433">
        <ele>55.4</ele>
        <time>2026-09-05T04:51:45Z</time>
      </trkpt>
      <trkpt lat="41.77426328882575" lon="123.51149277761579">
        <ele>55.4</ele>
        <time>2026-09-05T04:51:47Z</time>
      </trkpt>
      <trkpt lat="41.774173183366656" lon="123.51146511733532">
        <ele>55.6</ele>
        <time>2026-09-05T04:51:49Z</time>
      </trkpt>
      <trkpt lat="41.77408752031624" lon="123.51142371073365">
        <ele>55.6</ele>
        <time>2026-09-05T04:51:51Z</time>
      </trkpt>
      <trkpt lat="41.77400202490389" lon="123.51138456724584">
        <ele>55.6</ele>
        <time>2026-09-05T04:51:53Z</time>
      </trkpt>
      <trkpt lat="41.773913595825434" lon="123.51133611984551">
        <ele>55.8</ele>
        <time>2026-09-05T04:51:55Z</time>
      </trkpt>
      <trkpt lat="41.77382382564247" lon="123.51127878762782">
        <ele>55.8</ele>
        <time>2026-09-05T04:51:57Z</time>
      </trkpt>
      <trkpt lat="41.7737358994782" lon="123.51121835410595">
        <ele>56</ele>
        <time>2026-09-05T04:51:59Z</time>
      </trkpt>
      <trkpt lat="41.773647386580706" lon="123.51116470992565">
        <ele>56</ele>
        <time>2026-09-05T04:52:01Z</time>
      </trkpt>
      <trkpt lat="41.77355099469423" lon="123.51113411597908">
        <ele>56</ele>
        <time>2026-09-05T04:52:03Z</time>
      </trkpt>
      <trkpt lat="41.77345661446452" lon="123.51116554811597">
        <ele>56</ele>
        <time>2026-09-05T04:52:05Z</time>
      </trkpt>
      <trkpt lat="41.77336852066219" lon="123.51126101799309">
        <ele>55.8</ele>
        <time>2026-09-05T04:52:07Z</time>
      </trkpt>
      <trkpt lat="41.77329886704683" lon="123.51140694692731">
        <ele>55.6</ele>
        <time>2026-09-05T04:52:09Z</time>
      </trkpt>
      <trkpt lat="41.77324262447655" lon="123.51156502962112">
        <ele>55.4</ele>
        <time>2026-09-05T04:52:11Z</time>
      </trkpt>
      <trkpt lat="41.77317598834634" lon="123.51168899796903">
        <ele>55.2</ele>
        <time>2026-09-05T04:52:13Z</time>
      </trkpt>
      <trkpt lat="41.773080015555024" lon="123.51173417642713">
        <ele>55</ele>
        <time>2026-09-05T04:52:15Z</time>
      </trkpt>
      <trkpt lat="41.772963255643845" lon="123.51168950088322">
        <ele>55</ele>
        <time>2026-09-05T04:52:17Z</time>
      </trkpt>
      <trkpt lat="41.772851860150695" lon="123.51158799603581">
        <ele>54.8</ele>
        <time>2026-09-05T04:52:19Z</time>
      </trkpt>
      <trkpt lat="41.772740464657545" lon="123.51149059832096">
        <ele>54.8</ele>
        <time>2026-09-05T04:52:22Z</time>
      </trkpt>
      <trkpt lat="41.772603671997786" lon="123.51138850674033">
        <ele>54.8</ele>
        <time>2026-09-05T04:52:24Z</time>
      </trkpt>
      <trkpt lat="41.77246511913836" lon="123.51130485534668">
        <ele>54.8</ele>
        <time>2026-09-05T04:52:26Z</time>
      </trkpt>
      <trkpt lat="41.77237618714571" lon="123.51126009598374">
        <ele>55</ele>
        <time>2026-09-05T04:52:28Z</time>
      </trkpt>
      <trkpt lat="41.77225020714104" lon="123.51118398830295">
        <ele>55</ele>
        <time>2026-09-05T04:52:30Z</time>
      </trkpt>
      <trkpt lat="41.77213436923921" lon="123.51109916344285">
        <ele>54.8</ele>
        <time>2026-09-05T04:52:32Z</time>
      </trkpt>
      <trkpt lat="41.77203822880983" lon="123.51104007102549">
        <ele>54.6</ele>
        <time>2026-09-05T04:52:34Z</time>
      </trkpt>
      <trkpt lat="41.77190629765391" lon="123.51097712293267">
        <ele>54.6</ele>
        <time>2026-09-05T04:52:36Z</time>
      </trkpt>
      <trkpt lat="41.77180730737746" lon="123.51092020981014">
        <ele>54.8</ele>
        <time>2026-09-05T04:52:38Z</time>
      </trkpt>
      <trkpt lat="41.7717310320586" lon="123.51086690090597">
        <ele>55</ele>
        <time>2026-09-05T04:52:40Z</time>
      </trkpt>
      <trkpt lat="41.77163363434374" lon="123.51079397834837">
        <ele>55</ele>
        <time>2026-09-05T04:52:42Z</time>
      </trkpt>
      <trkpt lat="41.77149323746562" lon="123.51069951429963">
        <ele>55</ele>
        <time>2026-09-05T04:52:44Z</time>
      </trkpt>
      <trkpt lat="41.771283354610205" lon="123.5105958301574">
        <ele>54.8</ele>
        <time>2026-09-05T04:52:46Z</time>
      </trkpt>
      <trkpt lat="41.77114387974143" lon="123.51055819541216">
        <ele>54.6</ele>
        <time>2026-09-05T04:52:48Z</time>
      </trkpt>
      <trkpt lat="41.771069280803204" lon="123.51055450737476">
        <ele>54.6</ele>
        <time>2026-09-05T04:52:50Z</time>
      </trkpt>
      <trkpt lat="41.77091077901423" lon="123.51052952930331">
        <ele>54.4</ele>
        <time>2026-09-05T04:52:52Z</time>
      </trkpt>
      <trkpt lat="41.77077482454479" lon="123.51047856733203">
        <ele>54.4</ele>
        <time>2026-09-05T04:52:54Z</time>
      </trkpt>
      <trkpt lat="41.77065270021558" lon="123.510417714715">
        <ele>54.2</ele>
        <time>2026-09-05T04:52:57Z</time>
      </trkpt>
      <trkpt lat="41.77053602412343" lon="123.51035996340215">
        <ele>54.2</ele>
        <time>2026-09-05T04:52:59Z</time>
      </trkpt>
      <trkpt lat="41.77038858644664" lon="123.5102971829474">
        <ele>54</ele>
        <time>2026-09-05T04:53:01Z</time>
      </trkpt>
      <trkpt lat="41.77025799639523" lon="123.51024529896677">
        <ele>54.2</ele>
        <time>2026-09-05T04:53:03Z</time>
      </trkpt>
      <trkpt lat="41.77015355788171" lon="123.51020540110767">
        <ele>54</ele>
        <time>2026-09-05T04:53:05Z</time>
      </trkpt>
      <trkpt lat="41.770015927031636" lon="123.51014899089932">
        <ele>54</ele>
        <time>2026-09-05T04:53:07Z</time>
      </trkpt>
      <trkpt lat="41.769875697791576" lon="123.5100913234055">
        <ele>54</ele>
        <time>2026-09-05T04:53:09Z</time>
      </trkpt>
      <trkpt lat="41.7697243206203" lon="123.51002820767462">
        <ele>54.2</ele>
        <time>2026-09-05T04:53:11Z</time>
      </trkpt>
      <trkpt lat="41.76962608471513" lon="123.50998654961586">
        <ele>54.2</ele>
        <time>2026-09-05T04:53:13Z</time>
      </trkpt>
      <trkpt lat="41.76953572779894" lon="123.50994782522321">
        <ele>54.2</ele>
        <time>2026-09-05T04:53:15Z</time>
      </trkpt>
      <trkpt lat="41.76942483521998" lon="123.50989015772939">
        <ele>54.2</ele>
        <time>2026-09-05T04:53:18Z</time>
      </trkpt>
      <trkpt lat="41.76928007975221" lon="123.50979309529066">
        <ele>54.2</ele>
        <time>2026-09-05T04:53:20Z</time>
      </trkpt>
      <trkpt lat="41.7691320553422" lon="123.50969628430903">
        <ele>54.2</ele>
        <time>2026-09-05T04:53:22Z</time>
      </trkpt>
      <trkpt lat="41.76900657825172" lon="123.50962017662823">
        <ele>54.2</ele>
        <time>2026-09-05T04:53:24Z</time>
      </trkpt>
      <trkpt lat="41.768916891887784" lon="123.50956561043859">
        <ele>54.2</ele>
        <time>2026-09-05T04:53:26Z</time>
      </trkpt>
      <trkpt lat="41.76878906786442" lon="123.50948061794043">
        <ele>54.2</ele>
        <time>2026-09-05T04:53:28Z</time>
      </trkpt>
      <trkpt lat="41.768669206649065" lon="123.50940082222223">
        <ele>54</ele>
        <time>2026-09-05T04:53:30Z</time>
      </trkpt>
      <trkpt lat="41.76854909397662" lon="123.50934659130871">
        <ele>54</ele>
        <time>2026-09-05T04:53:32Z</time>
      </trkpt>
      <trkpt lat="41.768457563593984" lon="123.50932228378952">
        <ele>54</ele>
        <time>2026-09-05T04:53:34Z</time>
      </trkpt>
      <trkpt lat="41.768330577760935" lon="123.50935547612607">
        <ele>54</ele>
        <time>2026-09-05T04:53:36Z</time>
      </trkpt>
      <trkpt lat="41.76817308180034" lon="123.50939076393843">
        <ele>54</ele>
        <time>2026-09-05T04:53:38Z</time>
      </trkpt>
      <trkpt lat="41.76806663163006" lon="123.50938766263425">
        <ele>54</ele>
        <time>2026-09-05T04:53:40Z</time>
      </trkpt>
      <trkpt lat="41.767943082377315" lon="123.50933368317783">
        <ele>54</ele>
        <time>2026-09-05T04:53:42Z</time>
      </trkpt>
      <trkpt lat="41.76784920506179" lon="123.50927802734077">
        <ele>54</ele>
        <time>2026-09-05T04:53:44Z</time>
      </trkpt>
      <trkpt lat="41.76769078709185" lon="123.50916755385697">
        <ele>54</ele>
        <time>2026-09-05T04:53:46Z</time>
      </trkpt>
      <trkpt lat="41.76755642518401" lon="123.50906998850405">
        <ele>54</ele>
        <time>2026-09-05T04:53:49Z</time>
      </trkpt>
      <trkpt lat="41.76740965805948" lon="123.50899027660489">
        <ele>54</ele>
        <time>2026-09-05T04:53:51Z</time>
      </trkpt>
      <trkpt lat="41.76725786179304" lon="123.50891668349504">
        <ele>54</ele>
        <time>2026-09-05T04:53:53Z</time>
      </trkpt>
      <trkpt lat="41.767137330025434" lon="123.50886438041925">
        <ele>54</ele>
        <time>2026-09-05T04:53:55Z</time>
      </trkpt>
      <trkpt lat="41.76702811382711" lon="123.5088140051812">
        <ele>53.8</ele>
        <time>2026-09-05T04:53:57Z</time>
      </trkpt>
      <trkpt lat="41.76691805943847" lon="123.50875281728804">
        <ele>53.8</ele>
        <time>2026-09-05T04:53:59Z</time>
      </trkpt>
      <trkpt lat="41.76680188626051" lon="123.50868509151042">
        <ele>53.8</ele>
        <time>2026-09-05T04:54:01Z</time>
      </trkpt>
      <trkpt lat="41.76667892374098" lon="123.50861778482795">
        <ele>53.8</ele>
        <time>2026-09-05T04:54:03Z</time>
      </trkpt>
      <trkpt lat="41.76655068062246" lon="123.50855517201126">
        <ele>53.8</ele>
        <time>2026-09-05T04:54:05Z</time>
      </trkpt>
      <trkpt lat="41.766421934589744" lon="123.5084958281368">
        <ele>53.8</ele>
        <time>2026-09-05T04:54:07Z</time>
      </trkpt>
      <trkpt lat="41.7662946972996" lon="123.50843522697687">
        <ele>53.8</ele>
        <time>2026-09-05T04:54:09Z</time>
      </trkpt>
      <trkpt lat="41.76617173478007" lon="123.508369512856">
        <ele>54</ele>
        <time>2026-09-05T04:54:11Z</time>
      </trkpt>
      <trkpt lat="41.766051203012466" lon="123.50829885341227">
        <ele>54</ele>
        <time>2026-09-05T04:54:13Z</time>
      </trkpt>
      <trkpt lat="41.76593008451164" lon="123.50822961889207">
        <ele>54</ele>
        <time>2026-09-05T04:54:15Z</time>
      </trkpt>
      <trkpt lat="41.76580611616373" lon="123.50816885009408">
        <ele>54</ele>
        <time>2026-09-05T04:54:17Z</time>
      </trkpt>
      <trkpt lat="41.76567887887359" lon="123.50811311043799">
        <ele>54.2</ele>
        <time>2026-09-05T04:54:19Z</time>
      </trkpt>
      <trkpt lat="41.76555407233536" lon="123.50804789923131">
        <ele>54.2</ele>
        <time>2026-09-05T04:54:21Z</time>
      </trkpt>
      <trkpt lat="41.765437396243215" lon="123.50796097889543">
        <ele>54</ele>
        <time>2026-09-05T04:54:23Z</time>
      </trkpt>
      <trkpt lat="41.76532348617911" lon="123.50787548348308">
        <ele>54</ele>
        <time>2026-09-05T04:54:25Z</time>
      </trkpt>
      <trkpt lat="41.76520027220249" lon="123.50782309658825">
        <ele>54</ele>
        <time>2026-09-05T04:54:27Z</time>
      </trkpt>
      <trkpt lat="41.76506976597011" lon="123.5077965259552">
        <ele>54</ele>
        <time>2026-09-05T04:54:29Z</time>
      </trkpt>
      <trkpt lat="41.76494219340384" lon="123.50775738246739">
        <ele>54</ele>
        <time>2026-09-05T04:54:31Z</time>
      </trkpt>
      <trkpt lat="41.76482149399817" lon="123.50769619457424">
        <ele>54.2</ele>
        <time>2026-09-05T04:54:33Z</time>
      </trkpt>
      <trkpt lat="41.76470632664859" lon="123.50762201473117">
        <ele>54.2</ele>
        <time>2026-09-05T04:54:35Z</time>
      </trkpt>
      <trkpt lat="41.76459342241287" lon="123.50753635168076">
        <ele>54.2</ele>
        <time>2026-09-05T04:54:37Z</time>
      </trkpt>
      <trkpt lat="41.76447842270136" lon="123.50744817405939">
        <ele>54.2</ele>
        <time>2026-09-05T04:54:39Z</time>
      </trkpt>
      <trkpt lat="41.76436032168567" lon="123.50736477412283">
        <ele>54.4</ele>
        <time>2026-09-05T04:54:41Z</time>
      </trkpt>
      <trkpt lat="41.764241801574826" lon="123.50729998201132">
        <ele>54.8</ele>
        <time>2026-09-05T04:54:43Z</time>
      </trkpt>
      <trkpt lat="41.76412663422525" lon="123.50724860094488">
        <ele>55</ele>
        <time>2026-09-05T04:54:45Z</time>
      </trkpt>
      <trkpt lat="41.76400945521891" lon="123.50719445385039">
        <ele>55</ele>
        <time>2026-09-05T04:54:47Z</time>
      </trkpt>
      <trkpt lat="41.763886995613575" lon="123.50713645108044">
        <ele>54.8</ele>
        <time>2026-09-05T04:54:49Z</time>
      </trkpt>
      <trkpt lat="41.763759506866336" lon="123.50707735866308">
        <ele>54.6</ele>
        <time>2026-09-05T04:54:51Z</time>
      </trkpt>
      <trkpt lat="41.763633862137794" lon="123.50701181218028">
        <ele>54.6</ele>
        <time>2026-09-05T04:54:53Z</time>
      </trkpt>
      <trkpt lat="41.76352070644498" lon="123.5069230478257">
        <ele>54.6</ele>
        <time>2026-09-05T04:54:55Z</time>
      </trkpt>
      <trkpt lat="41.76341417245567" lon="123.50681265816092">
        <ele>54.4</ele>
        <time>2026-09-05T04:54:57Z</time>
      </trkpt>
      <trkpt lat="41.76330436952412" lon="123.50670939311385">
        <ele>54.2</ele>
        <time>2026-09-05T04:54:59Z</time>
      </trkpt>
      <trkpt lat="41.763183837756515" lon="123.50662481971085">
        <ele>54.2</ele>
        <time>2026-09-05T04:55:01Z</time>
      </trkpt>
      <trkpt lat="41.763053918257356" lon="123.5065551660955">
        <ele>54.2</ele>
        <time>2026-09-05T04:55:03Z</time>
      </trkpt>
      <trkpt lat="41.762931291013956" lon="123.50647578947246">
        <ele>54</ele>
        <time>2026-09-05T04:55:05Z</time>
      </trkpt>
      <trkpt lat="41.76282291300595" lon="123.5063770506531">
        <ele>54.2</ele>
        <time>2026-09-05T04:55:07Z</time>
      </trkpt>
      <trkpt lat="41.76272761076689" lon="123.50625844672322">
        <ele>54.2</ele>
        <time>2026-09-05T04:55:09Z</time>
      </trkpt>
      <trkpt lat="41.762639014050364" lon="123.50612726993859">
        <ele>54.2</ele>
        <time>2026-09-05T04:55:11Z</time>
      </trkpt>
      <trkpt lat="41.762556033208966" lon="123.50598561577499">
        <ele>54.2</ele>
        <time>2026-09-05T04:55:13Z</time>
      </trkpt>
      <trkpt lat="41.762476321309805" lon="123.50583960302174">
        <ele>54.2</ele>
        <time>2026-09-05T04:55:15Z</time>
      </trkpt>
      <trkpt lat="41.762389400973916" lon="123.50570431910455">
        <ele>54.2</ele>
        <time>2026-09-05T04:55:17Z</time>
      </trkpt>
      <trkpt lat="41.762284794822335" lon="123.50559560582042">
        <ele>54.2</ele>
        <time>2026-09-05T04:55:19Z</time>
      </trkpt>
      <trkpt lat="41.76217499189079" lon="123.50550181232393">
        <ele>54</ele>
        <time>2026-09-05T04:55:21Z</time>
      </trkpt>
      <trkpt lat="41.762075163424015" lon="123.50539159029722">
        <ele>54</ele>
        <time>2026-09-05T04:55:23Z</time>
      </trkpt>
      <trkpt lat="41.76200081594288" lon="123.50525027140975">
        <ele>54</ele>
        <time>2026-09-05T04:55:25Z</time>
      </trkpt>
      <trkpt lat="41.761947087943554" lon="123.5050873272121">
        <ele>53.8</ele>
        <time>2026-09-05T04:55:27Z</time>
      </trkpt>
      <trkpt lat="41.761888079345226" lon="123.50492672994733">
        <ele>54</ele>
        <time>2026-09-05T04:55:29Z</time>
      </trkpt>
      <trkpt lat="41.76181498914957" lon="123.50477912463248">
        <ele>54</ele>
        <time>2026-09-05T04:55:31Z</time>
      </trkpt>
      <trkpt lat="41.7617252189666" lon="123.50464987568557">
        <ele>54</ele>
        <time>2026-09-05T04:55:33Z</time>
      </trkpt>
      <trkpt lat="41.76162740215659" lon="123.5045310202986">
        <ele>54.2</ele>
        <time>2026-09-05T04:55:35Z</time>
      </trkpt>
      <trkpt lat="41.761525478214025" lon="123.50442071445286">
        <ele>54.4</ele>
        <time>2026-09-05T04:55:37Z</time>
      </trkpt>
      <trkpt lat="41.761420369148254" lon="123.50432239472866">
        <ele>54.6</ele>
        <time>2026-09-05T04:55:39Z</time>
      </trkpt>
      <trkpt lat="41.76130201667547" lon="123.50425072945654">
        <ele>54.6</ele>
        <time>2026-09-05T04:55:41Z</time>
      </trkpt>
      <trkpt lat="41.76117863506079" lon="123.50418367423117">
        <ele>54.6</ele>
        <time>2026-09-05T04:55:43Z</time>
      </trkpt>
      <trkpt lat="41.761065227910876" lon="123.50408795289695">
        <ele>54.6</ele>
        <time>2026-09-05T04:55:45Z</time>
      </trkpt>
      <trkpt lat="41.76096808165312" lon="123.50396641530097">
        <ele>54.8</ele>
        <time>2026-09-05T04:55:47Z</time>
      </trkpt>
      <trkpt lat="41.76088560372591" lon="123.50382610224187">
        <ele>55</ele>
        <time>2026-09-05T04:55:49Z</time>
      </trkpt>
      <trkpt lat="41.76081242971122" lon="123.50367539562285">
        <ele>55</ele>
        <time>2026-09-05T04:55:51Z</time>
      </trkpt>
      <trkpt lat="41.7607462964952" lon="123.50351982749999">
        <ele>55</ele>
        <time>2026-09-05T04:55:53Z</time>
      </trkpt>
      <trkpt lat="41.76067488268018" lon="123.50336627103388">
        <ele>54.8</ele>
        <time>2026-09-05T04:55:55Z</time>
      </trkpt>
      <trkpt lat="41.760594667866826" lon="123.50322444923222">
        <ele>54.8</ele>
        <time>2026-09-05T04:55:57Z</time>
      </trkpt>
      <trkpt lat="41.76050439476967" lon="123.50309587083757">
        <ele>54.8</ele>
        <time>2026-09-05T04:55:59Z</time>
      </trkpt>
      <trkpt lat="41.76040666177869" lon="123.50297450087965">
        <ele>54.8</ele>
        <time>2026-09-05T04:56:01Z</time>
      </trkpt>
      <trkpt lat="41.76031161099672" lon="123.5028456710279">
        <ele>54.8</ele>
        <time>2026-09-05T04:56:03Z</time>
      </trkpt>
      <trkpt lat="41.76021966151893" lon="123.50270728580654">
        <ele>54.6</ele>
        <time>2026-09-05T04:56:05Z</time>
      </trkpt>
      <trkpt lat="41.760136764496565" lon="123.50256177596748">
        <ele>54.4</ele>
        <time>2026-09-05T04:56:07Z</time>
      </trkpt>
      <trkpt lat="41.76008462905884" lon="123.50239925086498">
        <ele>54.2</ele>
        <time>2026-09-05T04:56:09Z</time>
      </trkpt>
      <trkpt lat="41.76004422828555" lon="123.50223287008703">
        <ele>54.2</ele>
        <time>2026-09-05T04:56:11Z</time>
      </trkpt>
      <trkpt lat="41.75997868180275" lon="123.50208492949605">
        <ele>54.4</ele>
        <time>2026-09-05T04:56:13Z</time>
      </trkpt>
      <trkpt lat="41.759892515838146" lon="123.50195526145399">
        <ele>54.4</ele>
        <time>2026-09-05T04:56:15Z</time>
      </trkpt>
      <trkpt lat="41.75979042425752" lon="123.50183296948671">
        <ele>54.4</ele>
        <time>2026-09-05T04:56:17Z</time>
      </trkpt>
      <trkpt lat="41.75968112424016" lon="123.50171579048038">
        <ele>54.4</ele>
        <time>2026-09-05T04:56:19Z</time>
      </trkpt>
      <trkpt lat="41.7595736682415" lon="123.50159358233213">
        <ele>54.4</ele>
        <time>2026-09-05T04:56:21Z</time>
      </trkpt>
      <trkpt lat="41.75947736017406" lon="123.50145771168172">
        <ele>54.6</ele>
        <time>2026-09-05T04:56:23Z</time>
      </trkpt>
      <trkpt lat="41.75939278677106" lon="123.50131060928106">
        <ele>54.6</ele>
        <time>2026-09-05T04:56:25Z</time>
      </trkpt>
      <trkpt lat="41.75931131467223" lon="123.50116199813783">
        <ele>54.6</ele>
        <time>2026-09-05T04:56:27Z</time>
      </trkpt>
      <trkpt lat="41.75922866910696" lon="123.50101456046104">
        <ele>54.6</ele>
        <time>2026-09-05T04:56:29Z</time>
      </trkpt>
      <trkpt lat="41.759146777912974" lon="123.5008698888123">
        <ele>54.4</ele>
        <time>2026-09-05T04:56:31Z</time>
      </trkpt>
      <trkpt lat="41.759066730737686" lon="123.50072856992483">
        <ele>54.4</ele>
        <time>2026-09-05T04:56:33Z</time>
      </trkpt>
      <trkpt lat="41.758986515924335" lon="123.50058649666607">
        <ele>54.2</ele>
        <time>2026-09-05T04:56:35Z</time>
      </trkpt>
      <trkpt lat="41.758905965834856" lon="123.5004414897412">
        <ele>54.2</ele>
        <time>2026-09-05T04:56:37Z</time>
      </trkpt>
      <trkpt lat="41.75882901996374" lon="123.50029438734055">
        <ele>54</ele>
        <time>2026-09-05T04:56:39Z</time>
      </trkpt>
      <trkpt lat="41.758757857605815" lon="123.50014510564506">
        <ele>54</ele>
        <time>2026-09-05T04:56:41Z</time>
      </trkpt>
      <trkpt lat="41.758693316951394" lon="123.49999071098864">
        <ele>54</ele>
        <time>2026-09-05T04:56:43Z</time>
      </trkpt>
      <trkpt lat="41.75863288342953" lon="123.49983078427613">
        <ele>53.8</ele>
        <time>2026-09-05T04:56:45Z</time>
      </trkpt>
      <trkpt lat="41.75856691785157" lon="123.49966825917363">
        <ele>53.6</ele>
        <time>2026-09-05T04:56:47Z</time>
      </trkpt>
      <trkpt lat="41.75849516876042" lon="123.49950975738466">
        <ele>53.4</ele>
        <time>2026-09-05T04:56:49Z</time>
      </trkpt>
      <trkpt lat="41.75842643715441" lon="123.49935284815729">
        <ele>53.4</ele>
        <time>2026-09-05T04:56:51Z</time>
      </trkpt>
      <trkpt lat="41.758362567052245" lon="123.4991900715977">
        <ele>53.4</ele>
        <time>2026-09-05T04:56:53Z</time>
      </trkpt>
      <trkpt lat="41.758300960063934" lon="123.49902578629553">
        <ele>53.6</ele>
        <time>2026-09-05T04:56:55Z</time>
      </trkpt>
      <trkpt lat="41.75823608413339" lon="123.49887181073427">
        <ele>54</ele>
        <time>2026-09-05T04:56:57Z</time>
      </trkpt>
      <trkpt lat="41.758161233738065" lon="123.49873032420874">
        <ele>54.2</ele>
        <time>2026-09-05T04:56:59Z</time>
      </trkpt>
      <trkpt lat="41.75807171501219" lon="123.49860484711826">
        <ele>54.4</ele>
        <time>2026-09-05T04:57:01Z</time>
      </trkpt>
      <trkpt lat="41.757972138002515" lon="123.49849035032094">
        <ele>54.4</ele>
        <time>2026-09-05T04:57:03Z</time>
      </trkpt>
      <trkpt lat="41.7578848823905" lon="123.4983538929373">
        <ele>54.2</ele>
        <time>2026-09-05T04:57:05Z</time>
      </trkpt>
      <trkpt lat="41.75781221129" lon="123.49819606170058">
        <ele>54</ele>
        <time>2026-09-05T04:57:07Z</time>
      </trkpt>
      <trkpt lat="41.757738618180156" lon="123.49803789518774">
        <ele>53.8</ele>
        <time>2026-09-05T04:57:09Z</time>
      </trkpt>
      <trkpt lat="41.757659493014216" lon="123.49788651801646">
        <ele>53.4</ele>
        <time>2026-09-05T04:57:11Z</time>
      </trkpt>
      <trkpt lat="41.75758112221956" lon="123.4977354761213">
        <ele>53.2</ele>
        <time>2026-09-05T04:57:13Z</time>
      </trkpt>
      <trkpt lat="41.757504008710384" lon="123.49758275784552">
        <ele>53</ele>
        <time>2026-09-05T04:57:15Z</time>
      </trkpt>
      <trkpt lat="41.75743192434311" lon="123.49743456579745">
        <ele>53.2</ele>
        <time>2026-09-05T04:57:17Z</time>
      </trkpt>
      <trkpt lat="41.757362773641944" lon="123.49729735404253">
        <ele>53.4</ele>
        <time>2026-09-05T04:57:19Z</time>
      </trkpt>
      <trkpt lat="41.757299490273" lon="123.49715821444988">
        <ele>53.8</ele>
        <time>2026-09-05T04:57:21Z</time>
      </trkpt>
      <trkpt lat="41.757243080064654" lon="123.49700650200248">
        <ele>53.8</ele>
        <time>2026-09-05T04:57:23Z</time>
      </trkpt>
      <trkpt lat="41.75720293074846" lon="123.49683559499681">
        <ele>54</ele>
        <time>2026-09-05T04:57:25Z</time>
      </trkpt>
      <trkpt lat="41.75718071870506" lon="123.49665228277445">
        <ele>54</ele>
        <time>2026-09-05T04:57:27Z</time>
      </trkpt>
      <trkpt lat="41.75717049278319" lon="123.49646855145693">
        <ele>54</ele>
        <time>2026-09-05T04:57:29Z</time>
      </trkpt>
      <trkpt lat="41.75716521218419" lon="123.49628750234842">
        <ele>54</ele>
        <time>2026-09-05T04:57:31Z</time>
      </trkpt>
      <trkpt lat="41.7571543995291" lon="123.49611022509634">
        <ele>54</ele>
        <time>2026-09-05T04:57:33Z</time>
      </trkpt>
      <trkpt lat="41.757131265476346" lon="123.4959346242249">
        <ele>54</ele>
        <time>2026-09-05T04:57:35Z</time>
      </trkpt>
      <trkpt lat="41.75707921385765" lon="123.49576991982758">
        <ele>54</ele>
        <time>2026-09-05T04:57:37Z</time>
      </trkpt>
      <trkpt lat="41.756998328492045" lon="123.49562717601657">
        <ele>54</ele>
        <time>2026-09-05T04:57:39Z</time>
      </trkpt>
      <trkpt lat="41.75689640454948" lon="123.49550496786833">
        <ele>53.8</ele>
        <time>2026-09-05T04:57:41Z</time>
      </trkpt>
      <trkpt lat="41.75680009648204" lon="123.49538317881525">
        <ele>53.6</ele>
        <time>2026-09-05T04:57:43Z</time>
      </trkpt>
      <trkpt lat="41.75675047561526" lon="123.49523448385298">
        <ele>53.4</ele>
        <time>2026-09-05T04:57:45Z</time>
      </trkpt>
      <trkpt lat="41.75675676204264" lon="123.49506156519055">
        <ele>53.4</ele>
        <time>2026-09-05T04:57:47Z</time>
      </trkpt>
      <trkpt lat="41.75678542815149" lon="123.49488009698689">
        <ele>53.4</ele>
        <time>2026-09-05T04:57:49Z</time>
      </trkpt>
      <trkpt lat="41.75680277869105" lon="123.49469837732613">
        <ele>53.4</ele>
        <time>2026-09-05T04:57:51Z</time>
      </trkpt>
      <trkpt lat="41.75681040622294" lon="123.49452160298824">
        <ele>53.6</ele>
        <time>2026-09-05T04:57:53Z</time>
      </trkpt>
      <trkpt lat="41.75681711174548" lon="123.49434901960194">
        <ele>53.6</ele>
        <time>2026-09-05T04:57:55Z</time>
      </trkpt>
      <trkpt lat="41.7568037007004" lon="123.49418071098626">
        <ele>53.6</ele>
        <time>2026-09-05T04:57:57Z</time>
      </trkpt>
      <trkpt lat="41.7567468713969" lon="123.49402472376823">
        <ele>53.4</ele>
        <time>2026-09-05T04:57:59Z</time>
      </trkpt>
      <trkpt lat="41.756671937182546" lon="123.49387435242534">
        <ele>53.4</ele>
        <time>2026-09-05T04:58:01Z</time>
      </trkpt>
      <trkpt lat="41.756620137020946" lon="123.49371048621833">
        <ele>53.2</ele>
        <time>2026-09-05T04:58:03Z</time>
      </trkpt>
      <trkpt lat="41.75658216699958" lon="123.49353790283203">
        <ele>53.2</ele>
        <time>2026-09-05T04:58:05Z</time>
      </trkpt>
      <trkpt lat="41.75654889084399" lon="123.49336422979832">
        <ele>53.2</ele>
        <time>2026-09-05T04:58:07Z</time>
      </trkpt>
      <trkpt lat="41.75651720725" lon="123.49319407716393">
        <ele>53.4</ele>
        <time>2026-09-05T04:58:09Z</time>
      </trkpt>
      <trkpt lat="41.756487702950835" lon="123.49302585236728">
        <ele>53.4</ele>
        <time>2026-09-05T04:58:11Z</time>
      </trkpt>
      <trkpt lat="41.75646071322262" lon="123.49285737611353">
        <ele>53.4</ele>
        <time>2026-09-05T04:58:13Z</time>
      </trkpt>
      <trkpt lat="41.756432466208935" lon="123.49268638528883">
        <ele>53.4</ele>
        <time>2026-09-05T04:58:15Z</time>
      </trkpt>
      <trkpt lat="41.75639667548239" lon="123.49251321516931">
        <ele>53.6</ele>
        <time>2026-09-05T04:58:17Z</time>
      </trkpt>
      <trkpt lat="41.756343115121126" lon="123.4923493489623">
        <ele>53.6</ele>
        <time>2026-09-05T04:58:19Z</time>
      </trkpt>
      <trkpt lat="41.75627346150577" lon="123.49220233038068">
        <ele>53.6</ele>
        <time>2026-09-05T04:58:21Z</time>
      </trkpt>
      <trkpt lat="41.75620892085135" lon="123.49205908365548">
        <ele>53.4</ele>
        <time>2026-09-05T04:58:23Z</time>
      </trkpt>
      <trkpt lat="41.75615913234651" lon="123.49190695211291">
        <ele>53.2</ele>
        <time>2026-09-05T04:58:25Z</time>
      </trkpt>
      <trkpt lat="41.75612451508641" lon="123.49174761213362">
        <ele>53.2</ele>
        <time>2026-09-05T04:58:27Z</time>
      </trkpt>
      <trkpt lat="41.75609542988241" lon="123.49158835597336">
        <ele>53</ele>
        <time>2026-09-05T04:58:29Z</time>
      </trkpt>
      <trkpt lat="41.75607397221029" lon="123.49143211729825">
        <ele>52.8</ele>
        <time>2026-09-05T04:58:31Z</time>
      </trkpt>
      <trkpt lat="41.7560750618577" lon="123.49127914756536">
        <ele>52.8</ele>
        <time>2026-09-05T04:58:33Z</time>
      </trkpt>
      <trkpt lat="41.75608771853149" lon="123.4911291114986">
        <ele>52.8</ele>
        <time>2026-09-05T04:58:35Z</time>
      </trkpt>
      <trkpt lat="41.75607933662832" lon="123.49098955281079">
        <ele>52.8</ele>
        <time>2026-09-05T04:58:37Z</time>
      </trkpt>
      <trkpt lat="41.75605561584234" lon="123.49085980094969">
        <ele>52.6</ele>
        <time>2026-09-05T04:58:39Z</time>
      </trkpt>
      <trkpt lat="41.75602418370545" lon="123.49073650315404">
        <ele>52.6</ele>
        <time>2026-09-05T04:58:41Z</time>
      </trkpt>
      <trkpt lat="41.75600188784301" lon="123.49064446985722">
        <ele>52.4</ele>
        <time>2026-09-05T04:58:43Z</time>
      </trkpt>
      <trkpt lat="41.7559854593128" lon="123.49058671854436">
        <ele>52.4</ele>
        <time>2026-09-05T04:58:45Z</time>
      </trkpt>
      <trkpt lat="41.75597473047674" lon="123.49056995473802">
        <ele>52.4</ele>
        <time>2026-09-05T04:58:47Z</time>
      </trkpt>
      <trkpt lat="41.755971629172564" lon="123.49057221785188">
        <ele>52.2</ele>
        <time>2026-09-05T04:58:49Z</time>
      </trkpt>
      <trkpt lat="41.75596752204001" lon="123.49057347513735">
        <ele>52.4</ele>
        <time>2026-09-05T04:58:51Z</time>
      </trkpt>
      <trkpt lat="41.75596525892615" lon="123.49056291393936">
        <ele>52.6</ele>
        <time>2026-09-05T04:58:53Z</time>
      </trkpt>
      <trkpt lat="41.75596500746906" lon="123.4905466530472">
        <ele>52.4</ele>
        <time>2026-09-05T04:58:55Z</time>
      </trkpt>
      <trkpt lat="41.755967773497105" lon="123.49053726531565">
        <ele>52.4</ele>
        <time>2026-09-05T04:58:57Z</time>
      </trkpt>
      <trkpt lat="41.75597297027707" lon="123.49053055979311">
        <ele>52.4</ele>
        <time>2026-09-05T04:58:59Z</time>
      </trkpt>
      <trkpt lat="41.75597699359059" lon="123.49051899276674">
        <ele>52.4</ele>
        <time>2026-09-05T04:59:01Z</time>
      </trkpt>
      <trkpt lat="41.7559801787138" lon="123.49048018455505">
        <ele>52.4</ele>
        <time>2026-09-05T04:59:03Z</time>
      </trkpt>
      <trkpt lat="41.75597732886672" lon="123.49042310379446">
        <ele>52.2</ele>
        <time>2026-09-05T04:59:05Z</time>
      </trkpt>
      <trkpt lat="41.75600356422365" lon="123.49037130363286">
        <ele>52.2</ele>
        <time>2026-09-05T04:59:07Z</time>
      </trkpt>
      <trkpt lat="41.75606726668775" lon="123.49032335914671">
        <ele>52.2</ele>
        <time>2026-09-05T04:59:09Z</time>
      </trkpt>
      <trkpt lat="41.75614530220628" lon="123.49025814794004">
        <ele>52</ele>
        <time>2026-09-05T04:59:11Z</time>
      </trkpt>
      <trkpt lat="41.75620079040527" lon="123.49015479907393">
        <ele>51.8</ele>
        <time>2026-09-05T04:59:13Z</time>
      </trkpt>
      <trkpt lat="41.75621730275452" lon="123.49001641385257">
        <ele>51.6</ele>
        <time>2026-09-05T04:59:15Z</time>
      </trkpt>
      <trkpt lat="41.756204813718796" lon="123.48986629396677">
        <ele>51.2</ele>
        <time>2026-09-05T04:59:17Z</time>
      </trkpt>
      <trkpt lat="41.75618746317923" lon="123.48971860483289">
        <ele>50.8</ele>
        <time>2026-09-05T04:59:19Z</time>
      </trkpt>
      <trkpt lat="41.75615561194718" lon="123.48956781439483">
        <ele>50.4</ele>
        <time>2026-09-05T04:59:21Z</time>
      </trkpt>
      <trkpt lat="41.75612241961062" lon="123.48941350355744">
        <ele>50.4</ele>
        <time>2026-09-05T04:59:23Z</time>
      </trkpt>
      <trkpt lat="41.75609618425369" lon="123.48925776779652">
        <ele>50.6</ele>
        <time>2026-09-05T04:59:25Z</time>
      </trkpt>
      <trkpt lat="41.75607271492481" lon="123.48909951746464">
        <ele>51</ele>
        <time>2026-09-05T04:59:27Z</time>
      </trkpt>
      <trkpt lat="41.75604379735887" lon="123.48894009366632">
        <ele>50.8</ele>
        <time>2026-09-05T04:59:29Z</time>
      </trkpt>
      <trkpt lat="41.75601412542164" lon="123.48878150805831">
        <ele>50.8</ele>
        <time>2026-09-05T04:59:31Z</time>
      </trkpt>
      <trkpt lat="41.75598210655153" lon="123.48861671984196">
        <ele>50.6</ele>
        <time>2026-09-05T04:59:33Z</time>
      </trkpt>
      <trkpt lat="41.75594950094819" lon="123.48844757303596">
        <ele>50.2</ele>
        <time>2026-09-05T04:59:35Z</time>
      </trkpt>
      <trkpt lat="41.75591915845871" lon="123.48827817477286">
        <ele>50</ele>
        <time>2026-09-05T04:59:37Z</time>
      </trkpt>
      <trkpt lat="41.75589116290212" lon="123.48811028525233">
        <ele>50</ele>
        <time>2026-09-05T04:59:39Z</time>
      </trkpt>
      <trkpt lat="41.75586576573551" lon="123.4879423957318">
        <ele>50.2</ele>
        <time>2026-09-05T04:59:41Z</time>
      </trkpt>
      <trkpt lat="41.75583869218826" lon="123.48777391947806">
        <ele>50.2</ele>
        <time>2026-09-05T04:59:43Z</time>
      </trkpt>
      <trkpt lat="41.75580910407007" lon="123.48760561086237">
        <ele>50.4</ele>
        <time>2026-09-05T04:59:45Z</time>
      </trkpt>
      <trkpt lat="41.75577809102833" lon="123.48743445239961">
        <ele>50.4</ele>
        <time>2026-09-05T04:59:47Z</time>
      </trkpt>
      <trkpt lat="41.755747916176915" lon="123.4872626233846">
        <ele>50.4</ele>
        <time>2026-09-05T04:59:49Z</time>
      </trkpt>
      <trkpt lat="41.755717070773244" lon="123.48708878271282">
        <ele>50.6</ele>
        <time>2026-09-05T04:59:51Z</time>
      </trkpt>
      <trkpt lat="41.75568480044603" lon="123.48691762425005">
        <ele>50.6</ele>
        <time>2026-09-05T04:59:53Z</time>
      </trkpt>
      <trkpt lat="41.7556537874043" lon="123.48674789071083">
        <ele>50.6</ele>
        <time>2026-09-05T04:59:55Z</time>
      </trkpt>
      <trkpt lat="41.75562403164804" lon="123.48657958209515">
        <ele>50.6</ele>
        <time>2026-09-05T04:59:57Z</time>
      </trkpt>
      <trkpt lat="41.75559469498694" lon="123.48641672171652">
        <ele>50.4</ele>
        <time>2026-09-05T04:59:59Z</time>
      </trkpt>
      <trkpt lat="41.75556728616357" lon="123.48626065067947">
        <ele>50.6</ele>
        <time>2026-09-05T05:00:01Z</time>
      </trkpt>
      <trkpt lat="41.7555396258831" lon="123.48610466346145">
        <ele>50.8</ele>
        <time>2026-09-05T05:00:03Z</time>
      </trkpt>
      <trkpt lat="41.75550978630781" lon="123.48594691604376">
        <ele>50.6</ele>
        <time>2026-09-05T05:00:05Z</time>
      </trkpt>
      <trkpt lat="41.75548170693219" lon="123.48578824661672">
        <ele>50.4</ele>
        <time>2026-09-05T05:00:07Z</time>
      </trkpt>
      <trkpt lat="41.75545438192785" lon="123.48562982864678">
        <ele>50.2</ele>
        <time>2026-09-05T05:00:09Z</time>
      </trkpt>
      <trkpt lat="41.755424458533525" lon="123.48547166213393">
        <ele>50.4</ele>
        <time>2026-09-05T05:00:11Z</time>
      </trkpt>
      <trkpt lat="41.755391685292125" lon="123.48531022667885">
        <ele>50.4</ele>
        <time>2026-09-05T05:00:13Z</time>
      </trkpt>
      <trkpt lat="41.75535757094622" lon="123.48514535464346">
        <ele>50.2</ele>
        <time>2026-09-05T05:00:15Z</time>
      </trkpt>
      <trkpt lat="41.75532680936158" lon="123.4849813207984">
        <ele>50.4</ele>
        <time>2026-09-05T05:00:17Z</time>
      </trkpt>
      <trkpt lat="41.7552980594337" lon="123.48481862805784">
        <ele>50.4</ele>
        <time>2026-09-05T05:00:19Z</time>
      </trkpt>
      <trkpt lat="41.7552668787539" lon="123.48465861752629">
        <ele>50.4</ele>
        <time>2026-09-05T05:00:21Z</time>
      </trkpt>
      <trkpt lat="41.75523511134088" lon="123.48449936136603">
        <ele>50.6</ele>
        <time>2026-09-05T05:00:23Z</time>
      </trkpt>
      <trkpt lat="41.75520577467978" lon="123.48433775827289">
        <ele>50.6</ele>
        <time>2026-09-05T05:00:25Z</time>
      </trkpt>
      <trkpt lat="41.75517777912319" lon="123.48417489789426">
        <ele>50.4</ele>
        <time>2026-09-05T05:00:27Z</time>
      </trkpt>
      <trkpt lat="41.755149364471436" lon="123.48401069641113">
        <ele>50.4</ele>
        <time>2026-09-05T05:00:29Z</time>
      </trkpt>
      <trkpt lat="41.755123464390635" lon="123.48384984768927">
        <ele>50.4</ele>
        <time>2026-09-05T05:00:31Z</time>
      </trkpt>
      <trkpt lat="41.755098486319184" lon="123.48368715494871">
        <ele>50.4</ele>
        <time>2026-09-05T05:00:33Z</time>
      </trkpt>
      <trkpt lat="41.75507350824773" lon="123.48352270200849">
        <ele>50.4</ele>
        <time>2026-09-05T05:00:35Z</time>
      </trkpt>
      <trkpt lat="41.755048613995314" lon="123.48335816524923">
        <ele>50.2</ele>
        <time>2026-09-05T05:00:37Z</time>
      </trkpt>
      <trkpt lat="41.75502489320934" lon="123.48319329321384">
        <ele>50.2</ele>
        <time>2026-09-05T05:00:39Z</time>
      </trkpt>
      <trkpt lat="41.75499949604273" lon="123.48302951082587">
        <ele>50</ele>
        <time>2026-09-05T05:00:41Z</time>
      </trkpt>
      <trkpt lat="41.75497259013355" lon="123.4828654769808">
        <ele>50</ele>
        <time>2026-09-05T05:00:43Z</time>
      </trkpt>
      <trkpt lat="41.75494719296694" lon="123.4827002696693">
        <ele>50</ele>
        <time>2026-09-05T05:00:45Z</time>
      </trkpt>
      <trkpt lat="41.75492179580033" lon="123.48253481090069">
        <ele>50</ele>
        <time>2026-09-05T05:00:47Z</time>
      </trkpt>
      <trkpt lat="41.754895225167274" lon="123.4823685977608">
        <ele>49.8</ele>
        <time>2026-09-05T05:00:49Z</time>
      </trkpt>
      <trkpt lat="41.754868319258094" lon="123.48220188170671">
        <ele>50</ele>
        <time>2026-09-05T05:00:51Z</time>
      </trkpt>
      <trkpt lat="41.75484158098698" lon="123.48203768022358">
        <ele>50</ele>
        <time>2026-09-05T05:00:53Z</time>
      </trkpt>
      <trkpt lat="41.75481492653489" lon="123.48187590949237">
        <ele>50</ele>
        <time>2026-09-05T05:00:55Z</time>
      </trkpt>
      <trkpt lat="41.754789194092155" lon="123.48171455785632">
        <ele>50.2</ele>
        <time>2026-09-05T05:00:57Z</time>
      </trkpt>
      <trkpt lat="41.754764299839735" lon="123.4815532900393">
        <ele>50.4</ele>
        <time>2026-09-05T05:00:59Z</time>
      </trkpt>
      <trkpt lat="41.754741836339235" lon="123.48139327950776">
        <ele>50</ele>
        <time>2026-09-05T05:01:01Z</time>
      </trkpt>
      <trkpt lat="41.75471459515393" lon="123.48123360425234">
        <ele>50</ele>
        <time>2026-09-05T05:01:03Z</time>
      </trkpt>
      <trkpt lat="41.754684587940574" lon="123.48107376135886">
        <ele>50</ele>
        <time>2026-09-05T05:01:05Z</time>
      </trkpt>
      <trkpt lat="41.7546555865556" lon="123.48091559484601">
        <ele>49.8</ele>
        <time>2026-09-05T05:01:07Z</time>
      </trkpt>
      <trkpt lat="41.75462541170418" lon="123.48075550049543">
        <ele>50</ele>
        <time>2026-09-05T05:01:09Z</time>
      </trkpt>
      <trkpt lat="41.75459783524275" lon="123.48059565760195">
        <ele>50</ele>
        <time>2026-09-05T05:01:11Z</time>
      </trkpt>
      <trkpt lat="41.75457143224776" lon="123.48043346777558">
        <ele>50</ele>
        <time>2026-09-05T05:01:13Z</time>
      </trkpt>
      <trkpt lat="41.75454561598599" lon="123.48026826046407">
        <ele>50</ele>
        <time>2026-09-05T05:01:15Z</time>
      </trkpt>
      <trkpt lat="41.75452072173357" lon="123.48010187968612">
        <ele>49.8</ele>
        <time>2026-09-05T05:01:17Z</time>
      </trkpt>
      <trkpt lat="41.75449398346245" lon="123.47993742674589">
        <ele>50</ele>
        <time>2026-09-05T05:01:19Z</time>
      </trkpt>
      <trkpt lat="41.75446682609618" lon="123.479771213606">
        <ele>50</ele>
        <time>2026-09-05T05:01:21Z</time>
      </trkpt>
      <trkpt lat="41.754440758377314" lon="123.47960692830384">
        <ele>50</ele>
        <time>2026-09-05T05:01:23Z</time>
      </trkpt>
      <trkpt lat="41.7544172052294" lon="123.4794450737536">
        <ele>50</ele>
        <time>2026-09-05T05:01:25Z</time>
      </trkpt>
      <trkpt lat="41.75439608283341" lon="123.47928447648883">
        <ele>50.2</ele>
        <time>2026-09-05T05:01:27Z</time>
      </trkpt>
      <trkpt lat="41.7543757148087" lon="123.47912278957665">
        <ele>50.2</ele>
        <time>2026-09-05T05:01:29Z</time>
      </trkpt>
      <trkpt lat="41.754353335127234" lon="123.47896051593125">
        <ele>50.4</ele>
        <time>2026-09-05T05:01:31Z</time>
      </trkpt>
      <trkpt lat="41.75432668067515" lon="123.47879715263844">
        <ele>50.4</ele>
        <time>2026-09-05T05:01:33Z</time>
      </trkpt>
      <trkpt lat="41.75429776310921" lon="123.47863487899303">
        <ele>50.4</ele>
        <time>2026-09-05T05:01:35Z</time>
      </trkpt>
      <trkpt lat="41.75426851026714" lon="123.47847235389054">
        <ele>50.4</ele>
        <time>2026-09-05T05:01:37Z</time>
      </trkpt>
      <trkpt lat="41.75424110144377" lon="123.47830697894096">
        <ele>50.4</ele>
        <time>2026-09-05T05:01:39Z</time>
      </trkpt>
      <trkpt lat="41.754215285182" lon="123.47814361564815">
        <ele>50.4</ele>
        <time>2026-09-05T05:01:41Z</time>
      </trkpt>
      <trkpt lat="41.754188211634755" lon="123.4779825154692">
        <ele>50.4</ele>
        <time>2026-09-05T05:01:43Z</time>
      </trkpt>
      <trkpt lat="41.75415929406881" lon="123.47782267257571">
        <ele>50.4</ele>
        <time>2026-09-05T05:01:45Z</time>
      </trkpt>
      <trkpt lat="41.754133058711886" lon="123.47766341641545">
        <ele>50.6</ele>
        <time>2026-09-05T05:01:47Z</time>
      </trkpt>
      <trkpt lat="41.754108583554626" lon="123.47750348970294">
        <ele>50.4</ele>
        <time>2026-09-05T05:01:49Z</time>
      </trkpt>
      <trkpt lat="41.754083186388016" lon="123.47734197042882">
        <ele>50.4</ele>
        <time>2026-09-05T05:01:51Z</time>
      </trkpt>
      <trkpt lat="41.75405351445079" lon="123.47717785276473">
        <ele>50.2</ele>
        <time>2026-09-05T05:01:53Z</time>
      </trkpt>
      <trkpt lat="41.75402216613293" lon="123.4770115558058">
        <ele>50.2</ele>
        <time>2026-09-05T05:01:55Z</time>
      </trkpt>
      <trkpt lat="41.75399450585246" lon="123.47684416919947">
        <ele>50.2</ele>
        <time>2026-09-05T05:01:57Z</time>
      </trkpt>
      <trkpt lat="41.753971790894866" lon="123.47668147645891">
        <ele>50.2</ele>
        <time>2026-09-05T05:01:59Z</time>
      </trkpt>
      <trkpt lat="41.75395863130689" lon="123.4765212982893">
        <ele>50.2</ele>
        <time>2026-09-05T05:02:01Z</time>
      </trkpt>
      <trkpt lat="41.75393859855831" lon="123.47635441459715">
        <ele>50</ele>
        <time>2026-09-05T05:02:03Z</time>
      </trkpt>
      <trkpt lat="41.753910183906555" lon="123.47617940045893">
        <ele>49.6</ele>
        <time>2026-09-05T05:02:05Z</time>
      </trkpt>
      <trkpt lat="41.75388168543577" lon="123.47599659115076">
        <ele>49.6</ele>
        <time>2026-09-05T05:02:07Z</time>
      </trkpt>
      <trkpt lat="41.75384430214763" lon="123.47581101581454">
        <ele>49.4</ele>
        <time>2026-09-05T05:02:09Z</time>
      </trkpt>
      <trkpt lat="41.753801219165325" lon="123.475629882887">
        <ele>49.6</ele>
        <time>2026-09-05T05:02:11Z</time>
      </trkpt>
      <trkpt lat="41.753762159496546" lon="123.47544757649302">
        <ele>49.8</ele>
        <time>2026-09-05T05:02:13Z</time>
      </trkpt>
      <trkpt lat="41.75372921861708" lon="123.4752609115094">
        <ele>49.8</ele>
        <time>2026-09-05T05:02:15Z</time>
      </trkpt>
      <trkpt lat="41.7537004686892" lon="123.47507391124964">
        <ele>50</ele>
        <time>2026-09-05T05:02:17Z</time>
      </trkpt>
      <trkpt lat="41.753667863085866" lon="123.47488582134247">
        <ele>50</ele>
        <time>2026-09-05T05:02:19Z</time>
      </trkpt>
      <trkpt lat="41.75363567657769" lon="123.47469965927303">
        <ele>50</ele>
        <time>2026-09-05T05:02:21Z</time>
      </trkpt>
      <trkpt lat="41.75360156223178" lon="123.47451416775584">
        <ele>50</ele>
        <time>2026-09-05T05:02:23Z</time>
      </trkpt>
      <trkpt lat="41.7535675317049" lon="123.47432750277221">
        <ele>50.2</ele>
        <time>2026-09-05T05:02:25Z</time>
      </trkpt>
      <trkpt lat="41.7535366024822" lon="123.4741400834173">
        <ele>50.2</ele>
        <time>2026-09-05T05:02:27Z</time>
      </trkpt>
      <trkpt lat="41.753505086526275" lon="123.47395501099527">
        <ele>50.2</ele>
        <time>2026-09-05T05:02:29Z</time>
      </trkpt>
      <trkpt lat="41.75347323529422" lon="123.47377069294453">
        <ele>50.2</ele>
        <time>2026-09-05T05:02:31Z</time>
      </trkpt>
      <trkpt lat="41.75344666466117" lon="123.4735858719796">
        <ele>50</ele>
        <time>2026-09-05T05:02:33Z</time>
      </trkpt>
      <trkpt lat="41.75342562608421" lon="123.47340255975723">
        <ele>49.8</ele>
        <time>2026-09-05T05:02:35Z</time>
      </trkpt>
      <trkpt lat="41.75340718589723" lon="123.47321949899197">
        <ele>50.2</ele>
        <time>2026-09-05T05:02:37Z</time>
      </trkpt>
      <trkpt lat="41.7533864825964" lon="123.47303258255124">
        <ele>50.4</ele>
        <time>2026-09-05T05:02:39Z</time>
      </trkpt>
      <trkpt lat="41.753365779295564" lon="123.47284751012921">
        <ele>50.4</ele>
        <time>2026-09-05T05:02:41Z</time>
      </trkpt>
      <trkpt lat="41.75334851257503" lon="123.47266252152622">
        <ele>50.2</ele>
        <time>2026-09-05T05:02:43Z</time>
      </trkpt>
      <trkpt lat="41.753338957205415" lon="123.47247920930386">
        <ele>50.2</ele>
        <time>2026-09-05T05:02:45Z</time>
      </trkpt>
      <trkpt lat="41.75332445651293" lon="123.4722607769072">
        <ele>50.4</ele>
        <time>2026-09-05T05:02:47Z</time>
      </trkpt>
      <trkpt lat="41.75330786034465" lon="123.47206212580204">
        <ele>50.4</ele>
        <time>2026-09-05T05:02:49Z</time>
      </trkpt>
      <trkpt lat="41.75329369492829" lon="123.47190286964178">
        <ele>50.4</ele>
        <time>2026-09-05T05:02:51Z</time>
      </trkpt>
      <trkpt lat="41.75327315926552" lon="123.47167270258069">
        <ele>50.4</ele>
        <time>2026-09-05T05:02:53Z</time>
      </trkpt>
      <trkpt lat="41.75325036048889" lon="123.47143046557903">
        <ele>50.4</ele>
        <time>2026-09-05T05:02:55Z</time>
      </trkpt>
      <trkpt lat="41.75323158502579" lon="123.47122645005584">
        <ele>50.4</ele>
        <time>2026-09-05T05:02:58Z</time>
      </trkpt>
      <trkpt lat="41.75321700051427" lon="123.4710386954248">
        <ele>50.8</ele>
        <time>2026-09-05T05:03:00Z</time>
      </trkpt>
      <trkpt lat="41.75320526584983" lon="123.47085890360177">
        <ele>51</ele>
        <time>2026-09-05T05:03:02Z</time>
      </trkpt>
      <trkpt lat="41.753193363547325" lon="123.47068548202515">
        <ele>51</ele>
        <time>2026-09-05T05:03:04Z</time>
      </trkpt>
      <trkpt lat="41.75318665802479" lon="123.4705569036305">
        <ele>51.2</ele>
        <time>2026-09-05T05:03:06Z</time>
      </trkpt>
      <trkpt lat="41.753181125968695" lon="123.47043318673968">
        <ele>51.2</ele>
        <time>2026-09-05T05:03:08Z</time>
      </trkpt>
      <trkpt lat="41.753166960552335" lon="123.47022942267358">
        <ele>51.4</ele>
        <time>2026-09-05T05:03:10Z</time>
      </trkpt>
      <trkpt lat="41.75315271131694" lon="123.46991686150432">
        <ele>51.4</ele>
        <time>2026-09-05T05:03:12Z</time>
      </trkpt>
      <trkpt lat="41.753151370212436" lon="123.46974452957511">
        <ele>51.4</ele>
        <time>2026-09-05T05:03:15Z</time>
      </trkpt>
      <trkpt lat="41.753150364384055" lon="123.4695795737207">
        <ele>51.4</ele>
        <time>2026-09-05T05:03:17Z</time>
      </trkpt>
      <trkpt lat="41.75314701162279" lon="123.46941872499883">
        <ele>51.4</ele>
        <time>2026-09-05T05:03:19Z</time>
      </trkpt>
      <trkpt lat="41.7531446646899" lon="123.46925879828632">
        <ele>51.4</ele>
        <time>2026-09-05T05:03:21Z</time>
      </trkpt>
      <trkpt lat="41.75314189866185" lon="123.46909895539284">
        <ele>51.4</ele>
        <time>2026-09-05T05:03:23Z</time>
      </trkpt>
      <trkpt lat="41.75313829444349" lon="123.46893601119518">
        <ele>51.4</ele>
        <time>2026-09-05T05:03:25Z</time>
      </trkpt>
      <trkpt lat="41.753135696053505" lon="123.46876946277916">
        <ele>51.4</ele>
        <time>2026-09-05T05:03:27Z</time>
      </trkpt>
      <trkpt lat="41.753133768215775" lon="123.46860056743026">
        <ele>51.2</ele>
        <time>2026-09-05T05:03:29Z</time>
      </trkpt>
      <trkpt lat="41.75313267856836" lon="123.46847509033978">
        <ele>51.2</ele>
        <time>2026-09-05T05:03:31Z</time>
      </trkpt>
      <trkpt lat="41.75313192419708" lon="123.46832295879722">
        <ele>51.2</ele>
        <time>2026-09-05T05:03:33Z</time>
      </trkpt>
      <trkpt lat="41.75313049927354" lon="123.46811642870307">
        <ele>51.2</ele>
        <time>2026-09-05T05:03:35Z</time>
      </trkpt>
      <trkpt lat="41.75313049927354" lon="123.46792967990041">
        <ele>51.2</ele>
        <time>2026-09-05T05:03:37Z</time>
      </trkpt>
      <trkpt lat="41.75313209183514" lon="123.4677560068667">
        <ele>51.2</ele>
        <time>2026-09-05T05:03:39Z</time>
      </trkpt>
      <trkpt lat="41.753134774044156" lon="123.46758618950844">
        <ele>51.2</ele>
        <time>2026-09-05T05:03:41Z</time>
      </trkpt>
      <trkpt lat="41.7531377915293" lon="123.46741519868374">
        <ele>51.2</ele>
        <time>2026-09-05T05:03:43Z</time>
      </trkpt>
      <trkpt lat="41.75314382649958" lon="123.46724680624902">
        <ele>51</ele>
        <time>2026-09-05T05:03:45Z</time>
      </trkpt>
      <trkpt lat="41.753153717145324" lon="123.46708478406072">
        <ele>50.8</ele>
        <time>2026-09-05T05:03:47Z</time>
      </trkpt>
      <trkpt lat="41.75316126085818" lon="123.46692309714854">
        <ele>50.8</ele>
        <time>2026-09-05T05:03:49Z</time>
      </trkpt>
      <trkpt lat="41.753167463466525" lon="123.4667625837028">
        <ele>50.8</ele>
        <time>2026-09-05T05:03:51Z</time>
      </trkpt>
      <trkpt lat="41.753179198130965" lon="123.466607183218">
        <ele>50.8</ele>
        <time>2026-09-05T05:03:53Z</time>
      </trkpt>
      <trkpt lat="41.75319638103247" lon="123.46645228564739">
        <ele>50.6</ele>
        <time>2026-09-05T05:03:55Z</time>
      </trkpt>
      <trkpt lat="41.7531999014318" lon="123.4662947896868">
        <ele>50.6</ele>
        <time>2026-09-05T05:03:57Z</time>
      </trkpt>
      <trkpt lat="41.75320040434599" lon="123.46613519825041">
        <ele>50.8</ele>
        <time>2026-09-05T05:03:59Z</time>
      </trkpt>
      <trkpt lat="41.75320241600275" lon="123.46597434952855">
        <ele>50.8</ele>
        <time>2026-09-05T05:04:01Z</time>
      </trkpt>
      <trkpt lat="41.75320786423981" lon="123.4658161830157">
        <ele>50.8</ele>
        <time>2026-09-05T05:04:03Z</time>
      </trkpt>
      <trkpt lat="41.753222616389394" lon="123.46566891297698">
        <ele>50.6</ele>
        <time>2026-09-05T05:04:05Z</time>
      </trkpt>
      <trkpt lat="41.75324725918472" lon="123.46553279086947">
        <ele>50.8</ele>
        <time>2026-09-05T05:04:07Z</time>
      </trkpt>
      <trkpt lat="41.75328246317804" lon="123.46540370956063">
        <ele>50.8</ele>
        <time>2026-09-05T05:04:09Z</time>
      </trkpt>
      <trkpt lat="41.75331951119006" lon="123.46527672372758">
        <ele>50.8</ele>
        <time>2026-09-05T05:04:11Z</time>
      </trkpt>
      <trkpt lat="41.7533640190959" lon="123.46515342593193">
        <ele>50.8</ele>
        <time>2026-09-05T05:04:13Z</time>
      </trkpt>
      <trkpt lat="41.753426883369684" lon="123.46504068933427">
        <ele>50.8</ele>
        <time>2026-09-05T05:04:15Z</time>
      </trkpt>
      <trkpt lat="41.75350282341242" lon="123.46493817865849">
        <ele>51</ele>
        <time>2026-09-05T05:04:17Z</time>
      </trkpt>
      <trkpt lat="41.75357960164547" lon="123.4648375120014">
        <ele>51</ele>
        <time>2026-09-05T05:04:19Z</time>
      </trkpt>
      <trkpt lat="41.75365386530757" lon="123.46473542042077">
        <ele>51.2</ele>
        <time>2026-09-05T05:04:21Z</time>
      </trkpt>
      <trkpt lat="41.75372083671391" lon="123.4646266233176">
        <ele>51.2</ele>
        <time>2026-09-05T05:04:23Z</time>
      </trkpt>
      <trkpt lat="41.75378059968352" lon="123.46451078541577">
        <ele>51.4</ele>
        <time>2026-09-05T05:04:25Z</time>
      </trkpt>
      <trkpt lat="41.75383239984512" lon="123.46438832581043">
        <ele>51.4</ele>
        <time>2026-09-05T05:04:27Z</time>
      </trkpt>
      <trkpt lat="41.75387313589454" lon="123.46425907686353">
        <ele>51.4</ele>
        <time>2026-09-05T05:04:29Z</time>
      </trkpt>
      <trkpt lat="41.75390213727951" lon="123.46412630751729">
        <ele>51.4</ele>
        <time>2026-09-05T05:04:31Z</time>
      </trkpt>
      <trkpt lat="41.75392602570355" lon="123.4639947116375">
        <ele>51.6</ele>
        <time>2026-09-05T05:04:33Z</time>
      </trkpt>
      <trkpt lat="41.75394999794662" lon="123.46386563032866">
        <ele>51.6</ele>
        <time>2026-09-05T05:04:35Z</time>
      </trkpt>
      <trkpt lat="41.7539734672755" lon="123.46373906359076">
        <ele>51.6</ele>
        <time>2026-09-05T05:04:37Z</time>
      </trkpt>
      <trkpt lat="41.75399802625179" lon="123.46361232921481">
        <ele>51.8</ele>
        <time>2026-09-05T05:04:39Z</time>
      </trkpt>
      <trkpt lat="41.754025015980005" lon="123.46348291262984">
        <ele>51.8</ele>
        <time>2026-09-05T05:04:41Z</time>
      </trkpt>
      <trkpt lat="41.75405317917466" lon="123.46335098147392">
        <ele>51.8</ele>
        <time>2026-09-05T05:04:43Z</time>
      </trkpt>
      <trkpt lat="41.75408385694027" lon="123.46322122961283">
        <ele>51.8</ele>
        <time>2026-09-05T05:04:45Z</time>
      </trkpt>
      <trkpt lat="41.75411269068718" lon="123.46309650689363">
        <ele>51.8</ele>
        <time>2026-09-05T05:04:47Z</time>
      </trkpt>
      <trkpt lat="41.75414009951055" lon="123.46297396346927">
        <ele>52</ele>
        <time>2026-09-05T05:04:49Z</time>
      </trkpt>
      <trkpt lat="41.75416759215295" lon="123.4628479834646">
        <ele>52</ele>
        <time>2026-09-05T05:04:51Z</time>
      </trkpt>
      <trkpt lat="41.754195084795356" lon="123.46271772868931">
        <ele>52</ele>
        <time>2026-09-05T05:04:53Z</time>
      </trkpt>
      <trkpt lat="41.75422416999936" lon="123.46258705481887">
        <ele>51.8</ele>
        <time>2026-09-05T05:04:55Z</time>
      </trkpt>
      <trkpt lat="41.75425526686013" lon="123.46245512366295">
        <ele>51.8</ele>
        <time>2026-09-05T05:04:57Z</time>
      </trkpt>
      <trkpt lat="41.75428678281605" lon="123.46232118085027">
        <ele>51.8</ele>
        <time>2026-09-05T05:04:59Z</time>
      </trkpt>
      <trkpt lat="41.754319136962295" lon="123.46218639984727">
        <ele>51.8</ele>
        <time>2026-09-05T05:05:01Z</time>
      </trkpt>
      <trkpt lat="41.75435107201338" lon="123.46205128356814">
        <ele>51.8</ele>
        <time>2026-09-05T05:05:03Z</time>
      </trkpt>
      <trkpt lat="41.75438015721738" lon="123.46191658638418">
        <ele>51.8</ele>
        <time>2026-09-05T05:05:05Z</time>
      </trkpt>
      <trkpt lat="41.75441066734493" lon="123.46178892999887">
        <ele>51.8</ele>
        <time>2026-09-05T05:05:07Z</time>
      </trkpt>
      <trkpt lat="41.75444218330085" lon="123.46166085451841">
        <ele>51.8</ele>
        <time>2026-09-05T05:05:09Z</time>
      </trkpt>
      <trkpt lat="41.754475459456444" lon="123.46152951009572">
        <ele>51.8</ele>
        <time>2026-09-05T05:05:11Z</time>
      </trkpt>
      <trkpt lat="41.75450697541237" lon="123.46139498054981">
        <ele>51.8</ele>
        <time>2026-09-05T05:05:13Z</time>
      </trkpt>
      <trkpt lat="41.75453832373023" lon="123.46125877462327">
        <ele>51.6</ele>
        <time>2026-09-05T05:05:15Z</time>
      </trkpt>
      <trkpt lat="41.754570761695504" lon="123.46112332306802">
        <ele>51.8</ele>
        <time>2026-09-05T05:05:17Z</time>
      </trkpt>
      <trkpt lat="41.75460730679333" lon="123.46099021844566">
        <ele>51.8</ele>
        <time>2026-09-05T05:05:19Z</time>
      </trkpt>
      <trkpt lat="41.75465315580368" lon="123.46086046658456">
        <ele>51.8</ele>
        <time>2026-09-05T05:05:21Z</time>
      </trkpt>
      <trkpt lat="41.75470931455493" lon="123.46073515713215">
        <ele>51.6</ele>
        <time>2026-09-05T05:05:23Z</time>
      </trkpt>
      <trkpt lat="41.75477276556194" lon="123.46061412245035">
        <ele>51.6</ele>
        <time>2026-09-05T05:05:25Z</time>
      </trkpt>
      <trkpt lat="41.7548352945596" lon="123.46049350686371">
        <ele>51.6</ele>
        <time>2026-09-05T05:05:27Z</time>
      </trkpt>
      <trkpt lat="41.75489991903305" lon="123.46037557348609">
        <ele>51.6</ele>
        <time>2026-09-05T05:05:29Z</time>
      </trkpt>
      <trkpt lat="41.754971416667104" lon="123.46026157960296">
        <ele>51.6</ele>
        <time>2026-09-05T05:05:31Z</time>
      </trkpt>
      <trkpt lat="41.75504878163338" lon="123.46015320159495">
        <ele>51.6</ele>
        <time>2026-09-05T05:05:33Z</time>
      </trkpt>
      <trkpt lat="41.75512505695224" lon="123.46004390157759">
        <ele>51.6</ele>
        <time>2026-09-05T05:05:35Z</time>
      </trkpt>
      <trkpt lat="41.75519856624305" lon="123.45993242226541">
        <ele>51.6</ele>
        <time>2026-09-05T05:05:37Z</time>
      </trkpt>
      <trkpt lat="41.755270985886455" lon="123.45981817692518">
        <ele>51.6</ele>
        <time>2026-09-05T05:05:39Z</time>
      </trkpt>
      <trkpt lat="41.75534348934889" lon="123.45970368012786">
        <ele>51.6</ele>
        <time>2026-09-05T05:05:41Z</time>
      </trkpt>
      <trkpt lat="41.75541440024972" lon="123.45958817750216">
        <ele>51.6</ele>
        <time>2026-09-05T05:05:43Z</time>
      </trkpt>
      <trkpt lat="41.75548531115055" lon="123.45947376452386">
        <ele>51.8</ele>
        <time>2026-09-05T05:05:45Z</time>
      </trkpt>
      <trkpt lat="41.75555462948978" lon="123.45935901626945">
        <ele>51.8</ele>
        <time>2026-09-05T05:05:47Z</time>
      </trkpt>
      <trkpt lat="41.75562118180096" lon="123.45924317836761">
        <ele>52</ele>
        <time>2026-09-05T05:05:49Z</time>
      </trkpt>
      <trkpt lat="41.755686309188604" lon="123.45912910066545">
        <ele>52.2</ele>
        <time>2026-09-05T05:05:51Z</time>
      </trkpt>
      <trkpt lat="41.755751268938184" lon="123.45901728607714">
        <ele>52.4</ele>
        <time>2026-09-05T05:05:53Z</time>
      </trkpt>
      <trkpt lat="41.75581597723067" lon="123.45890413038433">
        <ele>52.4</ele>
        <time>2026-09-05T05:05:55Z</time>
      </trkpt>
      <trkpt lat="41.75588068552315" lon="123.45878971740603">
        <ele>52.6</ele>
        <time>2026-09-05T05:05:57Z</time>
      </trkpt>
      <trkpt lat="41.75594815984368" lon="123.4586778189987">
        <ele>52.6</ele>
        <time>2026-09-05T05:05:59Z</time>
      </trkpt>
      <trkpt lat="41.756018064916134" lon="123.45856910571456">
        <ele>52.6</ele>
        <time>2026-09-05T05:06:01Z</time>
      </trkpt>
      <trkpt lat="41.756089981645346" lon="123.45846047624946">
        <ele>52.4</ele>
        <time>2026-09-05T05:06:03Z</time>
      </trkpt>
      <trkpt lat="41.75616592168808" lon="123.4583564568311">
        <ele>52.4</ele>
        <time>2026-09-05T05:06:05Z</time>
      </trkpt>
      <trkpt lat="41.75626155920327" lon="123.45829325728118">
        <ele>52.4</ele>
        <time>2026-09-05T05:06:07Z</time>
      </trkpt>
      <trkpt lat="41.756372367963195" lon="123.45828018151224">
        <ele>52.4</ele>
        <time>2026-09-05T05:06:09Z</time>
      </trkpt>
      <trkpt lat="41.756486194208264" lon="123.45827976241708">
        <ele>52.4</ele>
        <time>2026-09-05T05:06:11Z</time>
      </trkpt>
      <trkpt lat="41.75659557804465" lon="123.4582541976124">
        <ele>52.4</ele>
        <time>2026-09-05T05:06:13Z</time>
      </trkpt>
      <trkpt lat="41.756690461188555" lon="123.4581822808832">
        <ele>52.6</ele>
        <time>2026-09-05T05:06:15Z</time>
      </trkpt>
      <trkpt lat="41.7567624617368" lon="123.45806920900941">
        <ele>52.6</ele>
        <time>2026-09-05T05:06:17Z</time>
      </trkpt>
      <trkpt lat="41.75680361688137" lon="123.45792906358838">
        <ele>52.6</ele>
        <time>2026-09-05T05:06:19Z</time>
      </trkpt>
      <trkpt lat="41.7568089812994" lon="123.45777760259807">
        <ele>52.6</ele>
        <time>2026-09-05T05:06:21Z</time>
      </trkpt>
      <trkpt lat="41.75678257830441" lon="123.4576310031116">
        <ele>52.6</ele>
        <time>2026-09-05T05:06:23Z</time>
      </trkpt>
      <trkpt lat="41.75673463381827" lon="123.45749798230827">
        <ele>52.6</ele>
        <time>2026-09-05T05:06:25Z</time>
      </trkpt>
      <trkpt lat="41.756673865020275" lon="123.45738667063415">
        <ele>52.6</ele>
        <time>2026-09-05T05:06:27Z</time>
      </trkpt>
      <trkpt lat="41.75659549422562" lon="123.45731282606721">
        <ele>52.6</ele>
        <time>2026-09-05T05:06:29Z</time>
      </trkpt>
      <trkpt lat="41.75650513730943" lon="123.45727485604584">
        <ele>52.6</ele>
        <time>2026-09-05T05:06:31Z</time>
      </trkpt>
      <trkpt lat="41.75641478039324" lon="123.45725138671696">
        <ele>52.6</ele>
        <time>2026-09-05T05:06:33Z</time>
      </trkpt>
      <trkpt lat="41.75634822808206" lon="123.45719330012798">
        <ele>52.4</ele>
        <time>2026-09-05T05:06:35Z</time>
      </trkpt>
      <trkpt lat="41.75632266327739" lon="123.45707930624485">
        <ele>52.6</ele>
        <time>2026-09-05T05:06:37Z</time>
      </trkpt>
      <trkpt lat="41.75631201826036" lon="123.45693748444319">
        <ele>52.6</ele>
        <time>2026-09-05T05:06:39Z</time>
      </trkpt>
      <trkpt lat="41.75630858168006" lon="123.45678971149027">
        <ele>52.6</ele>
        <time>2026-09-05T05:06:41Z</time>
      </trkpt>
      <trkpt lat="41.7562996968627" lon="123.45664612948895">
        <ele>52.6</ele>
        <time>2026-09-05T05:06:43Z</time>
      </trkpt>
      <trkpt lat="41.75628108903766" lon="123.45650615170598">
        <ele>52.6</ele>
        <time>2026-09-05T05:06:45Z</time>
      </trkpt>
      <trkpt lat="41.75625720061362" lon="123.45636541955173">
        <ele>52.6</ele>
        <time>2026-09-05T05:06:47Z</time>
      </trkpt>
      <trkpt lat="41.75623381510377" lon="123.45622141845524">
        <ele>52.6</ele>
        <time>2026-09-05T05:06:49Z</time>
      </trkpt>
      <trkpt lat="41.756210681051016" lon="123.45607632771134">
        <ele>52.6</ele>
        <time>2026-09-05T05:06:51Z</time>
      </trkpt>
      <trkpt lat="41.75618511624634" lon="123.45593056641519">
        <ele>52.4</ele>
        <time>2026-09-05T05:06:53Z</time>
      </trkpt>
      <trkpt lat="41.75616483204067" lon="123.45578212291002">
        <ele>52.4</ele>
        <time>2026-09-05T05:06:55Z</time>
      </trkpt>
      <trkpt lat="41.75614940933883" lon="123.45563208684325">
        <ele>52.6</ele>
        <time>2026-09-05T05:06:57Z</time>
      </trkpt>
      <trkpt lat="41.756133399903774" lon="123.45548230223358">
        <ele>52.6</ele>
        <time>2026-09-05T05:06:59Z</time>
      </trkpt>
      <trkpt lat="41.756119737401605" lon="123.45533771440387">
        <ele>52.6</ele>
        <time>2026-09-05T05:07:01Z</time>
      </trkpt>
      <trkpt lat="41.756106996908784" lon="123.455197988078">
        <ele>52.8</ele>
        <time>2026-09-05T05:07:03Z</time>
      </trkpt>
      <trkpt lat="41.75609107129276" lon="123.4550600219518">
        <ele>52.8</ele>
        <time>2026-09-05T05:07:05Z</time>
      </trkpt>
      <trkpt lat="41.7560716252774" lon="123.45491987653077">
        <ele>52.8</ele>
        <time>2026-09-05T05:07:07Z</time>
      </trkpt>
      <trkpt lat="41.756050921976566" lon="123.45477579161525">
        <ele>52.8</ele>
        <time>2026-09-05T05:07:09Z</time>
      </trkpt>
      <trkpt lat="41.756031811237335" lon="123.45463145524263">
        <ele>52.8</ele>
        <time>2026-09-05T05:07:11Z</time>
      </trkpt>
      <trkpt lat="41.756016220897436" lon="123.45448569394648">
        <ele>52.8</ele>
        <time>2026-09-05T05:07:13Z</time>
      </trkpt>
      <trkpt lat="41.756000965833664" lon="123.45433708280325">
        <ele>53</ele>
        <time>2026-09-05T05:07:15Z</time>
      </trkpt>
      <trkpt lat="41.75598420202732" lon="123.45418587327003">
        <ele>53</ele>
        <time>2026-09-05T05:07:17Z</time>
      </trkpt>
      <trkpt lat="41.755969701334834" lon="123.4540319815278">
        <ele>53</ele>
        <time>2026-09-05T05:07:19Z</time>
      </trkpt>
      <trkpt lat="41.75595712848008" lon="123.45387540757656">
        <ele>53</ele>
        <time>2026-09-05T05:07:21Z</time>
      </trkpt>
      <trkpt lat="41.755941370502114" lon="123.45371900126338">
        <ele>53</ele>
        <time>2026-09-05T05:07:23Z</time>
      </trkpt>
      <trkpt lat="41.75592117011547" lon="123.45356293022633">
        <ele>53</ele>
        <time>2026-09-05T05:07:25Z</time>
      </trkpt>
      <trkpt lat="41.75590306520462" lon="123.45341272652149">
        <ele>53</ele>
        <time>2026-09-05T05:07:27Z</time>
      </trkpt>
      <trkpt lat="41.755886217579246" lon="123.45326947979629">
        <ele>53.2</ele>
        <time>2026-09-05T05:07:29Z</time>
      </trkpt>
      <trkpt lat="41.75586987286806" lon="123.4531294181943">
        <ele>53.2</ele>
        <time>2026-09-05T05:07:31Z</time>
      </trkpt>
      <trkpt lat="41.75585512071848" lon="123.45299128443003">
        <ele>53.4</ele>
        <time>2026-09-05T05:07:33Z</time>
      </trkpt>
      <trkpt lat="41.75583760254085" lon="123.45285499468446">
        <ele>53.6</ele>
        <time>2026-09-05T05:07:35Z</time>
      </trkpt>
      <trkpt lat="41.755822598934174" lon="123.452716358006">
        <ele>53.8</ele>
        <time>2026-09-05T05:07:37Z</time>
      </trkpt>
      <trkpt lat="41.75581128336489" lon="123.45257671549916">
        <ele>53.8</ele>
        <time>2026-09-05T05:07:39Z</time>
      </trkpt>
      <trkpt lat="41.75580382347107" lon="123.4524348936975">
        <ele>53.8</ele>
        <time>2026-09-05T05:07:41Z</time>
      </trkpt>
      <trkpt lat="41.755795860663056" lon="123.45229080878198">
        <ele>53.8</ele>
        <time>2026-09-05T05:07:43Z</time>
      </trkpt>
      <trkpt lat="41.75578881986439" lon="123.4521468076855">
        <ele>53.6</ele>
        <time>2026-09-05T05:07:45Z</time>
      </trkpt>
      <trkpt lat="41.755782114341855" lon="123.45200607553124">
        <ele>53.6</ele>
        <time>2026-09-05T05:07:47Z</time>
      </trkpt>
      <trkpt lat="41.75577373243868" lon="123.45186685211957">
        <ele>53.4</ele>
        <time>2026-09-05T05:07:49Z</time>
      </trkpt>
      <trkpt lat="41.75576920621097" lon="123.45172829926014">
        <ele>53.2</ele>
        <time>2026-09-05T05:07:51Z</time>
      </trkpt>
      <trkpt lat="41.75576040521264" lon="123.45158630982041">
        <ele>53.2</ele>
        <time>2026-09-05T05:07:53Z</time>
      </trkpt>
      <trkpt lat="41.75574783235788" lon="123.45144281163812">
        <ele>53</ele>
        <time>2026-09-05T05:07:55Z</time>
      </trkpt>
      <trkpt lat="41.75573727115989" lon="123.45129721798003">
        <ele>52.8</ele>
        <time>2026-09-05T05:07:57Z</time>
      </trkpt>
      <trkpt lat="41.755734756588936" lon="123.4511499479413">
        <ele>52.8</ele>
        <time>2026-09-05T05:07:59Z</time>
      </trkpt>
      <trkpt lat="41.75573442131281" lon="123.45099739730358">
        <ele>52.6</ele>
        <time>2026-09-05T05:08:01Z</time>
      </trkpt>
      <trkpt lat="41.755735259503126" lon="123.45084182918072">
        <ele>52.6</ele>
        <time>2026-09-05T05:08:03Z</time>
      </trkpt>
      <trkpt lat="41.755738612264395" lon="123.45068818889558">
        <ele>52.4</ele>
        <time>2026-09-05T05:08:05Z</time>
      </trkpt>
      <trkpt lat="41.75574531778693" lon="123.45053488388658">
        <ele>52.4</ele>
        <time>2026-09-05T05:08:07Z</time>
      </trkpt>
      <trkpt lat="41.755755292251706" lon="123.45038317143917">
        <ele>52.4</ele>
        <time>2026-09-05T05:08:09Z</time>
      </trkpt>
      <trkpt lat="41.755765518173575" lon="123.4502299502492">
        <ele>52.4</ele>
        <time>2026-09-05T05:08:11Z</time>
      </trkpt>
      <trkpt lat="41.755771804600954" lon="123.45007689669728">
        <ele>52.4</ele>
        <time>2026-09-05T05:08:13Z</time>
      </trkpt>
      <trkpt lat="41.755774822086096" lon="123.44992459751666">
        <ele>52.4</ele>
        <time>2026-09-05T05:08:15Z</time>
      </trkpt>
      <trkpt lat="41.75577859394252" lon="123.449772214517">
        <ele>52.4</ele>
        <time>2026-09-05T05:08:17Z</time>
      </trkpt>
      <trkpt lat="41.75578395836055" lon="123.4496181551367">
        <ele>52.6</ele>
        <time>2026-09-05T05:08:19Z</time>
      </trkpt>
      <trkpt lat="41.7557848803699" lon="123.44946200028062">
        <ele>52.8</ele>
        <time>2026-09-05T05:08:21Z</time>
      </trkpt>
      <trkpt lat="41.75578446127474" lon="123.44930358231068">
        <ele>52.8</ele>
        <time>2026-09-05T05:08:23Z</time>
      </trkpt>
      <trkpt lat="41.75578370690346" lon="123.44914298504591">
        <ele>52.8</ele>
        <time>2026-09-05T05:08:25Z</time>
      </trkpt>
      <trkpt lat="41.755781192332506" lon="123.4489830583334">
        <ele>52.8</ele>
        <time>2026-09-05T05:08:27Z</time>
      </trkpt>
      <trkpt lat="41.755781108513474" lon="123.44882246106863">
        <ele>52.8</ele>
        <time>2026-09-05T05:08:29Z</time>
      </trkpt>
      <trkpt lat="41.75578420981765" lon="123.44866320490837">
        <ele>52.8</ele>
        <time>2026-09-05T05:08:31Z</time>
      </trkpt>
      <trkpt lat="41.755786556750536" lon="123.44851199537516">
        <ele>52.8</ele>
        <time>2026-09-05T05:08:33Z</time>
      </trkpt>
      <trkpt lat="41.755789909511805" lon="123.44836271367967">
        <ele>52.8</ele>
        <time>2026-09-05T05:08:35Z</time>
      </trkpt>
      <trkpt lat="41.75579150207341" lon="123.44821309670806">
        <ele>52.8</ele>
        <time>2026-09-05T05:08:37Z</time>
      </trkpt>
      <trkpt lat="41.75579351373017" lon="123.44806347973645">
        <ele>52.8</ele>
        <time>2026-09-05T05:08:39Z</time>
      </trkpt>
      <trkpt lat="41.755794268101454" lon="123.44791235402226">
        <ele>52.8</ele>
        <time>2026-09-05T05:08:41Z</time>
      </trkpt>
      <trkpt lat="41.75579301081598" lon="123.4477602224797">
        <ele>53</ele>
        <time>2026-09-05T05:08:43Z</time>
      </trkpt>
      <trkpt lat="41.755787059664726" lon="123.44760817475617">
        <ele>53</ele>
        <time>2026-09-05T05:08:45Z</time>
      </trkpt>
      <trkpt lat="41.75577247515321" lon="123.44745797105134">
        <ele>53</ele>
        <time>2026-09-05T05:08:47Z</time>
      </trkpt>
      <trkpt lat="41.7557468265295" lon="123.4473080188036">
        <ele>53</ele>
        <time>2026-09-05T05:08:49Z</time>
      </trkpt>
      <trkpt lat="41.755715226754546" lon="123.44715848565102">
        <ele>52.8</ele>
        <time>2026-09-05T05:08:51Z</time>
      </trkpt>
      <trkpt lat="41.75568060949445" lon="123.44701012596488">
        <ele>52.8</ele>
        <time>2026-09-05T05:08:53Z</time>
      </trkpt>
      <trkpt lat="41.755647668614984" lon="123.44686335884035">
        <ele>52.6</ele>
        <time>2026-09-05T05:08:55Z</time>
      </trkpt>
      <trkpt lat="41.75561958923936" lon="123.44671776518226">
        <ele>52.6</ele>
        <time>2026-09-05T05:08:57Z</time>
      </trkpt>
      <trkpt lat="41.755591006949544" lon="123.44656990841031">
        <ele>52.6</ele>
        <time>2026-09-05T05:08:59Z</time>
      </trkpt>
      <trkpt lat="41.755559826269746" lon="123.44642205163836">
        <ele>52.4</ele>
        <time>2026-09-05T05:09:01Z</time>
      </trkpt>
      <trkpt lat="41.7555258795619" lon="123.44627411104739">
        <ele>52.4</ele>
        <time>2026-09-05T05:09:03Z</time>
      </trkpt>
      <trkpt lat="41.755492854863405" lon="123.44612608663738">
        <ele>52.4</ele>
        <time>2026-09-05T05:09:05Z</time>
      </trkpt>
      <trkpt lat="41.75546628423035" lon="123.44597688876092">
        <ele>52.4</ele>
        <time>2026-09-05T05:09:07Z</time>
      </trkpt>
      <trkpt lat="41.75543753430247" lon="123.44582978636026">
        <ele>52.4</ele>
        <time>2026-09-05T05:09:09Z</time>
      </trkpt>
      <trkpt lat="41.75540266558528" lon="123.44568511471152">
        <ele>52.6</ele>
        <time>2026-09-05T05:09:11Z</time>
      </trkpt>
      <trkpt lat="41.75536167807877" lon="123.4455375932157">
        <ele>52.6</ele>
        <time>2026-09-05T05:09:13Z</time>
      </trkpt>
      <trkpt lat="41.75531918182969" lon="123.44538881443441">
        <ele>52.8</ele>
        <time>2026-09-05T05:09:15Z</time>
      </trkpt>
      <trkpt lat="41.75527609884739" lon="123.44524011947215">
        <ele>53</ele>
        <time>2026-09-05T05:09:17Z</time>
      </trkpt>
      <trkpt lat="41.7552322614938" lon="123.4450885746628">
        <ele>53</ele>
        <time>2026-09-05T05:09:19Z</time>
      </trkpt>
      <trkpt lat="41.75519051961601" lon="123.44493635930121">
        <ele>53.2</ele>
        <time>2026-09-05T05:09:21Z</time>
      </trkpt>
      <trkpt lat="41.7551495321095" lon="123.44478640705347">
        <ele>53.4</ele>
        <time>2026-09-05T05:09:23Z</time>
      </trkpt>
      <trkpt lat="41.755108796060085" lon="123.44463989138603">
        <ele>53.4</ele>
        <time>2026-09-05T05:09:25Z</time>
      </trkpt>
      <trkpt lat="41.75506646744907" lon="123.44449697993696">
        <ele>53.6</ele>
        <time>2026-09-05T05:09:27Z</time>
      </trkpt>
      <trkpt lat="41.755027156323195" lon="123.44435222446918">
        <ele>53.6</ele>
        <time>2026-09-05T05:09:29Z</time>
      </trkpt>
      <trkpt lat="41.75498792901635" lon="123.44420545734465">
        <ele>53.6</ele>
        <time>2026-09-05T05:09:31Z</time>
      </trkpt>
      <trkpt lat="41.754943169653416" lon="123.4440581034869">
        <ele>53.4</ele>
        <time>2026-09-05T05:09:33Z</time>
      </trkpt>
      <trkpt lat="41.75489120185375" lon="123.44391787424684">
        <ele>53.4</ele>
        <time>2026-09-05T05:09:35Z</time>
      </trkpt>
      <trkpt lat="41.75482942722738" lon="123.44379231333733">
        <ele>53.4</ele>
        <time>2026-09-05T05:09:37Z</time>
      </trkpt>
      <trkpt lat="41.75475826486945" lon="123.44368058256805">
        <ele>53.2</ele>
        <time>2026-09-05T05:09:39Z</time>
      </trkpt>
      <trkpt lat="41.754674864932895" lon="123.44358217902482">
        <ele>53</ele>
        <time>2026-09-05T05:09:41Z</time>
      </trkpt>
      <trkpt lat="41.754583502188325" lon="123.44349374994636">
        <ele>53</ele>
        <time>2026-09-05T05:09:43Z</time>
      </trkpt>
      <trkpt lat="41.75448593683541" lon="123.4434153791517">
        <ele>53</ele>
        <time>2026-09-05T05:09:45Z</time>
      </trkpt>
      <trkpt lat="41.75438476726413" lon="123.44334019348025">
        <ele>52.8</ele>
        <time>2026-09-05T05:09:47Z</time>
      </trkpt>
      <trkpt lat="41.754284519702196" lon="123.44326634891331">
        <ele>52.6</ele>
        <time>2026-09-05T05:09:49Z</time>
      </trkpt>
      <trkpt lat="41.754184272140265" lon="123.44319225288928">
        <ele>52.6</ele>
        <time>2026-09-05T05:09:51Z</time>
      </trkpt>
      <trkpt lat="41.75408192910254" lon="123.4431199170649">
        <ele>52.4</ele>
        <time>2026-09-05T05:09:53Z</time>
      </trkpt>
      <trkpt lat="41.75397941842675" lon="123.44304967671633">
        <ele>52.4</ele>
        <time>2026-09-05T05:09:55Z</time>
      </trkpt>
      <trkpt lat="41.7538783326745" lon="123.44297700561583">
        <ele>52.4</ele>
        <time>2026-09-05T05:09:57Z</time>
      </trkpt>
      <trkpt lat="41.75377598963678" lon="123.44290207140148">
        <ele>52.4</ele>
        <time>2026-09-05T05:09:59Z</time>
      </trkpt>
      <trkpt lat="41.753673227503896" lon="123.4428262989968">
        <ele>52.4</ele>
        <time>2026-09-05T05:10:01Z</time>
      </trkpt>
      <trkpt lat="41.75356878899038" lon="123.442747509107">
        <ele>52.4</ele>
        <time>2026-09-05T05:10:03Z</time>
      </trkpt>
      <trkpt lat="41.753460159525275" lon="123.44267006032169">
        <ele>52.6</ele>
        <time>2026-09-05T05:10:05Z</time>
      </trkpt>
      <trkpt lat="41.753352116793394" lon="123.44259495846927">
        <ele>52.6</ele>
        <time>2026-09-05T05:10:07Z</time>
      </trkpt>
      <trkpt lat="41.75324507988989" lon="123.44251868315041">
        <ele>52.4</ele>
        <time>2026-09-05T05:10:09Z</time>
      </trkpt>
      <trkpt lat="41.7531377915293" lon="123.44243922270834">
        <ele>52.4</ele>
        <time>2026-09-05T05:10:11Z</time>
      </trkpt>
      <trkpt lat="41.753032179549336" lon="123.44236118718982">
        <ele>52.4</ele>
        <time>2026-09-05T05:10:13Z</time>
      </trkpt>
      <trkpt lat="41.752928495407104" lon="123.4422829002142">
        <ele>52.4</ele>
        <time>2026-09-05T05:10:15Z</time>
      </trkpt>
      <trkpt lat="41.75282581709325" lon="123.44220218248665">
        <ele>52.4</ele>
        <time>2026-09-05T05:10:17Z</time>
      </trkpt>
      <trkpt lat="41.75272447988391" lon="123.44212414696813">
        <ele>52.2</ele>
        <time>2026-09-05T05:10:19Z</time>
      </trkpt>
      <trkpt lat="41.7526264116168" lon="123.44204879365861">
        <ele>52</ele>
        <time>2026-09-05T05:10:21Z</time>
      </trkpt>
      <trkpt lat="41.752531277015805" lon="123.44197302125394">
        <ele>52</ele>
        <time>2026-09-05T05:10:23Z</time>
      </trkpt>
      <trkpt lat="41.75244150683284" lon="123.4418925549835">
        <ele>52.2</ele>
        <time>2026-09-05T05:10:25Z</time>
      </trkpt>
      <trkpt lat="41.75235693342984" lon="123.44180068932474">
        <ele>52.2</ele>
        <time>2026-09-05T05:10:27Z</time>
      </trkpt>
      <trkpt lat="41.7522794008255" lon="123.441695664078">
        <ele>52</ele>
        <time>2026-09-05T05:10:29Z</time>
      </trkpt>
      <trkpt lat="41.75221301615238" lon="123.4415817540139">
        <ele>51.8</ele>
        <time>2026-09-05T05:10:31Z</time>
      </trkpt>
      <trkpt lat="41.752146715298295" lon="123.44147136434913">
        <ele>51.6</ele>
        <time>2026-09-05T05:10:33Z</time>
      </trkpt>
      <trkpt lat="41.75207622349262" lon="123.44136198051274">
        <ele>51.8</ele>
        <time>2026-09-05T05:10:35Z</time>
      </trkpt>
      <trkpt lat="41.75200573168695" lon="123.44124681316316">
        <ele>51.8</ele>
        <time>2026-09-05T05:10:37Z</time>
      </trkpt>
      <trkpt lat="41.75193339586258" lon="123.44113047234714">
        <ele>52</ele>
        <time>2026-09-05T05:10:39Z</time>
      </trkpt>
      <trkpt lat="41.75186256878078" lon="123.44101429916918">
        <ele>52</ele>
        <time>2026-09-05T05:10:41Z</time>
      </trkpt>
      <trkpt lat="41.75178646109998" lon="123.44090038910508">
        <ele>52</ele>
        <time>2026-09-05T05:10:43Z</time>
      </trkpt>
      <trkpt lat="41.75170658156276" lon="123.44078488647938">
        <ele>52.2</ele>
        <time>2026-09-05T05:10:45Z</time>
      </trkpt>
      <trkpt lat="41.75163441337645" lon="123.44065882265568">
        <ele>52.2</ele>
        <time>2026-09-05T05:10:47Z</time>
      </trkpt>
      <trkpt lat="41.75156551413238" lon="123.4405312500894">
        <ele>52.2</ele>
        <time>2026-09-05T05:10:49Z</time>
      </trkpt>
      <trkpt lat="41.751497285440564" lon="123.44040661118925">
        <ele>52.4</ele>
        <time>2026-09-05T05:10:51Z</time>
      </trkpt>
      <trkpt lat="41.75142687745392" lon="123.44028549268842">
        <ele>52.4</ele>
        <time>2026-09-05T05:10:53Z</time>
      </trkpt>
      <trkpt lat="41.75135521218181" lon="123.44016638584435">
        <ele>52.4</ele>
        <time>2026-09-05T05:10:55Z</time>
      </trkpt>
      <trkpt lat="41.75128312781453" lon="123.44004208222032">
        <ele>52.4</ele>
        <time>2026-09-05T05:10:57Z</time>
      </trkpt>
      <trkpt lat="41.75121020525694" lon="123.43991274945438">
        <ele>52.4</ele>
        <time>2026-09-05T05:10:59Z</time>
      </trkpt>
      <trkpt lat="41.75113493576646" lon="123.43978475779295">
        <ele>52.4</ele>
        <time>2026-09-05T05:11:01Z</time>
      </trkpt>
      <trkpt lat="41.751058073714375" lon="123.4396596159786">
        <ele>52.2</ele>
        <time>2026-09-05T05:11:03Z</time>
      </trkpt>
      <trkpt lat="41.75098246894777" lon="123.43953598290682">
        <ele>52.2</ele>
        <time>2026-09-05T05:11:05Z</time>
      </trkpt>
      <trkpt lat="41.75089990720153" lon="123.43942232429981">
        <ele>52.2</ele>
        <time>2026-09-05T05:11:07Z</time>
      </trkpt>
      <trkpt lat="41.75080820918083" lon="123.43932006508112">
        <ele>52.4</ele>
        <time>2026-09-05T05:11:09Z</time>
      </trkpt>
      <trkpt lat="41.75071190111339" lon="123.43922484666109">
        <ele>52.6</ele>
        <time>2026-09-05T05:11:11Z</time>
      </trkpt>
      <trkpt lat="41.7506181076169" lon="123.4391257725656">
        <ele>52.6</ele>
        <time>2026-09-05T05:11:13Z</time>
      </trkpt>
      <trkpt lat="41.750533785670996" lon="123.43901446089149">
        <ele>52.6</ele>
        <time>2026-09-05T05:11:15Z</time>
      </trkpt>
      <trkpt lat="41.750457594171166" lon="123.4388977009803">
        <ele>52.6</ele>
        <time>2026-09-05T05:11:17Z</time>
      </trkpt>
      <trkpt lat="41.75038727000356" lon="123.4387837909162">
        <ele>52.6</ele>
        <time>2026-09-05T05:11:19Z</time>
      </trkpt>
      <trkpt lat="41.75032080151141" lon="123.4386788494885">
        <ele>52.4</ele>
        <time>2026-09-05T05:11:21Z</time>
      </trkpt>
      <trkpt lat="41.750266905874014" lon="123.43857239931822">
        <ele>52.4</ele>
        <time>2026-09-05T05:11:23Z</time>
      </trkpt>
      <trkpt lat="41.75022407434881" lon="123.4384666197002">
        <ele>52.4</ele>
        <time>2026-09-05T05:11:25Z</time>
      </trkpt>
      <trkpt lat="41.7501846794039" lon="123.43837265856564">
        <ele>52.4</ele>
        <time>2026-09-05T05:11:27Z</time>
      </trkpt>
      <trkpt lat="41.75015098415315" lon="123.43828959390521">
        <ele>52.2</ele>
        <time>2026-09-05T05:11:29Z</time>
      </trkpt>
      <trkpt lat="41.750121815130115" lon="123.43821499496698">
        <ele>52</ele>
        <time>2026-09-05T05:11:31Z</time>
      </trkpt>
    </trkseg>
  </trk>
</gpx>