<?xml version="1.0" encoding="UTF-8"?>
<gpx creator="IGPSPORT" xmlns:xsi="http://www.w3.org/2001/XMLSchema-instance" schemaLocation="http://www.topografix.com/GPX/1/1 http://www.topografix.com/GPX/1/1/gpx.xsd" version="1.1" xmlns="http://www.topografix.com/GPX/1/1">
  <metadata>
    <time>2026-09-05T03:00:06Z</time>
    <link href="https://www.igpsport.cn/">
      <text>户外骑行</text>
    </link>
  </metadata>
  <trk>
    <name>户外骑行</name>
    <trkseg>
      <trkpt lat="41.75002793781459" lon="123.43818507157266">
        <ele>51.8</ele>
        <time>2026-09-05T03:00:06Z</time>
      </trkpt>
      <trkpt lat="41.750044869259" lon="123.43820225447416">
        <ele>51.8</ele>
        <time>2026-09-05T03:00:08Z</time>
      </trkpt>
      <trkpt lat="41.75007361918688" lon="123.43823712319136">
        <ele>51.8</ele>
        <time>2026-09-05T03:00:10Z</time>
      </trkpt>
      <trkpt lat="41.75010605715215" lon="123.43828389421105">
        <ele>51.8</ele>
        <time>2026-09-05T03:00:12Z</time>
      </trkpt>
      <trkpt lat="41.75012810155749" lon="123.43834105879068">
        <ele>51.8</ele>
        <time>2026-09-05T03:00:14Z</time>
      </trkpt>
      <trkpt lat="41.75014788284898" lon="123.43839797191322">
        <ele>51.8</ele>
        <time>2026-09-05T03:00:16Z</time>
      </trkpt>
      <trkpt lat="41.75016942434013" lon="123.4384507779032">
        <ele>51.6</ele>
        <time>2026-09-05T03:00:18Z</time>
      </trkpt>
      <trkpt lat="41.750183925032616" lon="123.43849260360003">
        <ele>51.6</ele>
        <time>2026-09-05T03:00:20Z</time>
      </trkpt>
      <trkpt lat="41.75018853507936" lon="123.43850584700704">
        <ele>51.6</ele>
        <time>2026-09-05T03:00:22Z</time>
      </trkpt>
      <trkpt lat="41.75018761307001" lon="123.43850215896964">
        <ele>51.6</ele>
        <time>2026-09-05T03:00:24Z</time>
      </trkpt>
      <trkpt lat="41.75018576905131" lon="123.43849645927548">
        <ele>51.6</ele>
        <time>2026-09-05T03:00:26Z</time>
      </trkpt>
      <trkpt lat="41.750184930860996" lon="123.43849335797131">
        <ele>51.6</ele>
        <time>2026-09-05T03:00:28Z</time>
      </trkpt>
      <trkpt lat="41.750183925032616" lon="123.4384922683239">
        <ele>51.6</ele>
        <time>2026-09-05T03:00:30Z</time>
      </trkpt>
      <trkpt lat="41.750183925032616" lon="123.43849327415228">
        <ele>51.6</ele>
        <time>2026-09-05T03:00:32Z</time>
      </trkpt>
      <trkpt lat="41.75018409267068" lon="123.43849427998066">
        <ele>51.6</ele>
        <time>2026-09-05T03:00:34Z</time>
      </trkpt>
      <trkpt lat="41.75018417648971" lon="123.43849486671388">
        <ele>51.8</ele>
        <time>2026-09-05T03:00:36Z</time>
      </trkpt>
      <trkpt lat="41.75018426030874" lon="123.4384954534471">
        <ele>51.8</ele>
        <time>2026-09-05T03:00:38Z</time>
      </trkpt>
      <trkpt lat="41.75018451176584" lon="123.43849629163742">
        <ele>51.8</ele>
        <time>2026-09-05T03:00:40Z</time>
      </trkpt>
      <trkpt lat="41.750186858698726" lon="123.43849780037999">
        <ele>51.8</ele>
        <time>2026-09-05T03:00:43Z</time>
      </trkpt>
      <trkpt lat="41.75018853507936" lon="123.4384988900274">
        <ele>52</ele>
        <time>2026-09-05T03:00:45Z</time>
      </trkpt>
      <trkpt lat="41.750189708545804" lon="123.43849997967482">
        <ele>52</ele>
        <time>2026-09-05T03:00:47Z</time>
      </trkpt>
      <trkpt lat="41.75018962472677" lon="123.43850056640804">
        <ele>52</ele>
        <time>2026-09-05T03:00:49Z</time>
      </trkpt>
      <trkpt lat="41.75018903799355" lon="123.43850132077932">
        <ele>52</ele>
        <time>2026-09-05T03:00:51Z</time>
      </trkpt>
      <trkpt lat="41.75018903799355" lon="123.43850165605545">
        <ele>52</ele>
        <time>2026-09-05T03:00:53Z</time>
      </trkpt>
      <trkpt lat="41.75018962472677" lon="123.43850190751255">
        <ele>52</ele>
        <time>2026-09-05T03:00:55Z</time>
      </trkpt>
      <trkpt lat="41.750189792364836" lon="123.43850182369351">
        <ele>51.8</ele>
        <time>2026-09-05T03:00:57Z</time>
      </trkpt>
      <trkpt lat="41.750189205631614" lon="123.43850132077932">
        <ele>52</ele>
        <time>2026-09-05T03:00:59Z</time>
      </trkpt>
      <trkpt lat="41.75018870271742" lon="123.43850132077932">
        <ele>51.8</ele>
        <time>2026-09-05T03:01:01Z</time>
      </trkpt>
      <trkpt lat="41.750188283622265" lon="123.43850115314126">
        <ele>51.8</ele>
        <time>2026-09-05T03:01:03Z</time>
      </trkpt>
      <trkpt lat="41.750188283622265" lon="123.43850148841739">
        <ele>51.8</ele>
        <time>2026-09-05T03:01:05Z</time>
      </trkpt>
      <trkpt lat="41.75019163638353" lon="123.4385181684047">
        <ele>51.8</ele>
        <time>2026-09-05T03:01:07Z</time>
      </trkpt>
      <trkpt lat="41.75020320340991" lon="123.43855856917799">
        <ele>51.8</ele>
        <time>2026-09-05T03:01:09Z</time>
      </trkpt>
      <trkpt lat="41.75022608600557" lon="123.43862042762339">
        <ele>51.8</ele>
        <time>2026-09-05T03:01:11Z</time>
      </trkpt>
      <trkpt lat="41.75026229582727" lon="123.43869368545711">
        <ele>51.6</ele>
        <time>2026-09-05T03:01:13Z</time>
      </trkpt>
      <trkpt lat="41.75030982121825" lon="123.4387705475092">
        <ele>51.6</ele>
        <time>2026-09-05T03:01:15Z</time>
      </trkpt>
      <trkpt lat="41.750361202284694" lon="123.4388511814177">
        <ele>51.6</ele>
        <time>2026-09-05T03:01:17Z</time>
      </trkpt>
      <trkpt lat="41.75041367299855" lon="123.43893458135426">
        <ele>51.6</ele>
        <time>2026-09-05T03:01:19Z</time>
      </trkpt>
      <trkpt lat="41.75047108903527" lon="123.43901848420501">
        <ele>51.6</ele>
        <time>2026-09-05T03:01:21Z</time>
      </trkpt>
      <trkpt lat="41.75053210929036" lon="123.43910096213222">
        <ele>51.8</ele>
        <time>2026-09-05T03:01:23Z</time>
      </trkpt>
      <trkpt lat="41.75059396773577" lon="123.43918360769749">
        <ele>51.6</ele>
        <time>2026-09-05T03:01:25Z</time>
      </trkpt>
      <trkpt lat="41.75065750256181" lon="123.4392605535686">
        <ele>51.8</ele>
        <time>2026-09-05T03:01:27Z</time>
      </trkpt>
      <trkpt lat="41.7507217079401" lon="123.43933029100299">
        <ele>52</ele>
        <time>2026-09-05T03:01:29Z</time>
      </trkpt>
      <trkpt lat="41.75079035572708" lon="123.43939441256225">
        <ele>52</ele>
        <time>2026-09-05T03:01:31Z</time>
      </trkpt>
      <trkpt lat="41.7508617695421" lon="123.43946306034923">
        <ele>51.8</ele>
        <time>2026-09-05T03:01:33Z</time>
      </trkpt>
      <trkpt lat="41.75093167461455" lon="123.43954662792385">
        <ele>51.8</ele>
        <time>2026-09-05T03:01:35Z</time>
      </trkpt>
      <trkpt lat="41.750997975468636" lon="123.43964151106775">
        <ele>51.8</ele>
        <time>2026-09-05T03:01:37Z</time>
      </trkpt>
      <trkpt lat="41.75106117501855" lon="123.43974108807743">
        <ele>51.8</ele>
        <time>2026-09-05T03:01:39Z</time>
      </trkpt>
      <trkpt lat="41.75112286582589" lon="123.4398422576487">
        <ele>51.8</ele>
        <time>2026-09-05T03:01:41Z</time>
      </trkpt>
      <trkpt lat="41.75118388608098" lon="123.43994351103902">
        <ele>51.8</ele>
        <time>2026-09-05T03:01:43Z</time>
      </trkpt>
      <trkpt lat="41.75124146975577" lon="123.44004719518125">
        <ele>51.8</ele>
        <time>2026-09-05T03:01:45Z</time>
      </trkpt>
      <trkpt lat="41.7512986343354" lon="123.44015104696155">
        <ele>51.8</ele>
        <time>2026-09-05T03:01:47Z</time>
      </trkpt>
      <trkpt lat="41.75136082805693" lon="123.44025062397122">
        <ele>51.8</ele>
        <time>2026-09-05T03:01:49Z</time>
      </trkpt>
      <trkpt lat="41.751424027606845" lon="123.44035372138023">
        <ele>51.8</ele>
        <time>2026-09-05T03:01:51Z</time>
      </trkpt>
      <trkpt lat="41.75148203037679" lon="123.44046612270176">
        <ele>51.8</ele>
        <time>2026-09-05T03:01:53Z</time>
      </trkpt>
      <trkpt lat="41.751540871337056" lon="123.440575087443">
        <ele>51.8</ele>
        <time>2026-09-05T03:01:55Z</time>
      </trkpt>
      <trkpt lat="41.75160373561084" lon="123.44068120233715">
        <ele>51.8</ele>
        <time>2026-09-05T03:01:57Z</time>
      </trkpt>
      <trkpt lat="41.75166659988463" lon="123.44078245572746">
        <ele>51.8</ele>
        <time>2026-09-05T03:01:59Z</time>
      </trkpt>
      <trkpt lat="41.7517286259681" lon="123.44087817706168">
        <ele>51.8</ele>
        <time>2026-09-05T03:02:01Z</time>
      </trkpt>
      <trkpt lat="41.75178595818579" lon="123.44097012653947">
        <ele>51.8</ele>
        <time>2026-09-05T03:02:03Z</time>
      </trkpt>
      <trkpt lat="41.75183960236609" lon="123.44105788506567">
        <ele>51.8</ele>
        <time>2026-09-05T03:02:05Z</time>
      </trkpt>
      <trkpt lat="41.75189131870866" lon="123.44114220701158">
        <ele>51.6</ele>
        <time>2026-09-05T03:02:07Z</time>
      </trkpt>
      <trkpt lat="41.751947728917" lon="123.44122996553779">
        <ele>51.6</ele>
        <time>2026-09-05T03:02:09Z</time>
      </trkpt>
      <trkpt lat="41.752010425552726" lon="123.44132744707167">
        <ele>51.6</ele>
        <time>2026-09-05T03:02:11Z</time>
      </trkpt>
      <trkpt lat="41.75207211636007" lon="123.44142761081457">
        <ele>51.6</ele>
        <time>2026-09-05T03:02:13Z</time>
      </trkpt>
      <trkpt lat="41.7521324660629" lon="123.44152417033911">
        <ele>51.6</ele>
        <time>2026-09-05T03:02:15Z</time>
      </trkpt>
      <trkpt lat="41.752194659784436" lon="123.4416264295578">
        <ele>51.6</ele>
        <time>2026-09-05T03:02:17Z</time>
      </trkpt>
      <trkpt lat="41.75226137973368" lon="123.4417318738997">
        <ele>51.6</ele>
        <time>2026-09-05T03:02:19Z</time>
      </trkpt>
      <trkpt lat="41.75233027897775" lon="123.44183664768934">
        <ele>51.6</ele>
        <time>2026-09-05T03:02:21Z</time>
      </trkpt>
      <trkpt lat="41.75240688957274" lon="123.44193127937615">
        <ele>51.6</ele>
        <time>2026-09-05T03:02:23Z</time>
      </trkpt>
      <trkpt lat="41.75249380990863" lon="123.44201099127531">
        <ele>51.8</ele>
        <time>2026-09-05T03:02:25Z</time>
      </trkpt>
      <trkpt lat="41.752583580091596" lon="123.44208181835711">
        <ele>51.8</ele>
        <time>2026-09-05T03:02:27Z</time>
      </trkpt>
      <trkpt lat="41.75267628394067" lon="123.44214635901153">
        <ele>51.8</ele>
        <time>2026-09-05T03:02:29Z</time>
      </trkpt>
      <trkpt lat="41.75277108326554" lon="123.44221140258014">
        <ele>51.8</ele>
        <time>2026-09-05T03:02:31Z</time>
      </trkpt>
      <trkpt lat="41.75286236219108" lon="123.4422741830349">
        <ele>51.8</ele>
        <time>2026-09-05T03:02:33Z</time>
      </trkpt>
      <trkpt lat="41.75294676795602" lon="123.4423307608813">
        <ele>51.6</ele>
        <time>2026-09-05T03:02:35Z</time>
      </trkpt>
      <trkpt lat="41.75303226336837" lon="123.44239069148898">
        <ele>51.6</ele>
        <time>2026-09-05T03:02:37Z</time>
      </trkpt>
      <trkpt lat="41.75312370993197" lon="123.44245959073305">
        <ele>51.6</ele>
        <time>2026-09-05T03:02:39Z</time>
      </trkpt>
      <trkpt lat="41.75321917980909" lon="123.44253150746226">
        <ele>51.6</ele>
        <time>2026-09-05T03:02:41Z</time>
      </trkpt>
      <trkpt lat="41.753314062952995" lon="123.4426058549434">
        <ele>51.2</ele>
        <time>2026-09-05T03:02:43Z</time>
      </trkpt>
      <trkpt lat="41.75340131856501" lon="123.44268112443388">
        <ele>51.4</ele>
        <time>2026-09-05T03:02:45Z</time>
      </trkpt>
      <trkpt lat="41.75348496995866" lon="123.44275220297277">
        <ele>51.6</ele>
        <time>2026-09-05T03:02:47Z</time>
      </trkpt>
      <trkpt lat="41.75357566215098" lon="123.4428217727691">
        <ele>51.6</ele>
        <time>2026-09-05T03:02:49Z</time>
      </trkpt>
      <trkpt lat="41.75366761162877" lon="123.44289402477443">
        <ele>51.8</ele>
        <time>2026-09-05T03:02:51Z</time>
      </trkpt>
      <trkpt lat="41.75376148894429" lon="123.44296049326658">
        <ele>51.6</ele>
        <time>2026-09-05T03:02:53Z</time>
      </trkpt>
      <trkpt lat="41.75386106595397" lon="123.44301162287593">
        <ele>51.8</ele>
        <time>2026-09-05T03:02:55Z</time>
      </trkpt>
      <trkpt lat="41.75395913422108" lon="123.44306618906558">
        <ele>51.8</ele>
        <time>2026-09-05T03:02:57Z</time>
      </trkpt>
      <trkpt lat="41.754057705402374" lon="123.44313131645322">
        <ele>51.6</ele>
        <time>2026-09-05T03:02:59Z</time>
      </trkpt>
      <trkpt lat="41.754155019298196" lon="123.4432079270482">
        <ele>51.6</ele>
        <time>2026-09-05T03:03:01Z</time>
      </trkpt>
      <trkpt lat="41.75425157882273" lon="123.44328839331865">
        <ele>51.6</ele>
        <time>2026-09-05T03:03:03Z</time>
      </trkpt>
      <trkpt lat="41.75435023382306" lon="123.4433654230088">
        <ele>51.6</ele>
        <time>2026-09-05T03:03:05Z</time>
      </trkpt>
      <trkpt lat="41.754447212442756" lon="123.44344136305153">
        <ele>51.8</ele>
        <time>2026-09-05T03:03:07Z</time>
      </trkpt>
      <trkpt lat="41.754540000110865" lon="123.44352216459811">
        <ele>51.8</ele>
        <time>2026-09-05T03:03:09Z</time>
      </trkpt>
      <trkpt lat="41.75462641753256" lon="123.44361126422882">
        <ele>52</ele>
        <time>2026-09-05T03:03:11Z</time>
      </trkpt>
      <trkpt lat="41.7547073867172" lon="123.44370891340077">
        <ele>52</ele>
        <time>2026-09-05T03:03:13Z</time>
      </trkpt>
      <trkpt lat="41.75478148274124" lon="123.44381486065686">
        <ele>52.2</ele>
        <time>2026-09-05T03:03:15Z</time>
      </trkpt>
      <trkpt lat="41.754850801080465" lon="123.44393128529191">
        <ele>52.4</ele>
        <time>2026-09-05T03:03:17Z</time>
      </trkpt>
      <trkpt lat="41.75490972585976" lon="123.44405768439174">
        <ele>52.6</ele>
        <time>2026-09-05T03:03:19Z</time>
      </trkpt>
      <trkpt lat="41.754955826327205" lon="123.44419330358505">
        <ele>52.6</ele>
        <time>2026-09-05T03:03:21Z</time>
      </trkpt>
      <trkpt lat="41.75499220378697" lon="123.4443379752338">
        <ele>52.8</ele>
        <time>2026-09-05T03:03:23Z</time>
      </trkpt>
      <trkpt lat="41.755023803561926" lon="123.44448482617736">
        <ele>52.8</ele>
        <time>2026-09-05T03:03:25Z</time>
      </trkpt>
      <trkpt lat="41.75506227649748" lon="123.44462815672159">
        <ele>52.8</ele>
        <time>2026-09-05T03:03:27Z</time>
      </trkpt>
      <trkpt lat="41.755104856565595" lon="123.44477148726583">
        <ele>52.8</ele>
        <time>2026-09-05T03:03:29Z</time>
      </trkpt>
      <trkpt lat="41.75514827482402" lon="123.44491858966649">
        <ele>52.8</ele>
        <time>2026-09-05T03:03:31Z</time>
      </trkpt>
      <trkpt lat="41.75519018433988" lon="123.44506711699069">
        <ele>52.6</ele>
        <time>2026-09-05T03:03:33Z</time>
      </trkpt>
      <trkpt lat="41.75522890873253" lon="123.44521296210587">
        <ele>52.6</ele>
        <time>2026-09-05T03:03:35Z</time>
      </trkpt>
      <trkpt lat="41.75526578910649" lon="123.44535587355494">
        <ele>52.4</ele>
        <time>2026-09-05T03:03:37Z</time>
      </trkpt>
      <trkpt lat="41.75530392676592" lon="123.4454997908324">
        <ele>52.4</ele>
        <time>2026-09-05T03:03:39Z</time>
      </trkpt>
      <trkpt lat="41.75534508191049" lon="123.44564471393824">
        <ele>52.2</ele>
        <time>2026-09-05T03:03:41Z</time>
      </trkpt>
      <trkpt lat="41.75538657233119" lon="123.4457913134247">
        <ele>52</ele>
        <time>2026-09-05T03:03:43Z</time>
      </trkpt>
      <trkpt lat="41.755427392199636" lon="123.44594118185341">
        <ele>52</ele>
        <time>2026-09-05T03:03:45Z</time>
      </trkpt>
      <trkpt lat="41.755468379706144" lon="123.44609197229147">
        <ele>51.8</ele>
        <time>2026-09-05T03:03:47Z</time>
      </trkpt>
      <trkpt lat="41.7555034160614" lon="123.44624695368111">
        <ele>51.8</ele>
        <time>2026-09-05T03:03:49Z</time>
      </trkpt>
      <trkpt lat="41.7555330041796" lon="123.4464062936604">
        <ele>51.8</ele>
        <time>2026-09-05T03:03:51Z</time>
      </trkpt>
      <trkpt lat="41.755560832098126" lon="123.44656496308744">
        <ele>51.8</ele>
        <time>2026-09-05T03:03:53Z</time>
      </trkpt>
      <trkpt lat="41.75559033639729" lon="123.44672145321965">
        <ele>51.8</ele>
        <time>2026-09-05T03:03:55Z</time>
      </trkpt>
      <trkpt lat="41.75562025979161" lon="123.44687526114285">
        <ele>51.8</ele>
        <time>2026-09-05T03:03:57Z</time>
      </trkpt>
      <trkpt lat="41.75564959645271" lon="123.44702848233283">
        <ele>51.8</ele>
        <time>2026-09-05T03:03:59Z</time>
      </trkpt>
      <trkpt lat="41.755679519847035" lon="123.4471814520657">
        <ele>52</ele>
        <time>2026-09-05T03:04:01Z</time>
      </trkpt>
      <trkpt lat="41.75570969469845" lon="123.44733458943665">
        <ele>52</ele>
        <time>2026-09-05T03:04:03Z</time>
      </trkpt>
      <trkpt lat="41.75573936663568" lon="123.44748739153147">
        <ele>52.2</ele>
        <time>2026-09-05T03:04:05Z</time>
      </trkpt>
      <trkpt lat="41.7557608243078" lon="123.4476407803595">
        <ele>52.2</ele>
        <time>2026-09-05T03:04:07Z</time>
      </trkpt>
      <trkpt lat="41.755769457668066" lon="123.44779911451042">
        <ele>52.2</ele>
        <time>2026-09-05T03:04:09Z</time>
      </trkpt>
      <trkpt lat="41.755767026916146" lon="123.44796130433679">
        <ele>52.2</ele>
        <time>2026-09-05T03:04:11Z</time>
      </trkpt>
      <trkpt lat="41.755760572850704" lon="123.4481260087341">
        <ele>52.2</ele>
        <time>2026-09-05T03:04:13Z</time>
      </trkpt>
      <trkpt lat="41.75575646571815" lon="123.44829121604562">
        <ele>52.2</ele>
        <time>2026-09-05T03:04:15Z</time>
      </trkpt>
      <trkpt lat="41.75575613044202" lon="123.44845382496715">
        <ele>52.2</ele>
        <time>2026-09-05T03:04:17Z</time>
      </trkpt>
      <trkpt lat="41.75575545988977" lon="123.44861341640353">
        <ele>52.2</ele>
        <time>2026-09-05T03:04:19Z</time>
      </trkpt>
      <trkpt lat="41.75575646571815" lon="123.4487703256309">
        <ele>52.2</ele>
        <time>2026-09-05T03:04:21Z</time>
      </trkpt>
      <trkpt lat="41.75575411878526" lon="123.44892530702055">
        <ele>52.2</ele>
        <time>2026-09-05T03:04:23Z</time>
      </trkpt>
      <trkpt lat="41.75574900582433" lon="123.44907777383924">
        <ele>52.2</ele>
        <time>2026-09-05T03:04:25Z</time>
      </trkpt>
      <trkpt lat="41.75574783235788" lon="123.44922898337245">
        <ele>52</ele>
        <time>2026-09-05T03:04:27Z</time>
      </trkpt>
      <trkpt lat="41.755753783509135" lon="123.4493802767247">
        <ele>52</ele>
        <time>2026-09-05T03:04:29Z</time>
      </trkpt>
      <trkpt lat="41.755760656669736" lon="123.44953299500048">
        <ele>52.2</ele>
        <time>2026-09-05T03:04:31Z</time>
      </trkpt>
      <trkpt lat="41.75576166249812" lon="123.44968588091433">
        <ele>52.2</ele>
        <time>2026-09-05T03:04:33Z</time>
      </trkpt>
      <trkpt lat="41.75575830973685" lon="123.44983759336174">
        <ele>52.2</ele>
        <time>2026-09-05T03:04:35Z</time>
      </trkpt>
      <trkpt lat="41.75575059838593" lon="123.44998871907592">
        <ele>52.2</ele>
        <time>2026-09-05T03:04:37Z</time>
      </trkpt>
      <trkpt lat="41.755744479596615" lon="123.4501430299133">
        <ele>52</ele>
        <time>2026-09-05T03:04:39Z</time>
      </trkpt>
      <trkpt lat="41.75573802553117" lon="123.4503005258739">
        <ele>52</ele>
        <time>2026-09-05T03:04:41Z</time>
      </trkpt>
      <trkpt lat="41.75573358312249" lon="123.45045919530094">
        <ele>52</ele>
        <time>2026-09-05T03:04:43Z</time>
      </trkpt>
      <trkpt lat="41.755735259503126" lon="123.45061769708991">
        <ele>51.8</ele>
        <time>2026-09-05T03:04:45Z</time>
      </trkpt>
      <trkpt lat="41.7557333316654" lon="123.45077485777438">
        <ele>51.8</ele>
        <time>2026-09-05T03:04:47Z</time>
      </trkpt>
      <trkpt lat="41.75572763197124" lon="123.4509340301156">
        <ele>51.8</ele>
        <time>2026-09-05T03:04:49Z</time>
      </trkpt>
      <trkpt lat="41.75572419539094" lon="123.45109244808555">
        <ele>51.8</ele>
        <time>2026-09-05T03:04:51Z</time>
      </trkpt>
      <trkpt lat="41.75572486594319" lon="123.45125136896968">
        <ele>51.8</ele>
        <time>2026-09-05T03:04:53Z</time>
      </trkpt>
      <trkpt lat="41.755729392170906" lon="123.45140978693962">
        <ele>52</ele>
        <time>2026-09-05T03:04:55Z</time>
      </trkpt>
      <trkpt lat="41.75573903135955" lon="123.451569378376">
        <ele>52.2</ele>
        <time>2026-09-05T03:04:57Z</time>
      </trkpt>
      <trkpt lat="41.75574976019561" lon="123.4517289698124">
        <ele>52.4</ele>
        <time>2026-09-05T03:04:59Z</time>
      </trkpt>
      <trkpt lat="41.755761159583926" lon="123.45188646577299">
        <ele>52.6</ele>
        <time>2026-09-05T03:05:01Z</time>
      </trkpt>
      <trkpt lat="41.755769876763225" lon="123.45204077661037">
        <ele>53</ele>
        <time>2026-09-05T03:05:03Z</time>
      </trkpt>
      <trkpt lat="41.75577851012349" lon="123.45218821428716">
        <ele>53.2</ele>
        <time>2026-09-05T03:05:05Z</time>
      </trkpt>
      <trkpt lat="41.7557867243886" lon="123.45232701860368">
        <ele>53.4</ele>
        <time>2026-09-05T03:05:07Z</time>
      </trkpt>
      <trkpt lat="41.75579661503434" lon="123.45246649347246">
        <ele>53.4</ele>
        <time>2026-09-05T03:05:09Z</time>
      </trkpt>
      <trkpt lat="41.75580860115588" lon="123.45260990783572">
        <ele>53.6</ele>
        <time>2026-09-05T03:05:11Z</time>
      </trkpt>
      <trkpt lat="41.75582100637257" lon="123.45275516621768">
        <ele>53.6</ele>
        <time>2026-09-05T03:05:13Z</time>
      </trkpt>
      <trkpt lat="41.75582863390446" lon="123.45290360972285">
        <ele>53.6</ele>
        <time>2026-09-05T03:05:15Z</time>
      </trkpt>
      <trkpt lat="41.75583986565471" lon="123.45305012539029">
        <ele>53.4</ele>
        <time>2026-09-05T03:05:17Z</time>
      </trkpt>
      <trkpt lat="41.75585562363267" lon="123.45319538377225">
        <ele>53.4</ele>
        <time>2026-09-05T03:05:19Z</time>
      </trkpt>
      <trkpt lat="41.755873477086425" lon="123.45334148034453">
        <ele>53.2</ele>
        <time>2026-09-05T03:05:21Z</time>
      </trkpt>
      <trkpt lat="41.75589116290212" lon="123.45348296687007">
        <ele>53</ele>
        <time>2026-09-05T03:05:23Z</time>
      </trkpt>
      <trkpt lat="41.7559056635946" lon="123.45362545922399">
        <ele>52.8</ele>
        <time>2026-09-05T03:05:25Z</time>
      </trkpt>
      <trkpt lat="41.75591421313584" lon="123.45377398654819">
        <ele>52.8</ele>
        <time>2026-09-05T03:05:27Z</time>
      </trkpt>
      <trkpt lat="41.755923768505454" lon="123.45392645336688">
        <ele>52.8</ele>
        <time>2026-09-05T03:05:29Z</time>
      </trkpt>
      <trkpt lat="41.75593818537891" lon="123.45408068038523">
        <ele>52.8</ele>
        <time>2026-09-05T03:05:31Z</time>
      </trkpt>
      <trkpt lat="41.75595687702298" lon="123.45423499122262">
        <ele>52.8</ele>
        <time>2026-09-05T03:05:33Z</time>
      </trkpt>
      <trkpt lat="41.75597498193383" lon="123.45438930206001">
        <ele>52.8</ele>
        <time>2026-09-05T03:05:35Z</time>
      </trkpt>
      <trkpt lat="41.75598822534084" lon="123.45454352907836">
        <ele>52.8</ele>
        <time>2026-09-05T03:05:37Z</time>
      </trkpt>
      <trkpt lat="41.75600172020495" lon="123.45469675026834">
        <ele>52.8</ele>
        <time>2026-09-05T03:05:39Z</time>
      </trkpt>
      <trkpt lat="41.7560182325542" lon="123.45484955236316">
        <ele>52.8</ele>
        <time>2026-09-05T03:05:41Z</time>
      </trkpt>
      <trkpt lat="41.756038097664714" lon="123.45500436611474">
        <ele>52.8</ele>
        <time>2026-09-05T03:05:43Z</time>
      </trkpt>
      <trkpt lat="41.75606022588909" lon="123.45515976659954">
        <ele>52.8</ele>
        <time>2026-09-05T03:05:45Z</time>
      </trkpt>
      <trkpt lat="41.756083611398935" lon="123.45531432889402">
        <ele>52.8</ele>
        <time>2026-09-05T03:05:47Z</time>
      </trkpt>
      <trkpt lat="41.756108002737164" lon="123.45546838827431">
        <ele>52.6</ele>
        <time>2026-09-05T03:05:49Z</time>
      </trkpt>
      <trkpt lat="41.75612971186638" lon="123.45562420785427">
        <ele>52.6</ele>
        <time>2026-09-05T03:05:51Z</time>
      </trkpt>
      <trkpt lat="41.75614882260561" lon="123.45578002743423">
        <ele>52.6</ele>
        <time>2026-09-05T03:05:53Z</time>
      </trkpt>
      <trkpt lat="41.756168100982904" lon="123.45593584701419">
        <ele>52.6</ele>
        <time>2026-09-05T03:05:55Z</time>
      </trkpt>
      <trkpt lat="41.75618997775018" lon="123.45609015785158">
        <ele>52.6</ele>
        <time>2026-09-05T03:05:57Z</time>
      </trkpt>
      <trkpt lat="41.756213027983904" lon="123.4562429599464">
        <ele>52.6</ele>
        <time>2026-09-05T03:05:59Z</time>
      </trkpt>
      <trkpt lat="41.75623339600861" lon="123.4563944209367">
        <ele>52.6</ele>
        <time>2026-09-05T03:06:01Z</time>
      </trkpt>
      <trkpt lat="41.756251668557525" lon="123.45654512755573">
        <ele>52.6</ele>
        <time>2026-09-05T03:06:03Z</time>
      </trkpt>
      <trkpt lat="41.75627103075385" lon="123.45669625326991">
        <ele>52.6</ele>
        <time>2026-09-05T03:06:05Z</time>
      </trkpt>
      <trkpt lat="41.756290728226304" lon="123.456847127527">
        <ele>52.6</ele>
        <time>2026-09-05T03:06:07Z</time>
      </trkpt>
      <trkpt lat="41.7563081625849" lon="123.45699481666088">
        <ele>52.6</ele>
        <time>2026-09-05T03:06:09Z</time>
      </trkpt>
      <trkpt lat="41.756325429305434" lon="123.45713739283383">
        <ele>52.6</ele>
        <time>2026-09-05T03:06:11Z</time>
      </trkpt>
      <trkpt lat="41.756329368799925" lon="123.45727041363716">
        <ele>52.6</ele>
        <time>2026-09-05T03:06:13Z</time>
      </trkpt>
      <trkpt lat="41.756282513961196" lon="123.45737049356103">
        <ele>52.6</ele>
        <time>2026-09-05T03:06:15Z</time>
      </trkpt>
      <trkpt lat="41.7561924085021" lon="123.45743897370994">
        <ele>52.8</ele>
        <time>2026-09-05T03:06:17Z</time>
      </trkpt>
      <trkpt lat="41.75610230304301" lon="123.45752505585551">
        <ele>52.8</ele>
        <time>2026-09-05T03:06:19Z</time>
      </trkpt>
      <trkpt lat="41.756040528416634" lon="123.45764332450926">
        <ele>52.8</ele>
        <time>2026-09-05T03:06:21Z</time>
      </trkpt>
      <trkpt lat="41.756016137078404" lon="123.45777785405517">
        <ele>52.8</ele>
        <time>2026-09-05T03:06:23Z</time>
      </trkpt>
      <trkpt lat="41.75602552480996" lon="123.45791137777269">
        <ele>52.8</ele>
        <time>2026-09-05T03:06:25Z</time>
      </trkpt>
      <trkpt lat="41.75606768578291" lon="123.45803450793028">
        <ele>52.8</ele>
        <time>2026-09-05T03:06:27Z</time>
      </trkpt>
      <trkpt lat="41.7561215814203" lon="123.45814632251859">
        <ele>52.8</ele>
        <time>2026-09-05T03:06:29Z</time>
      </trkpt>
      <trkpt lat="41.7561458889395" lon="123.45826274715364">
        <ele>52.6</ele>
        <time>2026-09-05T03:06:31Z</time>
      </trkpt>
      <trkpt lat="41.75612208433449" lon="123.45838202163577">
        <ele>52.6</ele>
        <time>2026-09-05T03:06:33Z</time>
      </trkpt>
      <trkpt lat="41.756061566993594" lon="123.4584944229573">
        <ele>52.6</ele>
        <time>2026-09-05T03:06:35Z</time>
      </trkpt>
      <trkpt lat="41.755986381322145" lon="123.45860615372658">
        <ele>52.6</ele>
        <time>2026-09-05T03:06:37Z</time>
      </trkpt>
      <trkpt lat="41.75591027364135" lon="123.45872006379068">
        <ele>52.6</ele>
        <time>2026-09-05T03:06:39Z</time>
      </trkpt>
      <trkpt lat="41.75583743490279" lon="123.45883606933057">
        <ele>52.6</ele>
        <time>2026-09-05T03:06:41Z</time>
      </trkpt>
      <trkpt lat="41.75576627254486" lon="123.45895165577531">
        <ele>52.6</ele>
        <time>2026-09-05T03:06:43Z</time>
      </trkpt>
      <trkpt lat="41.755694691091776" lon="123.45906690694392">
        <ele>52.4</ele>
        <time>2026-09-05T03:06:45Z</time>
      </trkpt>
      <trkpt lat="41.755623361095786" lon="123.45918299630284">
        <ele>52.4</ele>
        <time>2026-09-05T03:06:47Z</time>
      </trkpt>
      <trkpt lat="41.755550019443035" lon="123.4593007620424">
        <ele>52.2</ele>
        <time>2026-09-05T03:06:49Z</time>
      </trkpt>
      <trkpt lat="41.75547416321933" lon="123.45942037180066">
        <ele>52</ele>
        <time>2026-09-05T03:06:51Z</time>
      </trkpt>
      <trkpt lat="41.75539839081466" lon="123.45954366959631">
        <ele>51.8</ele>
        <time>2026-09-05T03:06:53Z</time>
      </trkpt>
      <trkpt lat="41.755323288962245" lon="123.45967107452452">
        <ele>51.8</ele>
        <time>2026-09-05T03:06:55Z</time>
      </trkpt>
      <trkpt lat="41.75524936057627" lon="123.45979906618595">
        <ele>51.6</ele>
        <time>2026-09-05T03:06:57Z</time>
      </trkpt>
      <trkpt lat="41.75517853349447" lon="123.4599223639816">
        <ele>51.4</ele>
        <time>2026-09-05T03:06:59Z</time>
      </trkpt>
      <trkpt lat="41.75510938279331" lon="123.460039710626">
        <ele>51.4</ele>
        <time>2026-09-05T03:07:01Z</time>
      </trkpt>
      <trkpt lat="41.75503872334957" lon="123.46015236340463">
        <ele>51.6</ele>
        <time>2026-09-05T03:07:03Z</time>
      </trkpt>
      <trkpt lat="41.754938308149576" lon="123.46031446941197">
        <ele>51.4</ele>
        <time>2026-09-05T03:07:06Z</time>
      </trkpt>
      <trkpt lat="41.75485633313656" lon="123.4604422096163">
        <ele>51.4</ele>
        <time>2026-09-05T03:07:08Z</time>
      </trkpt>
      <trkpt lat="41.754795564338565" lon="123.46054094843566">
        <ele>51.4</ele>
        <time>2026-09-05T03:07:10Z</time>
      </trkpt>
      <trkpt lat="41.75472021102905" lon="123.46067019738257">
        <ele>51.6</ele>
        <time>2026-09-05T03:07:12Z</time>
      </trkpt>
      <trkpt lat="41.75466036424041" lon="123.46077689900994">
        <ele>51.6</ele>
        <time>2026-09-05T03:07:14Z</time>
      </trkpt>
      <trkpt lat="41.754585513845086" lon="123.460922408849">
        <ele>51.6</ele>
        <time>2026-09-05T03:07:16Z</time>
      </trkpt>
      <trkpt lat="41.7545279301703" lon="123.46106775105">
        <ele>51.8</ele>
        <time>2026-09-05T03:07:18Z</time>
      </trkpt>
      <trkpt lat="41.75448602065444" lon="123.46121636219323">
        <ele>51.8</ele>
        <time>2026-09-05T03:07:20Z</time>
      </trkpt>
      <trkpt lat="41.7544586956501" lon="123.46136899664998">
        <ele>52</ele>
        <time>2026-09-05T03:07:22Z</time>
      </trkpt>
      <trkpt lat="41.75443271175027" lon="123.46152288839221">
        <ele>52</ele>
        <time>2026-09-05T03:07:24Z</time>
      </trkpt>
      <trkpt lat="41.754411086440086" lon="123.46163487061858">
        <ele>52</ele>
        <time>2026-09-05T03:07:26Z</time>
      </trkpt>
      <trkpt lat="41.75437512807548" lon="123.4618114773184">
        <ele>52</ele>
        <time>2026-09-05T03:07:28Z</time>
      </trkpt>
      <trkpt lat="41.75435266457498" lon="123.46191256307065">
        <ele>52.2</ele>
        <time>2026-09-05T03:07:30Z</time>
      </trkpt>
      <trkpt lat="41.75431352108717" lon="123.46211154945195">
        <ele>52.2</ele>
        <time>2026-09-05T03:07:32Z</time>
      </trkpt>
      <trkpt lat="41.75428762100637" lon="123.46225831657648">
        <ele>52.2</ele>
        <time>2026-09-05T03:07:34Z</time>
      </trkpt>
      <trkpt lat="41.754247304052114" lon="123.46243081614375">
        <ele>52.2</ele>
        <time>2026-09-05T03:07:36Z</time>
      </trkpt>
      <trkpt lat="41.754203801974654" lon="123.46258487552404">
        <ele>52.2</ele>
        <time>2026-09-05T03:07:38Z</time>
      </trkpt>
      <trkpt lat="41.75416256301105" lon="123.46273105591536">
        <ele>52.2</ele>
        <time>2026-09-05T03:07:40Z</time>
      </trkpt>
      <trkpt lat="41.754135489463806" lon="123.4628511685878">
        <ele>52.4</ele>
        <time>2026-09-05T03:07:42Z</time>
      </trkpt>
      <trkpt lat="41.754105566069484" lon="123.46301252022386">
        <ele>52.4</ele>
        <time>2026-09-05T03:07:44Z</time>
      </trkpt>
      <trkpt lat="41.75407111644745" lon="123.46316431649029">
        <ele>52.4</ele>
        <time>2026-09-05T03:07:46Z</time>
      </trkpt>
      <trkpt lat="41.7540339846164" lon="123.4633107483387">
        <ele>52.4</ele>
        <time>2026-09-05T03:07:48Z</time>
      </trkpt>
      <trkpt lat="41.75400188192725" lon="123.46345785073936">
        <ele>52.4</ele>
        <time>2026-09-05T03:07:50Z</time>
      </trkpt>
      <trkpt lat="41.75398419611156" lon="123.46354426816106">
        <ele>52.2</ele>
        <time>2026-09-05T03:07:52Z</time>
      </trkpt>
      <trkpt lat="41.75395485945046" lon="123.46367578022182">
        <ele>52.2</ele>
        <time>2026-09-05T03:07:54Z</time>
      </trkpt>
      <trkpt lat="41.75391429103911" lon="123.46385632641613">
        <ele>52.2</ele>
        <time>2026-09-05T03:07:56Z</time>
      </trkpt>
      <trkpt lat="41.75387372262776" lon="123.46402186900377">
        <ele>52</ele>
        <time>2026-09-05T03:07:58Z</time>
      </trkpt>
      <trkpt lat="41.753833992406726" lon="123.4641778562218">
        <ele>52</ele>
        <time>2026-09-05T03:08:00Z</time>
      </trkpt>
      <trkpt lat="41.753792837262154" lon="123.46434448845685">
        <ele>51.8</ele>
        <time>2026-09-05T03:08:02Z</time>
      </trkpt>
      <trkpt lat="41.75373810343444" lon="123.46452771686018">
        <ele>51.8</ele>
        <time>2026-09-05T03:08:04Z</time>
      </trkpt>
      <trkpt lat="41.75369250588119" lon="123.46464514732361">
        <ele>51.8</ele>
        <time>2026-09-05T03:08:06Z</time>
      </trkpt>
      <trkpt lat="41.75359929911792" lon="123.46478302963078">
        <ele>51.6</ele>
        <time>2026-09-05T03:08:08Z</time>
      </trkpt>
      <trkpt lat="41.75352453254163" lon="123.46488847397268">
        <ele>51.6</ele>
        <time>2026-09-05T03:08:10Z</time>
      </trkpt>
      <trkpt lat="41.753465104848146" lon="123.4649722930044">
        <ele>51.4</ele>
        <time>2026-09-05T03:08:12Z</time>
      </trkpt>
      <trkpt lat="41.75335823558271" lon="123.46512962132692">
        <ele>51.4</ele>
        <time>2026-09-05T03:08:14Z</time>
      </trkpt>
      <trkpt lat="41.75329612568021" lon="123.46524260938168">
        <ele>51.2</ele>
        <time>2026-09-05T03:08:16Z</time>
      </trkpt>
      <trkpt lat="41.75323653034866" lon="123.46541435457766">
        <ele>51.2</ele>
        <time>2026-09-05T03:08:18Z</time>
      </trkpt>
      <trkpt lat="41.75320132635534" lon="123.46557998098433">
        <ele>51.2</ele>
        <time>2026-09-05T03:08:20Z</time>
      </trkpt>
      <trkpt lat="41.75318188033998" lon="123.46577938646078">
        <ele>51.2</ele>
        <time>2026-09-05T03:08:22Z</time>
      </trkpt>
      <trkpt lat="41.7531774379313" lon="123.46594861708581">
        <ele>51</ele>
        <time>2026-09-05T03:08:24Z</time>
      </trkpt>
      <trkpt lat="41.753172408789396" lon="123.46611591987312">
        <ele>51</ele>
        <time>2026-09-05T03:08:26Z</time>
      </trkpt>
      <trkpt lat="41.75316570326686" lon="123.46623720601201">
        <ele>51</ele>
        <time>2026-09-05T03:08:28Z</time>
      </trkpt>
      <trkpt lat="41.753153717145324" lon="123.46638162620366">
        <ele>50.8</ele>
        <time>2026-09-05T03:08:30Z</time>
      </trkpt>
      <trkpt lat="41.753141982480884" lon="123.46658161841333">
        <ele>50.8</ele>
        <time>2026-09-05T03:08:32Z</time>
      </trkpt>
      <trkpt lat="41.753136198967695" lon="123.46672059036791">
        <ele>50.8</ele>
        <time>2026-09-05T03:08:34Z</time>
      </trkpt>
      <trkpt lat="41.753128822892904" lon="123.4668730571866">
        <ele>50.8</ele>
        <time>2026-09-05T03:08:36Z</time>
      </trkpt>
      <trkpt lat="41.75311750732362" lon="123.46703457646072">
        <ele>50.8</ele>
        <time>2026-09-05T03:08:38Z</time>
      </trkpt>
      <trkpt lat="41.75310552120209" lon="123.46720095723867">
        <ele>50.8</ele>
        <time>2026-09-05T03:08:40Z</time>
      </trkpt>
      <trkpt lat="41.75309982150793" lon="123.4673690982163">
        <ele>51</ele>
        <time>2026-09-05T03:08:42Z</time>
      </trkpt>
      <trkpt lat="41.753099989145994" lon="123.46753547899425">
        <ele>51</ele>
        <time>2026-09-05T03:08:44Z</time>
      </trkpt>
      <trkpt lat="41.753099067136645" lon="123.46770135685802">
        <ele>51</ele>
        <time>2026-09-05T03:08:46Z</time>
      </trkpt>
      <trkpt lat="41.75309571437538" lon="123.46786715090275">
        <ele>51.2</ele>
        <time>2026-09-05T03:08:48Z</time>
      </trkpt>
      <trkpt lat="41.753094205632806" lon="123.46803436987102">
        <ele>51.4</ele>
        <time>2026-09-05T03:08:50Z</time>
      </trkpt>
      <trkpt lat="41.75309546291828" lon="123.46820360049605">
        <ele>51.4</ele>
        <time>2026-09-05T03:08:52Z</time>
      </trkpt>
      <trkpt lat="41.75309739075601" lon="123.46837442368269">
        <ele>51.4</ele>
        <time>2026-09-05T03:08:54Z</time>
      </trkpt>
      <trkpt lat="41.75310208462179" lon="123.46858916804194">
        <ele>51.4</ele>
        <time>2026-09-05T03:08:57Z</time>
      </trkpt>
      <trkpt lat="41.753108371049166" lon="123.46880491822958">
        <ele>51.4</ele>
        <time>2026-09-05T03:08:59Z</time>
      </trkpt>
      <trkpt lat="41.7531118914485" lon="123.46898395568132">
        <ele>51.4</ele>
        <time>2026-09-05T03:09:01Z</time>
      </trkpt>
      <trkpt lat="41.75311432220042" lon="123.46914849244058">
        <ele>51.6</ele>
        <time>2026-09-05T03:09:03Z</time>
      </trkpt>
      <trkpt lat="41.7531169205904" lon="123.46931126900017">
        <ele>51.6</ele>
        <time>2026-09-05T03:09:05Z</time>
      </trkpt>
      <trkpt lat="41.75311583094299" lon="123.46947672776878">
        <ele>51.6</ele>
        <time>2026-09-05T03:09:07Z</time>
      </trkpt>
      <trkpt lat="41.75311725586653" lon="123.46964570693672">
        <ele>51.4</ele>
        <time>2026-09-05T03:09:09Z</time>
      </trkpt>
      <trkpt lat="41.753123458474874" lon="123.46981552429497">
        <ele>51.4</ele>
        <time>2026-09-05T03:09:11Z</time>
      </trkpt>
      <trkpt lat="41.75312857143581" lon="123.46998626366258">
        <ele>51.4</ele>
        <time>2026-09-05T03:09:13Z</time>
      </trkpt>
      <trkpt lat="41.75313318148255" lon="123.47015826031566">
        <ele>51.4</ele>
        <time>2026-09-05T03:09:15Z</time>
      </trkpt>
      <trkpt lat="41.753140054643154" lon="123.47033025696874">
        <ele>51.4</ele>
        <time>2026-09-05T03:09:17Z</time>
      </trkpt>
      <trkpt lat="41.75315028056502" lon="123.47050250507891">
        <ele>51.4</ele>
        <time>2026-09-05T03:09:19Z</time>
      </trkpt>
      <trkpt lat="41.753160087391734" lon="123.47067458555102">
        <ele>51.4</ele>
        <time>2026-09-05T03:09:21Z</time>
      </trkpt>
      <trkpt lat="41.75317098386586" lon="123.47084691748023">
        <ele>51.4</ele>
        <time>2026-09-05T03:09:23Z</time>
      </trkpt>
      <trkpt lat="41.75318523310125" lon="123.47101883031428">
        <ele>51.4</ele>
        <time>2026-09-05T03:09:25Z</time>
      </trkpt>
      <trkpt lat="41.75319981761277" lon="123.47118898294866">
        <ele>51.4</ele>
        <time>2026-09-05T03:09:27Z</time>
      </trkpt>
      <trkpt lat="41.75321406684816" lon="123.47135712392628">
        <ele>51.4</ele>
        <time>2026-09-05T03:09:29Z</time>
      </trkpt>
      <trkpt lat="41.75322772935033" lon="123.4715268574655">
        <ele>51.4</ele>
        <time>2026-09-05T03:09:31Z</time>
      </trkpt>
      <trkpt lat="41.75324181094766" lon="123.47169701009989">
        <ele>51.4</ele>
        <time>2026-09-05T03:09:33Z</time>
      </trkpt>
      <trkpt lat="41.753257820382714" lon="123.47186816856265">
        <ele>51.6</ele>
        <time>2026-09-05T03:09:35Z</time>
      </trkpt>
      <trkpt lat="41.75327408127487" lon="123.47203966230154">
        <ele>51.6</ele>
        <time>2026-09-05T03:09:37Z</time>
      </trkpt>
      <trkpt lat="41.7532895039767" lon="123.47221031785011">
        <ele>51.6</ele>
        <time>2026-09-05T03:09:39Z</time>
      </trkpt>
      <trkpt lat="41.75330501049757" lon="123.47237887792289">
        <ele>51.6</ele>
        <time>2026-09-05T03:09:41Z</time>
      </trkpt>
      <trkpt lat="41.75332060083747" lon="123.47254576161504">
        <ele>51.6</ele>
        <time>2026-09-05T03:09:43Z</time>
      </trkpt>
      <trkpt lat="41.75333728082478" lon="123.47271314822137">
        <ele>51.6</ele>
        <time>2026-09-05T03:09:45Z</time>
      </trkpt>
      <trkpt lat="41.75335672684014" lon="123.47287978045642">
        <ele>51.6</ele>
        <time>2026-09-05T03:09:47Z</time>
      </trkpt>
      <trkpt lat="41.753376172855496" lon="123.47304775379598">
        <ele>51.6</ele>
        <time>2026-09-05T03:09:49Z</time>
      </trkpt>
      <trkpt lat="41.75339486449957" lon="123.47321597859263">
        <ele>51.6</ele>
        <time>2026-09-05T03:09:51Z</time>
      </trkpt>
      <trkpt lat="41.75341548398137" lon="123.4733831975609">
        <ele>51.6</ele>
        <time>2026-09-05T03:09:53Z</time>
      </trkpt>
      <trkpt lat="41.75343677401543" lon="123.47354999743402">
        <ele>51.6</ele>
        <time>2026-09-05T03:09:55Z</time>
      </trkpt>
      <trkpt lat="41.75345831550658" lon="123.47371738404036">
        <ele>51.6</ele>
        <time>2026-09-05T03:09:57Z</time>
      </trkpt>
      <trkpt lat="41.7534795217216" lon="123.47388560883701">
        <ele>51.4</ele>
        <time>2026-09-05T03:09:59Z</time>
      </trkpt>
      <trkpt lat="41.75350097939372" lon="123.47405299544334">
        <ele>51.4</ele>
        <time>2026-09-05T03:10:01Z</time>
      </trkpt>
      <trkpt lat="41.75352537073195" lon="123.47421895712614">
        <ele>51.4</ele>
        <time>2026-09-05T03:10:03Z</time>
      </trkpt>
      <trkpt lat="41.75355127081275" lon="123.47438424825668">
        <ele>51.2</ele>
        <time>2026-09-05T03:10:05Z</time>
      </trkpt>
      <trkpt lat="41.75357901491225" lon="123.474548952654">
        <ele>51.2</ele>
        <time>2026-09-05T03:10:07Z</time>
      </trkpt>
      <trkpt lat="41.75360910594463" lon="123.4747135732323">
        <ele>51.2</ele>
        <time>2026-09-05T03:10:09Z</time>
      </trkpt>
      <trkpt lat="41.75363969989121" lon="123.47487827762961">
        <ele>51.2</ele>
        <time>2026-09-05T03:10:11Z</time>
      </trkpt>
      <trkpt lat="41.75367088057101" lon="123.47504281438887">
        <ele>51.2</ele>
        <time>2026-09-05T03:10:13Z</time>
      </trkpt>
      <trkpt lat="41.753702480345964" lon="123.47520777024329">
        <ele>51.4</ele>
        <time>2026-09-05T03:10:15Z</time>
      </trkpt>
      <trkpt lat="41.75373148173094" lon="123.47537364810705">
        <ele>51.4</ele>
        <time>2026-09-05T03:10:17Z</time>
      </trkpt>
      <trkpt lat="41.75375830382109" lon="123.47554019652307">
        <ele>51.4</ele>
        <time>2026-09-05T03:10:19Z</time>
      </trkpt>
      <trkpt lat="41.7537852935493" lon="123.47570615820587">
        <ele>51.4</ele>
        <time>2026-09-05T03:10:21Z</time>
      </trkpt>
      <trkpt lat="41.75381312146783" lon="123.47587279044092">
        <ele>51.6</ele>
        <time>2026-09-05T03:10:23Z</time>
      </trkpt>
      <trkpt lat="41.7538389377296" lon="123.47604009322822">
        <ele>51.6</ele>
        <time>2026-09-05T03:10:25Z</time>
      </trkpt>
      <trkpt lat="41.75386215560138" lon="123.47620764747262">
        <ele>51.6</ele>
        <time>2026-09-05T03:10:27Z</time>
      </trkpt>
      <trkpt lat="41.753888223320246" lon="123.47637360915542">
        <ele>51.6</ele>
        <time>2026-09-05T03:10:29Z</time>
      </trkpt>
      <trkpt lat="41.75391722470522" lon="123.47653747536242">
        <ele>51.8</ele>
        <time>2026-09-05T03:10:31Z</time>
      </trkpt>
      <trkpt lat="41.753943879157305" lon="123.47670268267393">
        <ele>51.8</ele>
        <time>2026-09-05T03:10:33Z</time>
      </trkpt>
      <trkpt lat="41.75396919250488" lon="123.47687057219446">
        <ele>51.8</ele>
        <time>2026-09-05T03:10:35Z</time>
      </trkpt>
      <trkpt lat="41.753995176404715" lon="123.47703938372433">
        <ele>51.8</ele>
        <time>2026-09-05T03:10:37Z</time>
      </trkpt>
      <trkpt lat="41.75402292050421" lon="123.47720677033067">
        <ele>51.8</ele>
        <time>2026-09-05T03:10:39Z</time>
      </trkpt>
      <trkpt lat="41.75405167043209" lon="123.47737206146121">
        <ele>51.8</ele>
        <time>2026-09-05T03:10:41Z</time>
      </trkpt>
      <trkpt lat="41.75407899543643" lon="123.47753701731563">
        <ele>52</ele>
        <time>2026-09-05T03:10:43Z</time>
      </trkpt>
      <trkpt lat="41.75410548225045" lon="123.47770021297038">
        <ele>52</ele>
        <time>2026-09-05T03:10:45Z</time>
      </trkpt>
      <trkpt lat="41.754134986549616" lon="123.47786265425384">
        <ele>52</ele>
        <time>2026-09-05T03:10:47Z</time>
      </trkpt>
      <trkpt lat="41.75416490994394" lon="123.47802802920341">
        <ele>52</ele>
        <time>2026-09-05T03:10:49Z</time>
      </trkpt>
      <trkpt lat="41.754193156957626" lon="123.47819399088621">
        <ele>52.2</ele>
        <time>2026-09-05T03:10:51Z</time>
      </trkpt>
      <trkpt lat="41.754220565781" lon="123.47835919819772">
        <ele>52.2</ele>
        <time>2026-09-05T03:10:53Z</time>
      </trkpt>
      <trkpt lat="41.75424512475729" lon="123.47852339968085">
        <ele>52.2</ele>
        <time>2026-09-05T03:10:55Z</time>
      </trkpt>
      <trkpt lat="41.754269767552614" lon="123.47868810407817">
        <ele>52.4</ele>
        <time>2026-09-05T03:10:57Z</time>
      </trkpt>
      <trkpt lat="41.75429726019502" lon="123.47885146737099">
        <ele>52.4</ele>
        <time>2026-09-05T03:10:59Z</time>
      </trkpt>
      <trkpt lat="41.754322573542595" lon="123.47901248373091">
        <ele>52.4</ele>
        <time>2026-09-05T03:11:01Z</time>
      </trkpt>
      <trkpt lat="41.7543463781476" lon="123.4791773557663">
        <ele>52.4</ele>
        <time>2026-09-05T03:11:03Z</time>
      </trkpt>
      <trkpt lat="41.75437127240002" lon="123.47934331744909">
        <ele>52.4</ele>
        <time>2026-09-05T03:11:05Z</time>
      </trkpt>
      <trkpt lat="41.75439801067114" lon="123.47950810566545">
        <ele>52.2</ele>
        <time>2026-09-05T03:11:07Z</time>
      </trkpt>
      <trkpt lat="41.754425168037415" lon="123.47967297770083">
        <ele>52.2</ele>
        <time>2026-09-05T03:11:09Z</time>
      </trkpt>
      <trkpt lat="41.75445509143174" lon="123.47983818501234">
        <ele>52.2</ele>
        <time>2026-09-05T03:11:11Z</time>
      </trkpt>
      <trkpt lat="41.7544830031693" lon="123.4800045657903">
        <ele>52.2</ele>
        <time>2026-09-05T03:11:13Z</time>
      </trkpt>
      <trkpt lat="41.75450948998332" lon="123.4801718685776">
        <ele>52.2</ele>
        <time>2026-09-05T03:11:15Z</time>
      </trkpt>
      <trkpt lat="41.754538491368294" lon="123.4803378302604">
        <ele>52.2</ele>
        <time>2026-09-05T03:11:17Z</time>
      </trkpt>
      <trkpt lat="41.754567911848426" lon="123.48050270229578">
        <ele>52.2</ele>
        <time>2026-09-05T03:11:19Z</time>
      </trkpt>
      <trkpt lat="41.7545987572521" lon="123.4806655626744">
        <ele>52</ele>
        <time>2026-09-05T03:11:21Z</time>
      </trkpt>
      <trkpt lat="41.75462817773223" lon="123.48082859069109">
        <ele>52</ele>
        <time>2026-09-05T03:11:23Z</time>
      </trkpt>
      <trkpt lat="41.75465541891754" lon="123.48099078051746">
        <ele>52</ele>
        <time>2026-09-05T03:11:25Z</time>
      </trkpt>
      <trkpt lat="41.75467947497964" lon="123.48115489818156">
        <ele>52</ele>
        <time>2026-09-05T03:11:27Z</time>
      </trkpt>
      <trkpt lat="41.75470353104174" lon="123.48132010549307">
        <ele>52</ele>
        <time>2026-09-05T03:11:29Z</time>
      </trkpt>
      <trkpt lat="41.75473043695092" lon="123.48148690536618">
        <ele>52</ele>
        <time>2026-09-05T03:11:31Z</time>
      </trkpt>
      <trkpt lat="41.75475860014558" lon="123.48165462724864">
        <ele>52</ele>
        <time>2026-09-05T03:11:33Z</time>
      </trkpt>
      <trkpt lat="41.75478810444474" lon="123.48182427696884">
        <ele>51.8</ele>
        <time>2026-09-05T03:11:35Z</time>
      </trkpt>
      <trkpt lat="41.75481668673456" lon="123.48199208267033">
        <ele>51.8</ele>
        <time>2026-09-05T03:11:37Z</time>
      </trkpt>
      <trkpt lat="41.75484308972955" lon="123.48216072656214">
        <ele>51.8</ele>
        <time>2026-09-05T03:11:39Z</time>
      </trkpt>
      <trkpt lat="41.754869911819696" lon="123.48232995718718">
        <ele>51.8</ele>
        <time>2026-09-05T03:11:41Z</time>
      </trkpt>
      <trkpt lat="41.754898158833385" lon="123.48249860107899">
        <ele>51.8</ele>
        <time>2026-09-05T03:11:43Z</time>
      </trkpt>
      <trkpt lat="41.75492531619966" lon="123.48266640678048">
        <ele>51.8</ele>
        <time>2026-09-05T03:11:45Z</time>
      </trkpt>
      <trkpt lat="41.75495012663305" lon="123.48283362574875">
        <ele>51.8</ele>
        <time>2026-09-05T03:11:47Z</time>
      </trkpt>
      <trkpt lat="41.75497502088547" lon="123.48299950361252">
        <ele>52</ele>
        <time>2026-09-05T03:11:49Z</time>
      </trkpt>
      <trkpt lat="41.754999831318855" lon="123.48316672258079">
        <ele>52</ele>
        <time>2026-09-05T03:11:51Z</time>
      </trkpt>
      <trkpt lat="41.75502455793321" lon="123.48333419300616">
        <ele>52</ele>
        <time>2026-09-05T03:11:53Z</time>
      </trkpt>
      <trkpt lat="41.75505087710917" lon="123.48350417800248">
        <ele>52.2</ele>
        <time>2026-09-05T03:11:55Z</time>
      </trkpt>
      <trkpt lat="41.755079962313175" lon="123.48367491737008">
        <ele>52.2</ele>
        <time>2026-09-05T03:11:57Z</time>
      </trkpt>
      <trkpt lat="41.75511089153588" lon="123.48384691402316">
        <ele>52.2</ele>
        <time>2026-09-05T03:11:59Z</time>
      </trkpt>
      <trkpt lat="41.75514257512987" lon="123.48401522263885">
        <ele>52.2</ele>
        <time>2026-09-05T03:12:01Z</time>
      </trkpt>
      <trkpt lat="41.75517048686743" lon="123.48418545909226">
        <ele>52.4</ele>
        <time>2026-09-05T03:12:03Z</time>
      </trkpt>
      <trkpt lat="41.75519638694823" lon="123.48435276187956">
        <ele>52.4</ele>
        <time>2026-09-05T03:12:05Z</time>
      </trkpt>
      <trkpt lat="41.755223125219345" lon="123.48451972939074">
        <ele>52.4</ele>
        <time>2026-09-05T03:12:07Z</time>
      </trkpt>
      <trkpt lat="41.75525279715657" lon="123.48468636162579">
        <ele>52.4</ele>
        <time>2026-09-05T03:12:09Z</time>
      </trkpt>
      <trkpt lat="41.75528598949313" lon="123.4848536644131">
        <ele>52.4</ele>
        <time>2026-09-05T03:12:11Z</time>
      </trkpt>
      <trkpt lat="41.75532312132418" lon="123.48501862026751">
        <ele>52.4</ele>
        <time>2026-09-05T03:12:13Z</time>
      </trkpt>
      <trkpt lat="41.75536260008812" lon="123.4851800557226">
        <ele>52.4</ele>
        <time>2026-09-05T03:12:15Z</time>
      </trkpt>
      <trkpt lat="41.75539830699563" lon="123.48534258082509">
        <ele>52.4</ele>
        <time>2026-09-05T03:12:17Z</time>
      </trkpt>
      <trkpt lat="41.75542747601867" lon="123.48551005125046">
        <ele>52.6</ele>
        <time>2026-09-05T03:12:19Z</time>
      </trkpt>
      <trkpt lat="41.75545605830848" lon="123.48567961715162">
        <ele>52.6</ele>
        <time>2026-09-05T03:12:21Z</time>
      </trkpt>
      <trkpt lat="41.75548413768411" lon="123.48585060797632">
        <ele>52.6</ele>
        <time>2026-09-05T03:12:23Z</time>
      </trkpt>
      <trkpt lat="41.75550718791783" lon="123.4860223531723">
        <ele>52.6</ele>
        <time>2026-09-05T03:12:25Z</time>
      </trkpt>
      <trkpt lat="41.75553367473185" lon="123.4861935954541">
        <ele>52.6</ele>
        <time>2026-09-05T03:12:27Z</time>
      </trkpt>
      <trkpt lat="41.75556359812617" lon="123.48636391572654">
        <ele>52.6</ele>
        <time>2026-09-05T03:12:29Z</time>
      </trkpt>
      <trkpt lat="41.75559385679662" lon="123.48653448745608">
        <ele>52.8</ele>
        <time>2026-09-05T03:12:31Z</time>
      </trkpt>
      <trkpt lat="41.75562319345772" lon="123.48670707084239">
        <ele>52.8</ele>
        <time>2026-09-05T03:12:33Z</time>
      </trkpt>
      <trkpt lat="41.755653535947204" lon="123.48688091151416">
        <ele>52.8</ele>
        <time>2026-09-05T03:12:35Z</time>
      </trkpt>
      <trkpt lat="41.755682872608304" lon="123.48705215379596">
        <ele>52.8</ele>
        <time>2026-09-05T03:12:37Z</time>
      </trkpt>
      <trkpt lat="41.755713215097785" lon="123.4872224740684">
        <ele>52.8</ele>
        <time>2026-09-05T03:12:39Z</time>
      </trkpt>
      <trkpt lat="41.75574439577758" lon="123.4873918723315">
        <ele>53</ele>
        <time>2026-09-05T03:12:41Z</time>
      </trkpt>
      <trkpt lat="41.75577448680997" lon="123.48756135441363">
        <ele>53</ele>
        <time>2026-09-05T03:12:43Z</time>
      </trkpt>
      <trkpt lat="41.755802566185594" lon="123.48773058503866">
        <ele>53</ele>
        <time>2026-09-05T03:12:45Z</time>
      </trkpt>
      <trkpt lat="41.755830980837345" lon="123.48790241405368">
        <ele>52.8</ele>
        <time>2026-09-05T03:12:47Z</time>
      </trkpt>
      <trkpt lat="41.755861826241016" lon="123.48807659000158">
        <ele>52.8</ele>
        <time>2026-09-05T03:12:49Z</time>
      </trkpt>
      <trkpt lat="41.755893509835005" lon="123.48824992775917">
        <ele>52.8</ele>
        <time>2026-09-05T03:12:51Z</time>
      </trkpt>
      <trkpt lat="41.755924858152866" lon="123.48842142149806">
        <ele>52.8</ele>
        <time>2026-09-05T03:12:53Z</time>
      </trkpt>
      <trkpt lat="41.75595377571881" lon="123.48859149031341">
        <ele>52.6</ele>
        <time>2026-09-05T03:12:55Z</time>
      </trkpt>
      <trkpt lat="41.755980011075735" lon="123.48875937983394">
        <ele>52.6</ele>
        <time>2026-09-05T03:12:57Z</time>
      </trkpt>
      <trkpt lat="41.756004989147186" lon="123.48892492242157">
        <ele>52.6</ele>
        <time>2026-09-05T03:12:59Z</time>
      </trkpt>
      <trkpt lat="41.75602996721864" lon="123.48908929154277">
        <ele>52.6</ele>
        <time>2026-09-05T03:13:01Z</time>
      </trkpt>
      <trkpt lat="41.75605586729944" lon="123.48925340920687">
        <ele>52.6</ele>
        <time>2026-09-05T03:13:03Z</time>
      </trkpt>
      <trkpt lat="41.75608528777957" lon="123.48941375501454">
        <ele>52.6</ele>
        <time>2026-09-05T03:13:05Z</time>
      </trkpt>
      <trkpt lat="41.75611378625035" lon="123.48956789821386">
        <ele>52.8</ele>
        <time>2026-09-05T03:13:07Z</time>
      </trkpt>
      <trkpt lat="41.75613909959793" lon="123.48971240222454">
        <ele>52.8</ele>
        <time>2026-09-05T03:13:09Z</time>
      </trkpt>
      <trkpt lat="41.756162233650684" lon="123.48984818905592">
        <ele>52.8</ele>
        <time>2026-09-05T03:13:11Z</time>
      </trkpt>
      <trkpt lat="41.75617966800928" lon="123.48997802473605">
        <ele>52.8</ele>
        <time>2026-09-05T03:13:13Z</time>
      </trkpt>
      <trkpt lat="41.75618017092347" lon="123.49010626785457">
        <ele>52.8</ele>
        <time>2026-09-05T03:13:15Z</time>
      </trkpt>
      <trkpt lat="41.7561458889395" lon="123.49022177048028">
        <ele>52.8</ele>
        <time>2026-09-05T03:13:17Z</time>
      </trkpt>
      <trkpt lat="41.75607958808541" lon="123.49030642770231">
        <ele>52.8</ele>
        <time>2026-09-05T03:13:19Z</time>
      </trkpt>
      <trkpt lat="41.756006833165884" lon="123.49037138745189">
        <ele>52.8</ele>
        <time>2026-09-05T03:13:21Z</time>
      </trkpt>
      <trkpt lat="41.75595385953784" lon="123.49043282680213">
        <ele>52.8</ele>
        <time>2026-09-05T03:13:23Z</time>
      </trkpt>
      <trkpt lat="41.755936508998275" lon="123.49048060365021">
        <ele>53</ele>
        <time>2026-09-05T03:13:25Z</time>
      </trkpt>
      <trkpt lat="41.75594170577824" lon="123.49049275740981">
        <ele>53</ele>
        <time>2026-09-05T03:13:27Z</time>
      </trkpt>
      <trkpt lat="41.75594799220562" lon="123.49049418233335">
        <ele>53</ele>
        <time>2026-09-05T03:13:29Z</time>
      </trkpt>
      <trkpt lat="41.75595176406205" lon="123.49050834774971">
        <ele>53.2</ele>
        <time>2026-09-05T03:13:31Z</time>
      </trkpt>
      <trkpt lat="41.755952602252364" lon="123.49052821286023">
        <ele>53.2</ele>
        <time>2026-09-05T03:13:33Z</time>
      </trkpt>
      <trkpt lat="41.75595670938492" lon="123.49054296500981">
        <ele>53.2</ele>
        <time>2026-09-05T03:13:35Z</time>
      </trkpt>
      <trkpt lat="41.75595176406205" lon="123.49055210128427">
        <ele>53.2</ele>
        <time>2026-09-05T03:13:37Z</time>
      </trkpt>
      <trkpt lat="41.755946734920144" lon="123.49056257866323">
        <ele>53.2</ele>
        <time>2026-09-05T03:13:39Z</time>
      </trkpt>
      <trkpt lat="41.75594472326338" lon="123.49056869745255">
        <ele>53.2</ele>
        <time>2026-09-05T03:13:41Z</time>
      </trkpt>
      <trkpt lat="41.75594422034919" lon="123.49056861363351">
        <ele>53.2</ele>
        <time>2026-09-05T03:13:43Z</time>
      </trkpt>
      <trkpt lat="41.75594849511981" lon="123.49057087674737">
        <ele>53.2</ele>
        <time>2026-09-05T03:13:45Z</time>
      </trkpt>
      <trkpt lat="41.75595662556589" lon="123.49059250205755">
        <ele>53.2</ele>
        <time>2026-09-05T03:13:47Z</time>
      </trkpt>
      <trkpt lat="41.75597917288542" lon="123.49065930582583">
        <ele>53.2</ele>
        <time>2026-09-05T03:13:49Z</time>
      </trkpt>
      <trkpt lat="41.75600876100361" lon="123.49075519479811">
        <ele>53.2</ele>
        <time>2026-09-05T03:13:51Z</time>
      </trkpt>
      <trkpt lat="41.75603432580829" lon="123.49086625501513">
        <ele>53.2</ele>
        <time>2026-09-05T03:13:53Z</time>
      </trkpt>
      <trkpt lat="41.7560613155365" lon="123.49098326638341">
        <ele>53.2</ele>
        <time>2026-09-05T03:13:55Z</time>
      </trkpt>
      <trkpt lat="41.75607900135219" lon="123.49110899493098">
        <ele>53.2</ele>
        <time>2026-09-05T03:13:57Z</time>
      </trkpt>
      <trkpt lat="41.7560766544193" lon="123.49123631604016">
        <ele>53.2</ele>
        <time>2026-09-05T03:13:59Z</time>
      </trkpt>
      <trkpt lat="41.756053855642676" lon="123.49135936237872">
        <ele>53.2</ele>
        <time>2026-09-05T03:14:01Z</time>
      </trkpt>
      <trkpt lat="41.75603977404535" lon="123.49148316308856">
        <ele>53.2</ele>
        <time>2026-09-05T03:14:03Z</time>
      </trkpt>
      <trkpt lat="41.75605410709977" lon="123.49161006510258">
        <ele>53.2</ele>
        <time>2026-09-05T03:14:05Z</time>
      </trkpt>
      <trkpt lat="41.75608520396054" lon="123.49174794740975">
        <ele>53.2</ele>
        <time>2026-09-05T03:14:07Z</time>
      </trkpt>
      <trkpt lat="41.75612200051546" lon="123.49188935011625">
        <ele>53.2</ele>
        <time>2026-09-05T03:14:09Z</time>
      </trkpt>
      <trkpt lat="41.75616290420294" lon="123.49202840588987">
        <ele>53.2</ele>
        <time>2026-09-05T03:14:11Z</time>
      </trkpt>
      <trkpt lat="41.75621277652681" lon="123.49215765483677">
        <ele>53.4</ele>
        <time>2026-09-05T03:14:13Z</time>
      </trkpt>
      <trkpt lat="41.75626717507839" lon="123.49228112027049">
        <ele>53.6</ele>
        <time>2026-09-05T03:14:15Z</time>
      </trkpt>
      <trkpt lat="41.756322998553514" lon="123.49240391515195">
        <ele>53.6</ele>
        <time>2026-09-05T03:14:17Z</time>
      </trkpt>
      <trkpt lat="41.7563721165061" lon="123.49253148771822">
        <ele>53.6</ele>
        <time>2026-09-05T03:14:19Z</time>
      </trkpt>
      <trkpt lat="41.75640983507037" lon="123.49266920238733">
        <ele>53.6</ele>
        <time>2026-09-05T03:14:21Z</time>
      </trkpt>
      <trkpt lat="41.756434980779886" lon="123.492816304788">
        <ele>53.6</ele>
        <time>2026-09-05T03:14:23Z</time>
      </trkpt>
      <trkpt lat="41.75645710900426" lon="123.49296449683607">
        <ele>53.4</ele>
        <time>2026-09-05T03:14:25Z</time>
      </trkpt>
      <trkpt lat="41.75647898577154" lon="123.49311528727412">
        <ele>53.4</ele>
        <time>2026-09-05T03:14:27Z</time>
      </trkpt>
      <trkpt lat="41.75650270655751" lon="123.493268257007">
        <ele>53.4</ele>
        <time>2026-09-05T03:14:29Z</time>
      </trkpt>
      <trkpt lat="41.756531205028296" lon="123.49341695196927">
        <ele>53.4</ele>
        <time>2026-09-05T03:14:31Z</time>
      </trkpt>
      <trkpt lat="41.75656322389841" lon="123.49356472492218">
        <ele>53.4</ele>
        <time>2026-09-05T03:14:33Z</time>
      </trkpt>
      <trkpt lat="41.75659700296819" lon="123.49371165968478">
        <ele>53.4</ele>
        <time>2026-09-05T03:14:35Z</time>
      </trkpt>
      <trkpt lat="41.75663061439991" lon="123.49385658279061">
        <ele>53.4</ele>
        <time>2026-09-05T03:14:37Z</time>
      </trkpt>
      <trkpt lat="41.75667319446802" lon="123.49399228580296">
        <ele>53.4</ele>
        <time>2026-09-05T03:14:39Z</time>
      </trkpt>
      <trkpt lat="41.75673035904765" lon="123.49411692470312">
        <ele>53.4</ele>
        <time>2026-09-05T03:14:41Z</time>
      </trkpt>
      <trkpt lat="41.75678023137152" lon="123.49424734711647">
        <ele>53.4</ele>
        <time>2026-09-05T03:14:43Z</time>
      </trkpt>
      <trkpt lat="41.756800934672356" lon="123.49439126439393">
        <ele>53.6</ele>
        <time>2026-09-05T03:14:45Z</time>
      </trkpt>
      <trkpt lat="41.75679238513112" lon="123.49454155191779">
        <ele>53.6</ele>
        <time>2026-09-05T03:14:47Z</time>
      </trkpt>
      <trkpt lat="41.75677679479122" lon="123.49469762295485">
        <ele>53.6</ele>
        <time>2026-09-05T03:14:49Z</time>
      </trkpt>
      <trkpt lat="41.756767155602574" lon="123.49485469982028">
        <ele>53.6</ele>
        <time>2026-09-05T03:14:51Z</time>
      </trkpt>
      <trkpt lat="41.75675567239523" lon="123.49501169286668">
        <ele>53.4</ele>
        <time>2026-09-05T03:14:53Z</time>
      </trkpt>
      <trkpt lat="41.756736394017935" lon="123.49516508169472">
        <ele>53.4</ele>
        <time>2026-09-05T03:14:55Z</time>
      </trkpt>
      <trkpt lat="41.75673228688538" lon="123.49531268700957">
        <ele>53.4</ele>
        <time>2026-09-05T03:14:57Z</time>
      </trkpt>
      <trkpt lat="41.75677386112511" lon="123.49544377997518">
        <ele>53.4</ele>
        <time>2026-09-05T03:14:59Z</time>
      </trkpt>
      <trkpt lat="41.75685751251876" lon="123.49554670974612">
        <ele>53.6</ele>
        <time>2026-09-05T03:15:01Z</time>
      </trkpt>
      <trkpt lat="41.75694837234914" lon="123.49564326927066">
        <ele>53.8</ele>
        <time>2026-09-05T03:15:03Z</time>
      </trkpt>
      <trkpt lat="41.7570248991251" lon="123.4957567602396">
        <ele>54</ele>
        <time>2026-09-05T03:15:05Z</time>
      </trkpt>
      <trkpt lat="41.75708608701825" lon="123.49588567391038">
        <ele>54</ele>
        <time>2026-09-05T03:15:07Z</time>
      </trkpt>
      <trkpt lat="41.75712841562927" lon="123.49602917209268">
        <ele>54</ele>
        <time>2026-09-05T03:15:09Z</time>
      </trkpt>
      <trkpt lat="41.757151717320085" lon="123.49618272855878">
        <ele>54</ele>
        <time>2026-09-05T03:15:11Z</time>
      </trkpt>
      <trkpt lat="41.75716236233711" lon="123.49633838050067">
        <ele>54.2</ele>
        <time>2026-09-05T03:15:13Z</time>
      </trkpt>
      <trkpt lat="41.757167894393206" lon="123.49649545736611">
        <ele>54.2</ele>
        <time>2026-09-05T03:15:15Z</time>
      </trkpt>
      <trkpt lat="41.75717552192509" lon="123.49665245041251">
        <ele>54.2</ele>
        <time>2026-09-05T03:15:17Z</time>
      </trkpt>
      <trkpt lat="41.7571871727705" lon="123.49681011401117">
        <ele>54.2</ele>
        <time>2026-09-05T03:15:19Z</time>
      </trkpt>
      <trkpt lat="41.75720879808068" lon="123.49696450866759">
        <ele>54.2</ele>
        <time>2026-09-05T03:15:21Z</time>
      </trkpt>
      <trkpt lat="41.75724693574011" lon="123.49711219780147">
        <ele>54.4</ele>
        <time>2026-09-05T03:15:23Z</time>
      </trkpt>
      <trkpt lat="41.757298316806555" lon="123.49725066684186">
        <ele>54.6</ele>
        <time>2026-09-05T03:15:25Z</time>
      </trkpt>
      <trkpt lat="41.75735833123326" lon="123.49737949669361">
        <ele>54.6</ele>
        <time>2026-09-05T03:15:27Z</time>
      </trkpt>
      <trkpt lat="41.75742262043059" lon="123.49750715307891">
        <ele>54.4</ele>
        <time>2026-09-05T03:15:29Z</time>
      </trkpt>
      <trkpt lat="41.7574892565608" lon="123.4976442810148">
        <ele>53.8</ele>
        <time>2026-09-05T03:15:31Z</time>
      </trkpt>
      <trkpt lat="41.75756209529936" lon="123.49778761155903">
        <ele>53.6</ele>
        <time>2026-09-05T03:15:33Z</time>
      </trkpt>
      <trkpt lat="41.757637867704034" lon="123.49793002009392">
        <ele>53.4</ele>
        <time>2026-09-05T03:15:35Z</time>
      </trkpt>
      <trkpt lat="41.7577154841274" lon="123.49806471727788">
        <ele>53.4</ele>
        <time>2026-09-05T03:15:37Z</time>
      </trkpt>
      <trkpt lat="41.75779301673174" lon="123.49819036200643">
        <ele>53.6</ele>
        <time>2026-09-05T03:15:39Z</time>
      </trkpt>
      <trkpt lat="41.757866609841585" lon="123.49831089377403">
        <ele>54</ele>
        <time>2026-09-05T03:15:41Z</time>
      </trkpt>
      <trkpt lat="41.757933078333735" lon="123.49843167699873">
        <ele>54.2</ele>
        <time>2026-09-05T03:15:43Z</time>
      </trkpt>
      <trkpt lat="41.7580006364733" lon="123.49854852072895">
        <ele>54.4</ele>
        <time>2026-09-05T03:15:45Z</time>
      </trkpt>
      <trkpt lat="41.75807733088732" lon="123.49865538999438">
        <ele>54.6</ele>
        <time>2026-09-05T03:15:47Z</time>
      </trkpt>
      <trkpt lat="41.7581541929394" lon="123.49876452237368">
        <ele>54.8</ele>
        <time>2026-09-05T03:15:49Z</time>
      </trkpt>
      <trkpt lat="41.75821856595576" lon="123.49888228811324">
        <ele>55</ele>
        <time>2026-09-05T03:15:51Z</time>
      </trkpt>
      <trkpt lat="41.75827086903155" lon="123.49900810047984">
        <ele>54.8</ele>
        <time>2026-09-05T03:15:53Z</time>
      </trkpt>
      <trkpt lat="41.758318562060595" lon="123.49914791062474">
        <ele>54.4</ele>
        <time>2026-09-05T03:15:55Z</time>
      </trkpt>
      <trkpt lat="41.75837128423154" lon="123.49929425865412">
        <ele>54.2</ele>
        <time>2026-09-05T03:15:57Z</time>
      </trkpt>
      <trkpt lat="41.758424676954746" lon="123.49943624809384">
        <ele>54</ele>
        <time>2026-09-05T03:15:59Z</time>
      </trkpt>
      <trkpt lat="41.75848435610533" lon="123.49956440739334">
        <ele>54</ele>
        <time>2026-09-05T03:16:01Z</time>
      </trkpt>
      <trkpt lat="41.75855451263487" lon="123.49968259222806">
        <ele>54</ele>
        <time>2026-09-05T03:16:03Z</time>
      </trkpt>
      <trkpt lat="41.75862081348896" lon="123.49980672821403">
        <ele>54</ele>
        <time>2026-09-05T03:16:05Z</time>
      </trkpt>
      <trkpt lat="41.75866683013737" lon="123.49994402378798">
        <ele>54.2</ele>
        <time>2026-09-05T03:16:07Z</time>
      </trkpt>
      <trkpt lat="41.75870622508228" lon="123.5000860132277">
        <ele>54.2</ele>
        <time>2026-09-05T03:16:09Z</time>
      </trkpt>
      <trkpt lat="41.758759869262576" lon="123.50022540427744">
        <ele>54.4</ele>
        <time>2026-09-05T03:16:11Z</time>
      </trkpt>
      <trkpt lat="41.75882843323052" lon="123.50035616196692">
        <ele>54.4</ele>
        <time>2026-09-05T03:16:13Z</time>
      </trkpt>
      <trkpt lat="41.75890135578811" lon="123.50048180669546">
        <ele>54.6</ele>
        <time>2026-09-05T03:16:15Z</time>
      </trkpt>
      <trkpt lat="41.75897662527859" lon="123.50060409866273">
        <ele>54.6</ele>
        <time>2026-09-05T03:16:17Z</time>
      </trkpt>
      <trkpt lat="41.75905181095004" lon="123.50072488188744">
        <ele>54.8</ele>
        <time>2026-09-05T03:16:19Z</time>
      </trkpt>
      <trkpt lat="41.75912548787892" lon="123.50084750913084">
        <ele>54.8</ele>
        <time>2026-09-05T03:16:21Z</time>
      </trkpt>
      <trkpt lat="41.75919556058943" lon="123.50097298622131">
        <ele>54.8</ele>
        <time>2026-09-05T03:16:23Z</time>
      </trkpt>
      <trkpt lat="41.75926202908158" lon="123.5011013969779">
        <ele>55</ele>
        <time>2026-09-05T03:16:25Z</time>
      </trkpt>
      <trkpt lat="41.75932791084051" lon="123.50122922100127">
        <ele>55</ele>
        <time>2026-09-05T03:16:27Z</time>
      </trkpt>
      <trkpt lat="41.75939220003784" lon="123.50135729648173">
        <ele>55.2</ele>
        <time>2026-09-05T03:16:29Z</time>
      </trkpt>
      <trkpt lat="41.7594579141587" lon="123.50148176774383">
        <ele>55.2</ele>
        <time>2026-09-05T03:16:31Z</time>
      </trkpt>
      <trkpt lat="41.75953066907823" lon="123.5015950910747">
        <ele>55.2</ele>
        <time>2026-09-05T03:16:33Z</time>
      </trkpt>
      <trkpt lat="41.759610464796424" lon="123.50169592536986">
        <ele>55.2</ele>
        <time>2026-09-05T03:16:35Z</time>
      </trkpt>
      <trkpt lat="41.75969906151295" lon="123.50178318098187">
        <ele>55.2</ele>
        <time>2026-09-05T03:16:37Z</time>
      </trkpt>
      <trkpt lat="41.75979000516236" lon="123.50187295116484">
        <ele>55</ele>
        <time>2026-09-05T03:16:39Z</time>
      </trkpt>
      <trkpt lat="41.75987591966987" lon="123.50197487510741">
        <ele>55</ele>
        <time>2026-09-05T03:16:41Z</time>
      </trkpt>
      <trkpt lat="41.75995538011193" lon="123.50208886899054">
        <ele>55</ele>
        <time>2026-09-05T03:16:43Z</time>
      </trkpt>
      <trkpt lat="41.76002377644181" lon="123.50220948457718">
        <ele>55</ele>
        <time>2026-09-05T03:16:45Z</time>
      </trkpt>
      <trkpt lat="41.760079097002745" lon="123.50233856588602">
        <ele>54.8</ele>
        <time>2026-09-05T03:16:47Z</time>
      </trkpt>
      <trkpt lat="41.760117737576365" lon="123.50247820839286">
        <ele>54.8</ele>
        <time>2026-09-05T03:16:49Z</time>
      </trkpt>
      <trkpt lat="41.760162161663175" lon="123.5026128217578">
        <ele>54.8</ele>
        <time>2026-09-05T03:16:51Z</time>
      </trkpt>
      <trkpt lat="41.760223684832454" lon="123.50273511372507">
        <ele>54.8</ele>
        <time>2026-09-05T03:16:53Z</time>
      </trkpt>
      <trkpt lat="41.760299121961" lon="123.50284466519952">
        <ele>54.8</ele>
        <time>2026-09-05T03:16:55Z</time>
      </trkpt>
      <trkpt lat="41.76037933677435" lon="123.50295078009367">
        <ele>55</ele>
        <time>2026-09-05T03:16:57Z</time>
      </trkpt>
      <trkpt lat="41.76045661792159" lon="123.50306049920619">
        <ele>55</ele>
        <time>2026-09-05T03:16:59Z</time>
      </trkpt>
      <trkpt lat="41.760537000373006" lon="123.50316317752004">
        <ele>55.2</ele>
        <time>2026-09-05T03:17:01Z</time>
      </trkpt>
      <trkpt lat="41.760616628453135" lon="123.50326476618648">
        <ele>55.2</ele>
        <time>2026-09-05T03:17:03Z</time>
      </trkpt>
      <trkpt lat="41.76068862900138" lon="123.50337482057512">
        <ele>55.2</ele>
        <time>2026-09-05T03:17:05Z</time>
      </trkpt>
      <trkpt lat="41.76075166091323" lon="123.50349778309464">
        <ele>55.2</ele>
        <time>2026-09-05T03:17:07Z</time>
      </trkpt>
      <trkpt lat="41.76080262288451" lon="123.50363155826926">
        <ele>55.4</ele>
        <time>2026-09-05T03:17:09Z</time>
      </trkpt>
      <trkpt lat="41.760852076113224" lon="123.50376449525356">
        <ele>55.4</ele>
        <time>2026-09-05T03:17:11Z</time>
      </trkpt>
      <trkpt lat="41.76092080771923" lon="123.50388309918344">
        <ele>55.6</ele>
        <time>2026-09-05T03:17:13Z</time>
      </trkpt>
      <trkpt lat="41.760997669771314" lon="123.50399650633335">
        <ele>55.6</ele>
        <time>2026-09-05T03:17:15Z</time>
      </trkpt>
      <trkpt lat="41.761073023080826" lon="123.50410982966423">
        <ele>55.4</ele>
        <time>2026-09-05T03:17:17Z</time>
      </trkpt>
      <trkpt lat="41.76115449517965" lon="123.50421527400613">
        <ele>55.4</ele>
        <time>2026-09-05T03:17:19Z</time>
      </trkpt>
      <trkpt lat="41.76125298254192" lon="123.50429506972432">
        <ele>55.2</ele>
        <time>2026-09-05T03:17:21Z</time>
      </trkpt>
      <trkpt lat="41.76136136054993" lon="123.50434334948659">
        <ele>55.2</ele>
        <time>2026-09-05T03:17:23Z</time>
      </trkpt>
      <trkpt lat="41.76146420650184" lon="123.50439540110528">
        <ele>55.4</ele>
        <time>2026-09-05T03:17:25Z</time>
      </trkpt>
      <trkpt lat="41.761555233970284" lon="123.50448517128825">
        <ele>55.4</ele>
        <time>2026-09-05T03:17:27Z</time>
      </trkpt>
      <trkpt lat="41.76164240576327" lon="123.50459296256304">
        <ele>55.2</ele>
        <time>2026-09-05T03:17:29Z</time>
      </trkpt>
      <trkpt lat="41.761726308614016" lon="123.50470921956003">
        <ele>55</ele>
        <time>2026-09-05T03:17:31Z</time>
      </trkpt>
      <trkpt lat="41.761809792369604" lon="123.50483327172697">
        <ele>54.8</ele>
        <time>2026-09-05T03:17:33Z</time>
      </trkpt>
      <trkpt lat="41.76188782788813" lon="123.50496746599674">
        <ele>54.8</ele>
        <time>2026-09-05T03:17:35Z</time>
      </trkpt>
      <trkpt lat="41.76195228472352" lon="123.5051127243787">
        <ele>54.8</ele>
        <time>2026-09-05T03:17:37Z</time>
      </trkpt>
      <trkpt lat="41.762007689103484" lon="123.50526217371225">
        <ele>54.6</ele>
        <time>2026-09-05T03:17:39Z</time>
      </trkpt>
      <trkpt lat="41.76206602714956" lon="123.50540617480874">
        <ele>54.8</ele>
        <time>2026-09-05T03:17:41Z</time>
      </trkpt>
      <trkpt lat="41.76214121282101" lon="123.50553567521274">
        <ele>54.8</ele>
        <time>2026-09-05T03:17:43Z</time>
      </trkpt>
      <trkpt lat="41.76223827525973" lon="123.50563977845013">
        <ele>54.8</ele>
        <time>2026-09-05T03:17:45Z</time>
      </trkpt>
      <trkpt lat="41.762345312163234" lon="123.50572787225246">
        <ele>55</ele>
        <time>2026-09-05T03:17:47Z</time>
      </trkpt>
      <trkpt lat="41.762444134801626" lon="123.50582661107183">
        <ele>55</ele>
        <time>2026-09-05T03:17:49Z</time>
      </trkpt>
      <trkpt lat="41.762523679062724" lon="123.50595141761005">
        <ele>55</ele>
        <time>2026-09-05T03:17:51Z</time>
      </trkpt>
      <trkpt lat="41.76259526051581" lon="123.5060855280608">
        <ele>55</ele>
        <time>2026-09-05T03:17:53Z</time>
      </trkpt>
      <trkpt lat="41.76266902126372" lon="123.50621620193124">
        <ele>55</ele>
        <time>2026-09-05T03:17:55Z</time>
      </trkpt>
      <trkpt lat="41.76275032572448" lon="123.50633748807013">
        <ele>55</ele>
        <time>2026-09-05T03:17:57Z</time>
      </trkpt>
      <trkpt lat="41.76284026354551" lon="123.5064410045743">
        <ele>55</ele>
        <time>2026-09-05T03:17:59Z</time>
      </trkpt>
      <trkpt lat="41.762941014021635" lon="123.50652155466378">
        <ele>55</ele>
        <time>2026-09-05T03:18:01Z</time>
      </trkpt>
      <trkpt lat="41.763042602688074" lon="123.5065810661763">
        <ele>55</ele>
        <time>2026-09-05T03:18:03Z</time>
      </trkpt>
      <trkpt lat="41.7631396651268" lon="123.50663068704307">
        <ele>54.8</ele>
        <time>2026-09-05T03:18:05Z</time>
      </trkpt>
      <trkpt lat="41.763238571584225" lon="123.5066878516227">
        <ele>54.8</ele>
        <time>2026-09-05T03:18:07Z</time>
      </trkpt>
      <trkpt lat="41.76333848387003" lon="123.50676521658897">
        <ele>54.8</ele>
        <time>2026-09-05T03:18:09Z</time>
      </trkpt>
      <trkpt lat="41.76343479193747" lon="123.50686077028513">
        <ele>55</ele>
        <time>2026-09-05T03:18:11Z</time>
      </trkpt>
      <trkpt lat="41.76352900452912" lon="123.50696286186576">
        <ele>55.2</ele>
        <time>2026-09-05T03:18:13Z</time>
      </trkpt>
      <trkpt lat="41.76362975500524" lon="123.5070522967726">
        <ele>55.4</ele>
        <time>2026-09-05T03:18:15Z</time>
      </trkpt>
      <trkpt lat="41.76374542526901" lon="123.50711088627577">
        <ele>55.4</ele>
        <time>2026-09-05T03:18:17Z</time>
      </trkpt>
      <trkpt lat="41.763865957036614" lon="123.50714298896492">
        <ele>55.4</ele>
        <time>2026-09-05T03:18:19Z</time>
      </trkpt>
      <trkpt lat="41.76398682408035" lon="123.5071781091392">
        <ele>55.4</ele>
        <time>2026-09-05T03:18:21Z</time>
      </trkpt>
      <trkpt lat="41.764103919267654" lon="123.50723971612751">
        <ele>55.6</ele>
        <time>2026-09-05T03:18:23Z</time>
      </trkpt>
      <trkpt lat="41.7642139736563" lon="123.5073081124574">
        <ele>56</ele>
        <time>2026-09-05T03:18:25Z</time>
      </trkpt>
      <trkpt lat="41.764324279502034" lon="123.50736980326474">
        <ele>56</ele>
        <time>2026-09-05T03:18:27Z</time>
      </trkpt>
      <trkpt lat="41.76443693228066" lon="123.50743652321398">
        <ele>55.8</ele>
        <time>2026-09-05T03:18:29Z</time>
      </trkpt>
      <trkpt lat="41.76454983651638" lon="123.50751497782767">
        <ele>55.6</ele>
        <time>2026-09-05T03:18:31Z</time>
      </trkpt>
      <trkpt lat="41.76465938799083" lon="123.50759762339294">
        <ele>55.4</ele>
        <time>2026-09-05T03:18:33Z</time>
      </trkpt>
      <trkpt lat="41.764766089618206" lon="123.50767909549177">
        <ele>55.2</ele>
        <time>2026-09-05T03:18:35Z</time>
      </trkpt>
      <trkpt lat="41.76487538963556" lon="123.5077552869916">
        <ele>55.2</ele>
        <time>2026-09-05T03:18:37Z</time>
      </trkpt>
      <trkpt lat="41.76498795859516" lon="123.50782142020762">
        <ele>55</ele>
        <time>2026-09-05T03:18:39Z</time>
      </trkpt>
      <trkpt lat="41.7651067301631" lon="123.50785721093416">
        <ele>55</ele>
        <time>2026-09-05T03:18:41Z</time>
      </trkpt>
      <trkpt lat="41.765228267759085" lon="123.50787162780762">
        <ele>54.8</ele>
        <time>2026-09-05T03:18:43Z</time>
      </trkpt>
      <trkpt lat="41.76534628495574" lon="123.5079003777355">
        <ele>54.8</ele>
        <time>2026-09-05T03:18:45Z</time>
      </trkpt>
      <trkpt lat="41.76545818336308" lon="123.5079672653228">
        <ele>54.8</ele>
        <time>2026-09-05T03:18:47Z</time>
      </trkpt>
      <trkpt lat="41.76556513644755" lon="123.50804957561195">
        <ele>54.8</ele>
        <time>2026-09-05T03:18:49Z</time>
      </trkpt>
      <trkpt lat="41.76567820832133" lon="123.50810824893415">
        <ele>54.8</ele>
        <time>2026-09-05T03:18:51Z</time>
      </trkpt>
      <trkpt lat="41.76579128019512" lon="123.50816675461829">
        <ele>54.8</ele>
        <time>2026-09-05T03:18:53Z</time>
      </trkpt>
      <trkpt lat="41.765902088955045" lon="123.50823800079525">
        <ele>54.8</ele>
        <time>2026-09-05T03:18:55Z</time>
      </trkpt>
      <trkpt lat="41.766015999019146" lon="123.50830849260092">
        <ele>54.8</ele>
        <time>2026-09-05T03:18:57Z</time>
      </trkpt>
      <trkpt lat="41.76612957380712" lon="123.50837211124599">
        <ele>54.6</ele>
        <time>2026-09-05T03:18:59Z</time>
      </trkpt>
      <trkpt lat="41.766238706186414" lon="123.50842416286469">
        <ele>54.6</ele>
        <time>2026-09-05T03:19:01Z</time>
      </trkpt>
      <trkpt lat="41.76634683273733" lon="123.50847219116986">
        <ele>54.4</ele>
        <time>2026-09-05T03:19:03Z</time>
      </trkpt>
      <trkpt lat="41.76645311526954" lon="123.50852457806468">
        <ele>54.4</ele>
        <time>2026-09-05T03:19:05Z</time>
      </trkpt>
      <trkpt lat="41.76655746996403" lon="123.50858006626368">
        <ele>54.6</ele>
        <time>2026-09-05T03:19:07Z</time>
      </trkpt>
      <trkpt lat="41.766655622050166" lon="123.50864334963262">
        <ele>54.6</ele>
        <time>2026-09-05T03:19:09Z</time>
      </trkpt>
      <trkpt lat="41.766755618155" lon="123.50870152004063">
        <ele>54.6</ele>
        <time>2026-09-05T03:19:11Z</time>
      </trkpt>
      <trkpt lat="41.7668629065156" lon="123.50876128301024">
        <ele>54.6</ele>
        <time>2026-09-05T03:19:13Z</time>
      </trkpt>
      <trkpt lat="41.766974134370685" lon="123.50882758386433">
        <ele>54.6</ele>
        <time>2026-09-05T03:19:15Z</time>
      </trkpt>
      <trkpt lat="41.76708620041609" lon="123.50889187306166">
        <ele>54.6</ele>
        <time>2026-09-05T03:19:17Z</time>
      </trkpt>
      <trkpt lat="41.767198015004396" lon="123.50895079784095">
        <ele>54.6</ele>
        <time>2026-09-05T03:19:19Z</time>
      </trkpt>
      <trkpt lat="41.76730530336499" lon="123.50900435820222">
        <ele>54.8</ele>
        <time>2026-09-05T03:19:21Z</time>
      </trkpt>
      <trkpt lat="41.767411921173334" lon="123.50906026549637">
        <ele>54.8</ele>
        <time>2026-09-05T03:19:23Z</time>
      </trkpt>
      <trkpt lat="41.76752029918134" lon="123.50911642424762">
        <ele>54.8</ele>
        <time>2026-09-05T03:19:25Z</time>
      </trkpt>
      <trkpt lat="41.767627419903874" lon="123.50917048752308">
        <ele>54.8</ele>
        <time>2026-09-05T03:19:27Z</time>
      </trkpt>
      <trkpt lat="41.76773906685412" lon="123.50922362878919">
        <ele>54.8</ele>
        <time>2026-09-05T03:19:29Z</time>
      </trkpt>
      <trkpt lat="41.76785230636597" lon="123.5092833917588">
        <ele>55</ele>
        <time>2026-09-05T03:19:31Z</time>
      </trkpt>
      <trkpt lat="41.76796370185912" lon="123.50933250971138">
        <ele>55</ele>
        <time>2026-09-05T03:19:33Z</time>
      </trkpt>
      <trkpt lat="41.768071157857776" lon="123.50937928073108">
        <ele>55</ele>
        <time>2026-09-05T03:19:35Z</time>
      </trkpt>
      <trkpt lat="41.76817777566612" lon="123.50942445918918">
        <ele>55</ele>
        <time>2026-09-05T03:19:37Z</time>
      </trkpt>
      <trkpt lat="41.76828891970217" lon="123.50943661294878">
        <ele>55</ele>
        <time>2026-09-05T03:19:39Z</time>
      </trkpt>
      <trkpt lat="41.768401907756925" lon="123.50941850803792">
        <ele>55</ele>
        <time>2026-09-05T03:19:41Z</time>
      </trkpt>
      <trkpt lat="41.76851028576493" lon="123.50939805619419">
        <ele>55</ele>
        <time>2026-09-05T03:19:43Z</time>
      </trkpt>
      <trkpt lat="41.76861673593521" lon="123.50940987467766">
        <ele>55</ele>
        <time>2026-09-05T03:19:45Z</time>
      </trkpt>
      <trkpt lat="41.7687210906297" lon="123.50945740006864">
        <ele>55</ele>
        <time>2026-09-05T03:19:47Z</time>
      </trkpt>
      <trkpt lat="41.768825026229024" lon="123.5095231141895">
        <ele>55</ele>
        <time>2026-09-05T03:19:49Z</time>
      </trkpt>
      <trkpt lat="41.768928626552224" lon="123.5095941927284">
        <ele>55</ele>
        <time>2026-09-05T03:19:51Z</time>
      </trkpt>
      <trkpt lat="41.769031807780266" lon="123.50966921076179">
        <ele>55.2</ele>
        <time>2026-09-05T03:19:53Z</time>
      </trkpt>
      <trkpt lat="41.769135827198625" lon="123.50974397733808">
        <ele>55.2</ele>
        <time>2026-09-05T03:19:55Z</time>
      </trkpt>
      <trkpt lat="41.76924009807408" lon="123.50981715135276">
        <ele>55.2</ele>
        <time>2026-09-05T03:19:57Z</time>
      </trkpt>
      <trkpt lat="41.76934361457825" lon="123.50988990627229">
        <ele>55.2</ele>
        <time>2026-09-05T03:19:59Z</time>
      </trkpt>
      <trkpt lat="41.769449561834335" lon="123.50996090099216">
        <ele>55.2</ele>
        <time>2026-09-05T03:20:01Z</time>
      </trkpt>
      <trkpt lat="41.769560454413295" lon="123.5100262798369">
        <ele>55.2</ele>
        <time>2026-09-05T03:20:03Z</time>
      </trkpt>
      <trkpt lat="41.769677717238665" lon="123.5100812651217">
        <ele>55.2</ele>
        <time>2026-09-05T03:20:05Z</time>
      </trkpt>
      <trkpt lat="41.76979556679726" lon="123.51013071835041">
        <ele>55.2</ele>
        <time>2026-09-05T03:20:07Z</time>
      </trkpt>
      <trkpt lat="41.769914757460356" lon="123.51018059067428">
        <ele>55.2</ele>
        <time>2026-09-05T03:20:09Z</time>
      </trkpt>
      <trkpt lat="41.77003478631377" lon="123.51023046299815">
        <ele>55</ele>
        <time>2026-09-05T03:20:11Z</time>
      </trkpt>
      <trkpt lat="41.77015481516719" lon="123.51028108969331">
        <ele>55</ele>
        <time>2026-09-05T03:20:13Z</time>
      </trkpt>
      <trkpt lat="41.77027459256351" lon="123.51032987236977">
        <ele>55</ele>
        <time>2026-09-05T03:20:15Z</time>
      </trkpt>
      <trkpt lat="41.77039328031242" lon="123.51037899032235">
        <ele>55</ele>
        <time>2026-09-05T03:20:17Z</time>
      </trkpt>
      <trkpt lat="41.77051020786166" lon="123.51042978465557">
        <ele>55</ele>
        <time>2026-09-05T03:20:19Z</time>
      </trkpt>
      <trkpt lat="41.77062822505832" lon="123.51048468612134">
        <ele>55</ele>
        <time>2026-09-05T03:20:21Z</time>
      </trkpt>
      <trkpt lat="41.770744398236275" lon="123.51054025813937">
        <ele>55</ele>
        <time>2026-09-05T03:20:23Z</time>
      </trkpt>
      <trkpt lat="41.77085981704295" lon="123.51059641689062">
        <ele>55</ele>
        <time>2026-09-05T03:20:25Z</time>
      </trkpt>
      <trkpt lat="41.77097615785897" lon="123.51064151152968">
        <ele>55</ele>
        <time>2026-09-05T03:20:27Z</time>
      </trkpt>
      <trkpt lat="41.77109652198851" lon="123.5106669086963">
        <ele>55.2</ele>
        <time>2026-09-05T03:20:29Z</time>
      </trkpt>
      <trkpt lat="41.77121671847999" lon="123.5106785595417">
        <ele>55.2</ele>
        <time>2026-09-05T03:20:31Z</time>
      </trkpt>
      <trkpt lat="41.77133507095277" lon="123.51070705801249">
        <ele>55.2</ele>
        <time>2026-09-05T03:20:33Z</time>
      </trkpt>
      <trkpt lat="41.771453926339746" lon="123.51075340993702">
        <ele>55.4</ele>
        <time>2026-09-05T03:20:35Z</time>
      </trkpt>
      <trkpt lat="41.77157077006996" lon="123.51081426255405">
        <ele>55.6</ele>
        <time>2026-09-05T03:20:37Z</time>
      </trkpt>
      <trkpt lat="41.77168291993439" lon="123.51089699193835">
        <ele>55.8</ele>
        <time>2026-09-05T03:20:39Z</time>
      </trkpt>
      <trkpt lat="41.771790627390146" lon="123.51098718121648">
        <ele>55.8</ele>
        <time>2026-09-05T03:20:41Z</time>
      </trkpt>
      <trkpt lat="41.77190110087395" lon="123.51106429472566">
        <ele>55.8</ele>
        <time>2026-09-05T03:20:43Z</time>
      </trkpt>
      <trkpt lat="41.77201953716576" lon="123.5111193638295">
        <ele>55.6</ele>
        <time>2026-09-05T03:20:45Z</time>
      </trkpt>
      <trkpt lat="41.772142834961414" lon="123.51116781122983">
        <ele>55.6</ele>
        <time>2026-09-05T03:20:47Z</time>
      </trkpt>
      <trkpt lat="41.77225708030164" lon="123.51124609820545">
        <ele>55.6</ele>
        <time>2026-09-05T03:20:49Z</time>
      </trkpt>
      <trkpt lat="41.77236218936741" lon="123.51134098134935">
        <ele>55.8</ele>
        <time>2026-09-05T03:20:51Z</time>
      </trkpt>
      <trkpt lat="41.77247383631766" lon="123.51141599938273">
        <ele>56</ele>
        <time>2026-09-05T03:20:53Z</time>
      </trkpt>
      <trkpt lat="41.772590931504965" lon="123.51147752255201">
        <ele>55.8</ele>
        <time>2026-09-05T03:20:55Z</time>
      </trkpt>
      <trkpt lat="41.77270735614002" lon="123.51154231466353">
        <ele>55.6</ele>
        <time>2026-09-05T03:20:57Z</time>
      </trkpt>
      <trkpt lat="41.77281749434769" lon="123.51161926053464">
        <ele>55.6</ele>
        <time>2026-09-05T03:20:59Z</time>
      </trkpt>
      <trkpt lat="41.77292000502348" lon="123.51169981062412">
        <ele>55.6</ele>
        <time>2026-09-05T03:21:01Z</time>
      </trkpt>
      <trkpt lat="41.77302318625152" lon="123.51177047006786">
        <ele>55.8</ele>
        <time>2026-09-05T03:21:03Z</time>
      </trkpt>
      <trkpt lat="41.773128965869546" lon="123.51180240511894">
        <ele>56.2</ele>
        <time>2026-09-05T03:21:05Z</time>
      </trkpt>
      <trkpt lat="41.77325100637972" lon="123.51175026968122">
        <ele>56.4</ele>
        <time>2026-09-05T03:21:07Z</time>
      </trkpt>
      <trkpt lat="41.773342955857515" lon="123.51161289028823">
        <ele>56.4</ele>
        <time>2026-09-05T03:21:10Z</time>
      </trkpt>
      <trkpt lat="41.77340003661811" lon="123.5114502813667">
        <ele>56.4</ele>
        <time>2026-09-05T03:21:12Z</time>
      </trkpt>
      <trkpt lat="41.773465583100915" lon="123.5113139078021">
        <ele>56.6</ele>
        <time>2026-09-05T03:21:14Z</time>
      </trkpt>
      <trkpt lat="41.773560885339975" lon="123.51124810986221">
        <ele>56.8</ele>
        <time>2026-09-05T03:21:16Z</time>
      </trkpt>
      <trkpt lat="41.77367739379406" lon="123.51127887144685">
        <ele>57</ele>
        <time>2026-09-05T03:21:18Z</time>
      </trkpt>
      <trkpt lat="41.7737945728004" lon="123.51137459278107">
        <ele>57</ele>
        <time>2026-09-05T03:21:20Z</time>
      </trkpt>
      <trkpt lat="41.77390948869288" lon="123.51147752255201">
        <ele>57</ele>
        <time>2026-09-05T03:21:22Z</time>
      </trkpt>
      <trkpt lat="41.77402088418603" lon="123.51156352087855">
        <ele>57</ele>
        <time>2026-09-05T03:21:24Z</time>
      </trkpt>
      <trkpt lat="41.774128591641784" lon="123.5116373654455">
        <ele>57</ele>
        <time>2026-09-05T03:21:26Z</time>
      </trkpt>
      <trkpt lat="41.77423252724111" lon="123.51170148700476">
        <ele>57</ele>
        <time>2026-09-05T03:21:28Z</time>
      </trkpt>
      <trkpt lat="41.77433126606047" lon="123.51176217198372">
        <ele>57</ele>
        <time>2026-09-05T03:21:30Z</time>
      </trkpt>
      <trkpt lat="41.77446411922574" lon="123.51209317333996">
        <ele>57.6</ele>
        <time>2026-09-05T03:27:45Z</time>
      </trkpt>
      <trkpt lat="41.77449085749686" lon="123.51207121275365">
        <ele>57.6</ele>
        <time>2026-09-05T03:27:47Z</time>
      </trkpt>
      <trkpt lat="41.77453603595495" lon="123.51206358522177">
        <ele>57.6</ele>
        <time>2026-09-05T03:27:49Z</time>
      </trkpt>
      <trkpt lat="41.774597223848104" lon="123.51206886582077">
        <ele>57.4</ele>
        <time>2026-09-05T03:27:51Z</time>
      </trkpt>
      <trkpt lat="41.77466050721705" lon="123.51208655163646">
        <ele>57.4</ele>
        <time>2026-09-05T03:27:53Z</time>
      </trkpt>
      <trkpt lat="41.774750696495175" lon="123.51209568791091">
        <ele>57.6</ele>
        <time>2026-09-05T03:27:55Z</time>
      </trkpt>
      <trkpt lat="41.774851279333234" lon="123.51210222579539">
        <ele>57.6</ele>
        <time>2026-09-05T03:27:57Z</time>
      </trkpt>
      <trkpt lat="41.77494540810585" lon="123.51211999543011">
        <ele>57.6</ele>
        <time>2026-09-05T03:27:59Z</time>
      </trkpt>
      <trkpt lat="41.77503685466945" lon="123.51214891299605">
        <ele>57.8</ele>
        <time>2026-09-05T03:28:01Z</time>
      </trkpt>
      <trkpt lat="41.775125954300165" lon="123.5121842008084">
        <ele>57.8</ele>
        <time>2026-09-05T03:28:03Z</time>
      </trkpt>
      <trkpt lat="41.775213461369276" lon="123.51221596822143">
        <ele>57.8</ele>
        <time>2026-09-05T03:28:05Z</time>
      </trkpt>
      <trkpt lat="41.77529929205775" lon="123.51224966347218">
        <ele>57.8</ele>
        <time>2026-09-05T03:28:07Z</time>
      </trkpt>
      <trkpt lat="41.775388307869434" lon="123.51228260435164">
        <ele>57.8</ele>
        <time>2026-09-05T03:28:09Z</time>
      </trkpt>
      <trkpt lat="41.775481598451734" lon="123.51231588050723">
        <ele>58</ele>
        <time>2026-09-05T03:28:11Z</time>
      </trkpt>
      <trkpt lat="41.77557413466275" lon="123.51235141977668">
        <ele>58</ele>
        <time>2026-09-05T03:28:13Z</time>
      </trkpt>
      <trkpt lat="41.775663401931524" lon="123.51238612085581">
        <ele>58</ele>
        <time>2026-09-05T03:28:15Z</time>
      </trkpt>
      <trkpt lat="41.77575057372451" lon="123.51241989992559">
        <ele>58.2</ele>
        <time>2026-09-05T03:28:17Z</time>
      </trkpt>
      <trkpt lat="41.77583606913686" lon="123.51245309226215">
        <ele>58.2</ele>
        <time>2026-09-05T03:28:19Z</time>
      </trkpt>
      <trkpt lat="41.775922905653715" lon="123.512481758371">
        <ele>58.2</ele>
        <time>2026-09-05T03:28:21Z</time>
      </trkpt>
      <trkpt lat="41.77601661533117" lon="123.5125039704144">
        <ele>58.2</ele>
        <time>2026-09-05T03:28:23Z</time>
      </trkpt>
      <trkpt lat="41.77611753344536" lon="123.51251360960305">
        <ele>58.2</ele>
        <time>2026-09-05T03:28:25Z</time>
      </trkpt>
      <trkpt lat="41.7762207146734" lon="123.51250640116632">
        <ele>58.2</ele>
        <time>2026-09-05T03:28:27Z</time>
      </trkpt>
      <trkpt lat="41.77632029168308" lon="123.51247949525714">
        <ele>58.2</ele>
        <time>2026-09-05T03:28:29Z</time>
      </trkpt>
      <trkpt lat="41.776416935026646" lon="123.51243590936065">
        <ele>58</ele>
        <time>2026-09-05T03:28:31Z</time>
      </trkpt>
      <trkpt lat="41.77651525475085" lon="123.51239399984479">
        <ele>57.8</ele>
        <time>2026-09-05T03:28:33Z</time>
      </trkpt>
      <trkpt lat="41.77661600522697" lon="123.51237547583878">
        <ele>57.8</ele>
        <time>2026-09-05T03:28:35Z</time>
      </trkpt>
      <trkpt lat="41.776713486760855" lon="123.51239500567317">
        <ele>57.6</ele>
        <time>2026-09-05T03:28:37Z</time>
      </trkpt>
      <trkpt lat="41.77681331522763" lon="123.51244512945414">
        <ele>57.4</ele>
        <time>2026-09-05T03:28:39Z</time>
      </trkpt>
      <trkpt lat="41.77691641263664" lon="123.51250589825213">
        <ele>57</ele>
        <time>2026-09-05T03:28:41Z</time>
      </trkpt>
      <trkpt lat="41.77701766602695" lon="123.51258259266615">
        <ele>57</ele>
        <time>2026-09-05T03:28:43Z</time>
      </trkpt>
      <trkpt lat="41.77712026052177" lon="123.512669429183">
        <ele>56.8</ele>
        <time>2026-09-05T03:28:45Z</time>
      </trkpt>
      <trkpt lat="41.77722696214914" lon="123.51275660097599">
        <ele>56.8</ele>
        <time>2026-09-05T03:28:47Z</time>
      </trkpt>
      <trkpt lat="41.777334585785866" lon="123.51283597759902">
        <ele>56.8</ele>
        <time>2026-09-05T03:28:49Z</time>
      </trkpt>
      <trkpt lat="41.777445981279016" lon="123.51290588267148">
        <ele>56.4</ele>
        <time>2026-09-05T03:28:51Z</time>
      </trkpt>
      <trkpt lat="41.77755846641958" lon="123.51296748965979">
        <ele>56.6</ele>
        <time>2026-09-05T03:28:53Z</time>
      </trkpt>
      <trkpt lat="41.77766868844628" lon="123.5130275040865">
        <ele>56.6</ele>
        <time>2026-09-05T03:28:55Z</time>
      </trkpt>
      <trkpt lat="41.77777740173042" lon="123.5130909550935">
        <ele>56.8</ele>
        <time>2026-09-05T03:28:57Z</time>
      </trkpt>
      <trkpt lat="41.777888713404536" lon="123.51315935142338">
        <ele>56.8</ele>
        <time>2026-09-05T03:28:59Z</time>
      </trkpt>
      <trkpt lat="41.778000611811876" lon="123.5132294241339">
        <ele>57</ele>
        <time>2026-09-05T03:29:01Z</time>
      </trkpt>
      <trkpt lat="41.77811301313341" lon="123.51330100558698">
        <ele>57</ele>
        <time>2026-09-05T03:29:03Z</time>
      </trkpt>
      <trkpt lat="41.77822457626462" lon="123.51337359286845">
        <ele>57.2</ele>
        <time>2026-09-05T03:29:05Z</time>
      </trkpt>
      <trkpt lat="41.778331780806184" lon="123.513451712206">
        <ele>57.2</ele>
        <time>2026-09-05T03:29:07Z</time>
      </trkpt>
      <trkpt lat="41.77842456847429" lon="123.51355330087245">
        <ele>57.4</ele>
        <time>2026-09-05T03:29:09Z</time>
      </trkpt>
      <trkpt lat="41.778496066108346" lon="123.51369042880833">
        <ele>57.4</ele>
        <time>2026-09-05T03:29:11Z</time>
      </trkpt>
      <trkpt lat="41.778556667268276" lon="123.51384314708412">
        <ele>57.4</ele>
        <time>2026-09-05T03:29:13Z</time>
      </trkpt>
      <trkpt lat="41.7786228004843" lon="123.51399066857994">
        <ele>57.2</ele>
        <time>2026-09-05T03:29:15Z</time>
      </trkpt>
      <trkpt lat="41.77870620042086" lon="123.5141240246594">
        <ele>57.2</ele>
        <time>2026-09-05T03:29:17Z</time>
      </trkpt>
      <trkpt lat="41.7788006644696" lon="123.51424497552216">
        <ele>57.2</ele>
        <time>2026-09-05T03:29:19Z</time>
      </trkpt>
      <trkpt lat="41.77889839746058" lon="123.5143536888063">
        <ele>57.2</ele>
        <time>2026-09-05T03:29:21Z</time>
      </trkpt>
      <trkpt lat="41.77899956703186" lon="123.5144520085305">
        <ele>57.2</ele>
        <time>2026-09-05T03:29:23Z</time>
      </trkpt>
      <trkpt lat="41.77910543046892" lon="123.51455435156822">
        <ele>57</ele>
        <time>2026-09-05T03:29:25Z</time>
      </trkpt>
      <trkpt lat="41.7792031634599" lon="123.51465971209109">
        <ele>56.8</ele>
        <time>2026-09-05T03:29:27Z</time>
      </trkpt>
      <trkpt lat="41.77930642850697" lon="123.51476247422397">
        <ele>56.8</ele>
        <time>2026-09-05T03:29:29Z</time>
      </trkpt>
      <trkpt lat="41.779418997466564" lon="123.51486305706203">
        <ele>56.6</ele>
        <time>2026-09-05T03:29:31Z</time>
      </trkpt>
      <trkpt lat="41.77953508682549" lon="123.51495198905468">
        <ele>56.6</ele>
        <time>2026-09-05T03:29:33Z</time>
      </trkpt>
      <trkpt lat="41.77965687587857" lon="123.51502239704132">
        <ele>56.6</ele>
        <time>2026-09-05T03:29:35Z</time>
      </trkpt>
      <trkpt lat="41.77978478372097" lon="123.51507646031678">
        <ele>56.6</ele>
        <time>2026-09-05T03:29:37Z</time>
      </trkpt>
      <trkpt lat="41.77991285920143" lon="123.51512230932713">
        <ele>56.8</ele>
        <time>2026-09-05T03:29:39Z</time>
      </trkpt>
      <trkpt lat="41.78004177287221" lon="123.51516338065267">
        <ele>56.8</ele>
        <time>2026-09-05T03:29:41Z</time>
      </trkpt>
      <trkpt lat="41.780170518904924" lon="123.51520411670208">
        <ele>57</ele>
        <time>2026-09-05T03:29:43Z</time>
      </trkpt>
      <trkpt lat="41.780298091471195" lon="123.51524652913213">
        <ele>57</ele>
        <time>2026-09-05T03:29:45Z</time>
      </trkpt>
      <trkpt lat="41.78042348474264" lon="123.51529095321894">
        <ele>57</ele>
        <time>2026-09-05T03:29:47Z</time>
      </trkpt>
      <trkpt lat="41.78054560907185" lon="123.51534359157085">
        <ele>57.2</ele>
        <time>2026-09-05T03:29:49Z</time>
      </trkpt>
      <trkpt lat="41.780663626268506" lon="123.51540436036885">
        <ele>57.2</ele>
        <time>2026-09-05T03:29:51Z</time>
      </trkpt>
      <trkpt lat="41.78078063763678" lon="123.5154745168984">
        <ele>57.4</ele>
        <time>2026-09-05T03:29:53Z</time>
      </trkpt>
      <trkpt lat="41.780898068100214" lon="123.51554894819856">
        <ele>57.4</ele>
        <time>2026-09-05T03:29:55Z</time>
      </trkpt>
      <trkpt lat="41.78101516328752" lon="123.51562631316483">
        <ele>57.4</ele>
        <time>2026-09-05T03:29:57Z</time>
      </trkpt>
      <trkpt lat="41.78113100118935" lon="123.51569948717952">
        <ele>57.2</ele>
        <time>2026-09-05T03:29:59Z</time>
      </trkpt>
      <trkpt lat="41.781242564320564" lon="123.51576796732843">
        <ele>57</ele>
        <time>2026-09-05T03:30:01Z</time>
      </trkpt>
      <trkpt lat="41.781350104138255" lon="123.51583762094378">
        <ele>57</ele>
        <time>2026-09-05T03:30:03Z</time>
      </trkpt>
      <trkpt lat="41.78145890124142" lon="123.5159108787775">
        <ele>57</ele>
        <time>2026-09-05T03:30:05Z</time>
      </trkpt>
      <trkpt lat="41.78157172165811" lon="123.51598187349737">
        <ele>57</ele>
        <time>2026-09-05T03:30:07Z</time>
      </trkpt>
      <trkpt lat="41.78168445825577" lon="123.51605747826397">
        <ele>57</ele>
        <time>2026-09-05T03:30:09Z</time>
      </trkpt>
      <trkpt lat="41.781797194853425" lon="123.51613509468734">
        <ele>57</ele>
        <time>2026-09-05T03:30:11Z</time>
      </trkpt>
      <trkpt lat="41.78191219456494" lon="123.51621472276747">
        <ele>56.6</ele>
        <time>2026-09-05T03:30:13Z</time>
      </trkpt>
      <trkpt lat="41.78202476352453" lon="123.51632326841354">
        <ele>56.2</ele>
        <time>2026-09-05T03:30:15Z</time>
      </trkpt>
      <trkpt lat="41.78210321813822" lon="123.51648202165961">
        <ele>55.6</ele>
        <time>2026-09-05T03:30:17Z</time>
      </trkpt>
      <trkpt lat="41.78212350234389" lon="123.5166727937758">
        <ele>55</ele>
        <time>2026-09-05T03:30:19Z</time>
      </trkpt>
      <trkpt lat="41.78209567442536" lon="123.51686239242554">
        <ele>55</ele>
        <time>2026-09-05T03:30:21Z</time>
      </trkpt>
      <trkpt lat="41.78204957395792" lon="123.51703958585858">
        <ele>54.8</ele>
        <time>2026-09-05T03:30:23Z</time>
      </trkpt>
      <trkpt lat="41.78199760615826" lon="123.51721124723554">
        <ele>54.6</ele>
        <time>2026-09-05T03:30:25Z</time>
      </trkpt>
      <trkpt lat="41.781932562589645" lon="123.51737142540514">
        <ele>54.4</ele>
        <time>2026-09-05T03:30:27Z</time>
      </trkpt>
      <trkpt lat="41.781864166259766" lon="123.51752355694771">
        <ele>54.4</ele>
        <time>2026-09-05T03:30:29Z</time>
      </trkpt>
      <trkpt lat="41.781815802678466" lon="123.51767568849027">
        <ele>54.4</ele>
        <time>2026-09-05T03:30:31Z</time>
      </trkpt>
      <trkpt lat="41.781815215945244" lon="123.51783662103117">
        <ele>54.4</ele>
        <time>2026-09-05T03:30:33Z</time>
      </trkpt>
      <trkpt lat="41.781867435202" lon="123.51799378171563">
        <ele>54.6</ele>
        <time>2026-09-05T03:30:35Z</time>
      </trkpt>
      <trkpt lat="41.7819416988641" lon="123.51814549416304">
        <ele>54.6</ele>
        <time>2026-09-05T03:30:37Z</time>
      </trkpt>
      <trkpt lat="41.78201579488814" lon="123.5182910040021">
        <ele>54.6</ele>
        <time>2026-09-05T03:30:39Z</time>
      </trkpt>
      <trkpt lat="41.7821007873863" lon="123.5184184089303">
        <ele>54.8</ele>
        <time>2026-09-05T03:30:41Z</time>
      </trkpt>
      <trkpt lat="41.78220363333821" lon="123.51851521991193">
        <ele>54.8</ele>
        <time>2026-09-05T03:30:43Z</time>
      </trkpt>
      <trkpt lat="41.782319471240044" lon="123.5185862146318">
        <ele>55</ele>
        <time>2026-09-05T03:30:45Z</time>
      </trkpt>
      <trkpt lat="41.782444110140204" lon="123.5186462290585">
        <ele>55</ele>
        <time>2026-09-05T03:30:47Z</time>
      </trkpt>
      <trkpt lat="41.78255190141499" lon="123.51872225292027">
        <ele>55.2</ele>
        <time>2026-09-05T03:30:49Z</time>
      </trkpt>
      <trkpt lat="41.782647371292114" lon="123.51883197203279">
        <ele>55.4</ele>
        <time>2026-09-05T03:30:51Z</time>
      </trkpt>
      <trkpt lat="41.782746110111475" lon="123.51894361898303">
        <ele>55.4</ele>
        <time>2026-09-05T03:30:53Z</time>
      </trkpt>
      <trkpt lat="41.78286127746105" lon="123.51901075802743">
        <ele>55.4</ele>
        <time>2026-09-05T03:30:55Z</time>
      </trkpt>
      <trkpt lat="41.78298817947507" lon="123.51905099116266">
        <ele>55.2</ele>
        <time>2026-09-05T03:30:57Z</time>
      </trkpt>
      <trkpt lat="41.783113991841674" lon="123.51909516379237">
        <ele>55</ele>
        <time>2026-09-05T03:30:59Z</time>
      </trkpt>
      <trkpt lat="41.78323368541896" lon="123.51915090344846">
        <ele>55</ele>
        <time>2026-09-05T03:31:01Z</time>
      </trkpt>
      <trkpt lat="41.783354971557856" lon="123.51920396089554">
        <ele>55.2</ele>
        <time>2026-09-05T03:31:03Z</time>
      </trkpt>
      <trkpt lat="41.78348422050476" lon="123.51924251765013">
        <ele>55.4</ele>
        <time>2026-09-05T03:31:05Z</time>
      </trkpt>
      <trkpt lat="41.78361497819424" lon="123.51926196366549">
        <ele>55.8</ele>
        <time>2026-09-05T03:31:07Z</time>
      </trkpt>
      <trkpt lat="41.78374498151243" lon="123.51927210576832">
        <ele>56</ele>
        <time>2026-09-05T03:31:09Z</time>
      </trkpt>
      <trkpt lat="41.783873308449984" lon="123.51929934695363">
        <ele>56.4</ele>
        <time>2026-09-05T03:31:11Z</time>
      </trkpt>
      <trkpt lat="41.783991660922766" lon="123.51935827173293">
        <ele>56.6</ele>
        <time>2026-09-05T03:31:13Z</time>
      </trkpt>
      <trkpt lat="41.784116216003895" lon="123.51940152235329">
        <ele>56.8</ele>
        <time>2026-09-05T03:31:15Z</time>
      </trkpt>
      <trkpt lat="41.784244207665324" lon="123.51938718929887">
        <ele>57</ele>
        <time>2026-09-05T03:31:17Z</time>
      </trkpt>
      <trkpt lat="41.78436775691807" lon="123.51931812241673">
        <ele>57.2</ele>
        <time>2026-09-05T03:31:19Z</time>
      </trkpt>
      <trkpt lat="41.78448108024895" lon="123.51921569555998">
        <ele>57.2</ele>
        <time>2026-09-05T03:31:21Z</time>
      </trkpt>
      <trkpt lat="41.78458685986698" lon="123.51910270750523">
        <ele>57.4</ele>
        <time>2026-09-05T03:31:23Z</time>
      </trkpt>
      <trkpt lat="41.78468962199986" lon="123.51899935863912">
        <ele>57.4</ele>
        <time>2026-09-05T03:31:25Z</time>
      </trkpt>
      <trkpt lat="41.784795485436916" lon="123.51892308332026">
        <ele>57.6</ele>
        <time>2026-09-05T03:31:27Z</time>
      </trkpt>
      <trkpt lat="41.7849085573107" lon="123.51889902725816">
        <ele>57.8</ele>
        <time>2026-09-05T03:31:29Z</time>
      </trkpt>
      <trkpt lat="41.78500955924392" lon="123.51896122097969">
        <ele>58</ele>
        <time>2026-09-05T03:31:31Z</time>
      </trkpt>
      <trkpt lat="41.78506286814809" lon="123.51910798810422">
        <ele>58</ele>
        <time>2026-09-05T03:31:33Z</time>
      </trkpt>
      <trkpt lat="41.78506798110902" lon="123.5192939825356">
        <ele>58.2</ele>
        <time>2026-09-05T03:31:35Z</time>
      </trkpt>
      <trkpt lat="41.78503738716245" lon="123.51948358118534">
        <ele>58.2</ele>
        <time>2026-09-05T03:31:37Z</time>
      </trkpt>
      <trkpt lat="41.78499992005527" lon="123.51966538466513">
        <ele>58.4</ele>
        <time>2026-09-05T03:31:39Z</time>
      </trkpt>
      <trkpt lat="41.78497016429901" lon="123.5198431648314">
        <ele>58.4</ele>
        <time>2026-09-05T03:31:41Z</time>
      </trkpt>
      <trkpt lat="41.78494962863624" lon="123.52002010680735">
        <ele>58.6</ele>
        <time>2026-09-05T03:31:43Z</time>
      </trkpt>
      <trkpt lat="41.7849394865334" lon="123.520198892802">
        <ele>58.4</ele>
        <time>2026-09-05T03:31:45Z</time>
      </trkpt>
      <trkpt lat="41.78493646904826" lon="123.52037927135825">
        <ele>58.4</ele>
        <time>2026-09-05T03:31:47Z</time>
      </trkpt>
      <trkpt lat="41.78493378683925" lon="123.52056325413287">
        <ele>58.2</ele>
        <time>2026-09-05T03:31:49Z</time>
      </trkpt>
      <trkpt lat="41.78492959588766" lon="123.5207533556968">
        <ele>57.8</ele>
        <time>2026-09-05T03:31:51Z</time>
      </trkpt>
      <trkpt lat="41.78493311628699" lon="123.52095259353518">
        <ele>57.8</ele>
        <time>2026-09-05T03:31:53Z</time>
      </trkpt>
      <trkpt lat="41.78495641797781" lon="123.52115367539227">
        <ele>57.6</ele>
        <time>2026-09-05T03:31:55Z</time>
      </trkpt>
      <trkpt lat="41.78499857895076" lon="123.52134595625103">
        <ele>57.6</ele>
        <time>2026-09-05T03:31:57Z</time>
      </trkpt>
      <trkpt lat="41.7850586771965" lon="123.52152608335018">
        <ele>57.4</ele>
        <time>2026-09-05T03:31:59Z</time>
      </trkpt>
      <trkpt lat="41.785129588097334" lon="123.52170730009675">
        <ele>57.4</ele>
        <time>2026-09-05T03:32:01Z</time>
      </trkpt>
      <trkpt lat="41.78519496694207" lon="123.52189279161394">
        <ele>57.4</ele>
        <time>2026-09-05T03:32:03Z</time>
      </trkpt>
      <trkpt lat="41.78525003604591" lon="123.52207459509373">
        <ele>57.4</ele>
        <time>2026-09-05T03:32:05Z</time>
      </trkpt>
      <trkpt lat="41.78529161028564" lon="123.52225790731609">
        <ele>57.4</ele>
        <time>2026-09-05T03:32:07Z</time>
      </trkpt>
      <trkpt lat="41.78531901910901" lon="123.52244012989104">
        <ele>57.4</ele>
        <time>2026-09-05T03:32:09Z</time>
      </trkpt>
      <trkpt lat="41.7853332683444" lon="123.52261908352375">
        <ele>57.2</ele>
        <time>2026-09-05T03:32:11Z</time>
      </trkpt>
      <trkpt lat="41.78532865829766" lon="123.52279527112842">
        <ele>57.2</ele>
        <time>2026-09-05T03:32:13Z</time>
      </trkpt>
      <trkpt lat="41.78530636243522" lon="123.52296710014343">
        <ele>57</ele>
        <time>2026-09-05T03:32:15Z</time>
      </trkpt>
      <trkpt lat="41.78526730276644" lon="123.52313490584493">
        <ele>57</ele>
        <time>2026-09-05T03:32:17Z</time>
      </trkpt>
      <trkpt lat="41.78521843627095" lon="123.52330036461353">
        <ele>57</ele>
        <time>2026-09-05T03:32:19Z</time>
      </trkpt>
      <trkpt lat="41.78517149761319" lon="123.5234593693167">
        <ele>57</ele>
        <time>2026-09-05T03:32:21Z</time>
      </trkpt>
      <trkpt lat="41.78514341823757" lon="123.52362055331469">
        <ele>57</ele>
        <time>2026-09-05T03:32:23Z</time>
      </trkpt>
      <trkpt lat="41.785136461257935" lon="123.52379037067294">
        <ele>57</ele>
        <time>2026-09-05T03:32:25Z</time>
      </trkpt>
      <trkpt lat="41.78513973020017" lon="123.52396530099213">
        <ele>57</ele>
        <time>2026-09-05T03:32:27Z</time>
      </trkpt>
      <trkpt lat="41.78514467552304" lon="123.52414081804454">
        <ele>57</ele>
        <time>2026-09-05T03:32:29Z</time>
      </trkpt>
      <trkpt lat="41.78515666164458" lon="123.52431491017342">
        <ele>57</ele>
        <time>2026-09-05T03:32:31Z</time>
      </trkpt>
      <trkpt lat="41.785173593088984" lon="123.52448791265488">
        <ele>56.8</ele>
        <time>2026-09-05T03:32:33Z</time>
      </trkpt>
      <trkpt lat="41.7851916141808" lon="123.52466041222215">
        <ele>56.8</ele>
        <time>2026-09-05T03:32:35Z</time>
      </trkpt>
      <trkpt lat="41.78521106019616" lon="123.52483282797039">
        <ele>56.8</ele>
        <time>2026-09-05T03:32:37Z</time>
      </trkpt>
      <trkpt lat="41.78523402661085" lon="123.52500339969993">
        <ele>56.8</ele>
        <time>2026-09-05T03:32:39Z</time>
      </trkpt>
      <trkpt lat="41.785262608900666" lon="123.52517120540142">
        <ele>56.6</ele>
        <time>2026-09-05T03:32:41Z</time>
      </trkpt>
      <trkpt lat="41.78529739379883" lon="123.52533641271293">
        <ele>56.6</ele>
        <time>2026-09-05T03:32:43Z</time>
      </trkpt>
      <trkpt lat="41.78533502854407" lon="123.52549416013062">
        <ele>56.4</ele>
        <time>2026-09-05T03:32:45Z</time>
      </trkpt>
      <trkpt lat="41.785375429317355" lon="123.52565065026283">
        <ele>56.4</ele>
        <time>2026-09-05T03:32:47Z</time>
      </trkpt>
      <trkpt lat="41.785423373803496" lon="123.52580605074763">
        <ele>56.4</ele>
        <time>2026-09-05T03:32:49Z</time>
      </trkpt>
      <trkpt lat="41.78548070602119" lon="123.525957679376">
        <ele>56.4</ele>
        <time>2026-09-05T03:32:51Z</time>
      </trkpt>
      <trkpt lat="41.78554038517177" lon="123.52610972709954">
        <ele>56.4</ele>
        <time>2026-09-05T03:32:53Z</time>
      </trkpt>
      <trkpt lat="41.78559889085591" lon="123.52626571431756">
        <ele>56.6</ele>
        <time>2026-09-05T03:32:55Z</time>
      </trkpt>
      <trkpt lat="41.78566049784422" lon="123.52642237208784">
        <ele>56.8</ele>
        <time>2026-09-05T03:32:57Z</time>
      </trkpt>
      <trkpt lat="41.78572906181216" lon="123.52657542563975">
        <ele>56.8</ele>
        <time>2026-09-05T03:32:59Z</time>
      </trkpt>
      <trkpt lat="41.78581103682518" lon="123.52671666070819">
        <ele>56.8</ele>
        <time>2026-09-05T03:33:01Z</time>
      </trkpt>
      <trkpt lat="41.78590013645589" lon="123.52685026824474">
        <ele>57</ele>
        <time>2026-09-05T03:33:03Z</time>
      </trkpt>
      <trkpt lat="41.78598269820213" lon="123.52699141949415">
        <ele>56.8</ele>
        <time>2026-09-05T03:33:05Z</time>
      </trkpt>
      <trkpt lat="41.78605570457876" lon="123.52713919244707">
        <ele>57</ele>
        <time>2026-09-05T03:33:07Z</time>
      </trkpt>
      <trkpt lat="41.78612896241248" lon="123.52728495374322">
        <ele>57</ele>
        <time>2026-09-05T03:33:09Z</time>
      </trkpt>
      <trkpt lat="41.78621278144419" lon="123.5274220816791">
        <ele>56.8</ele>
        <time>2026-09-05T03:33:11Z</time>
      </trkpt>
      <trkpt lat="41.786309257149696" lon="123.52754881605506">
        <ele>56.8</ele>
        <time>2026-09-05T03:33:13Z</time>
      </trkpt>
      <trkpt lat="41.78641009144485" lon="123.52767052128911">
        <ele>56.8</ele>
        <time>2026-09-05T03:33:15Z</time>
      </trkpt>
      <trkpt lat="41.78650472313166" lon="123.52780035696924">
        <ele>56.6</ele>
        <time>2026-09-05T03:33:17Z</time>
      </trkpt>
      <trkpt lat="41.786581417545676" lon="123.5279472079128">
        <ele>56.6</ele>
        <time>2026-09-05T03:33:19Z</time>
      </trkpt>
      <trkpt lat="41.78663388825953" lon="123.52810889482498">
        <ele>56.6</ele>
        <time>2026-09-05T03:33:21Z</time>
      </trkpt>
      <trkpt lat="41.78665962070227" lon="123.52828189730644">
        <ele>56.6</ele>
        <time>2026-09-05T03:33:23Z</time>
      </trkpt>
      <trkpt lat="41.78667110390961" lon="123.52845665998757">
        <ele>56.8</ele>
        <time>2026-09-05T03:33:25Z</time>
      </trkpt>
      <trkpt lat="41.78669490851462" lon="123.52862698026001">
        <ele>56.8</ele>
        <time>2026-09-05T03:33:27Z</time>
      </trkpt>
      <trkpt lat="41.786718629300594" lon="123.52879696525633">
        <ele>56.6</ele>
        <time>2026-09-05T03:33:29Z</time>
      </trkpt>
      <trkpt lat="41.786727011203766" lon="123.52896896190941">
        <ele>56.6</ele>
        <time>2026-09-05T03:33:31Z</time>
      </trkpt>
      <trkpt lat="41.78673078306019" lon="123.52914020419121">
        <ele>56.6</ele>
        <time>2026-09-05T03:33:33Z</time>
      </trkpt>
      <trkpt lat="41.786755258217454" lon="123.5293098539114">
        <ele>56.6</ele>
        <time>2026-09-05T03:33:35Z</time>
      </trkpt>
      <trkpt lat="41.786801274865866" lon="123.5294739715755">
        <ele>56.6</ele>
        <time>2026-09-05T03:33:37Z</time>
      </trkpt>
      <trkpt lat="41.786867659538984" lon="123.52962585166097">
        <ele>56.6</ele>
        <time>2026-09-05T03:33:39Z</time>
      </trkpt>
      <trkpt lat="41.78696036338806" lon="123.52975158020854">
        <ele>56.6</ele>
        <time>2026-09-05T03:33:41Z</time>
      </trkpt>
      <trkpt lat="41.78707821294665" lon="123.5298436973244">
        <ele>56.8</ele>
        <time>2026-09-05T03:33:43Z</time>
      </trkpt>
      <trkpt lat="41.78720670752227" lon="123.52991553023458">
        <ele>56.8</ele>
        <time>2026-09-05T03:33:45Z</time>
      </trkpt>
      <trkpt lat="41.78733788430691" lon="123.52997562848032">
        <ele>56.8</ele>
        <time>2026-09-05T03:33:47Z</time>
      </trkpt>
      <trkpt lat="41.787466295063496" lon="123.53003681637347">
        <ele>56.8</ele>
        <time>2026-09-05T03:33:49Z</time>
      </trkpt>
      <trkpt lat="41.78758783265948" lon="123.53010202758014">
        <ele>56.8</ele>
        <time>2026-09-05T03:33:51Z</time>
      </trkpt>
      <trkpt lat="41.78770869970322" lon="123.53017629124224">
        <ele>56.8</ele>
        <time>2026-09-05T03:33:53Z</time>
      </trkpt>
      <trkpt lat="41.78782571107149" lon="123.53026170283556">
        <ele>57.2</ele>
        <time>2026-09-05T03:33:55Z</time>
      </trkpt>
      <trkpt lat="41.78793023340404" lon="123.530368572101">
        <ele>57.2</ele>
        <time>2026-09-05T03:33:57Z</time>
      </trkpt>
      <trkpt lat="41.78801287896931" lon="123.53049379773438">
        <ele>57.2</ele>
        <time>2026-09-05T03:33:59Z</time>
      </trkpt>
      <trkpt lat="41.788078509271145" lon="123.53063528425992">
        <ele>57.2</ele>
        <time>2026-09-05T03:34:01Z</time>
      </trkpt>
      <trkpt lat="41.788132237270474" lon="123.53079571388662">
        <ele>57.2</ele>
        <time>2026-09-05T03:34:03Z</time>
      </trkpt>
      <trkpt lat="41.78817121312022" lon="123.53096502833068">
        <ele>57</ele>
        <time>2026-09-05T03:34:05Z</time>
      </trkpt>
      <trkpt lat="41.78818730637431" lon="123.53114599362016">
        <ele>57</ele>
        <time>2026-09-05T03:34:07Z</time>
      </trkpt>
      <trkpt lat="41.78820138797164" lon="123.53132729418576">
        <ele>57</ele>
        <time>2026-09-05T03:34:09Z</time>
      </trkpt>
      <trkpt lat="41.788226030766964" lon="123.53150465525687">
        <ele>57</ele>
        <time>2026-09-05T03:34:11Z</time>
      </trkpt>
      <trkpt lat="41.78825662471354" lon="123.53168310597539">
        <ele>57</ele>
        <time>2026-09-05T03:34:13Z</time>
      </trkpt>
      <trkpt lat="41.788284201174974" lon="123.53185946121812">
        <ele>57.2</ele>
        <time>2026-09-05T03:34:15Z</time>
      </trkpt>
      <trkpt lat="41.78831085562706" lon="123.53203598409891">
        <ele>57.2</ele>
        <time>2026-09-05T03:34:17Z</time>
      </trkpt>
      <trkpt lat="41.78833298385143" lon="123.53221359662712">
        <ele>57.2</ele>
        <time>2026-09-05T03:34:19Z</time>
      </trkpt>
      <trkpt lat="41.788350166752934" lon="123.53239355608821">
        <ele>57.4</ele>
        <time>2026-09-05T03:34:21Z</time>
      </trkpt>
      <trkpt lat="41.78837237879634" lon="123.5325719229877">
        <ele>57.4</ele>
        <time>2026-09-05T03:34:23Z</time>
      </trkpt>
      <trkpt lat="41.7884002905339" lon="123.5327460989356">
        <ele>57.4</ele>
        <time>2026-09-05T03:34:25Z</time>
      </trkpt>
      <trkpt lat="41.78842996247113" lon="123.5329157486558">
        <ele>57.4</ele>
        <time>2026-09-05T03:34:27Z</time>
      </trkpt>
      <trkpt lat="41.78845837712288" lon="123.53308732621372">
        <ele>57.4</ele>
        <time>2026-09-05T03:34:29Z</time>
      </trkpt>
      <trkpt lat="41.78848930634558" lon="123.53325965814292">
        <ele>57.4</ele>
        <time>2026-09-05T03:34:31Z</time>
      </trkpt>
      <trkpt lat="41.78852006793022" lon="123.53343140333891">
        <ele>57.4</ele>
        <time>2026-09-05T03:34:33Z</time>
      </trkpt>
      <trkpt lat="41.788549488410354" lon="123.53360356763005">
        <ele>57.4</ele>
        <time>2026-09-05T03:34:35Z</time>
      </trkpt>
      <trkpt lat="41.78858050145209" lon="123.53377497754991">
        <ele>57.6</ele>
        <time>2026-09-05T03:34:37Z</time>
      </trkpt>
      <trkpt lat="41.788609167560935" lon="123.53394814766943">
        <ele>57.6</ele>
        <time>2026-09-05T03:34:39Z</time>
      </trkpt>
      <trkpt lat="41.78863540291786" lon="123.53412148542702">
        <ele>57.6</ele>
        <time>2026-09-05T03:34:41Z</time>
      </trkpt>
      <trkpt lat="41.78865778259933" lon="123.53430286981165">
        <ele>57.6</ele>
        <time>2026-09-05T03:34:43Z</time>
      </trkpt>
      <trkpt lat="41.788684856146574" lon="123.53448232635856">
        <ele>57.6</ele>
        <time>2026-09-05T03:34:45Z</time>
      </trkpt>
      <trkpt lat="41.78872433491051" lon="123.53465666994452">
        <ele>57.6</ele>
        <time>2026-09-05T03:34:47Z</time>
      </trkpt>
      <trkpt lat="41.788765070959926" lon="123.53483059443533">
        <ele>57.6</ele>
        <time>2026-09-05T03:34:49Z</time>
      </trkpt>
      <trkpt lat="41.788805555552244" lon="123.53500510565937">
        <ele>57.6</ele>
        <time>2026-09-05T03:34:51Z</time>
      </trkpt>
      <trkpt lat="41.78884897381067" lon="123.53517944924533">
        <ele>57.8</ele>
        <time>2026-09-05T03:34:53Z</time>
      </trkpt>
      <trkpt lat="41.788896918296814" lon="123.53535228408873">
        <ele>57.8</ele>
        <time>2026-09-05T03:34:55Z</time>
      </trkpt>
      <trkpt lat="41.78895718418062" lon="123.53552226908505">
        <ele>57.8</ele>
        <time>2026-09-05T03:34:57Z</time>
      </trkpt>
      <trkpt lat="41.789028933271766" lon="123.53568471036851">
        <ele>57.8</ele>
        <time>2026-09-05T03:34:59Z</time>
      </trkpt>
      <trkpt lat="41.789103616029024" lon="123.53584287688136">
        <ele>57.8</ele>
        <time>2026-09-05T03:35:01Z</time>
      </trkpt>
      <trkpt lat="41.789176957681775" lon="123.5359994508326">
        <ele>58</ele>
        <time>2026-09-05T03:35:03Z</time>
      </trkpt>
      <trkpt lat="41.789248287677765" lon="123.53615619242191">
        <ele>58</ele>
        <time>2026-09-05T03:35:05Z</time>
      </trkpt>
      <trkpt lat="41.789316684007645" lon="123.53631125763059">
        <ele>58</ele>
        <time>2026-09-05T03:35:07Z</time>
      </trkpt>
      <trkpt lat="41.78938306868076" lon="123.53646758012474">
        <ele>58</ele>
        <time>2026-09-05T03:35:09Z</time>
      </trkpt>
      <trkpt lat="41.789451129734516" lon="123.53662624955177">
        <ele>58</ele>
        <time>2026-09-05T03:35:11Z</time>
      </trkpt>
      <trkpt lat="41.789520028978586" lon="123.53678466752172">
        <ele>58.2</ele>
        <time>2026-09-05T03:35:13Z</time>
      </trkpt>
      <trkpt lat="41.78959018550813" lon="123.53694207966328">
        <ele>58</ele>
        <time>2026-09-05T03:35:15Z</time>
      </trkpt>
      <trkpt lat="41.789659168571234" lon="123.53710217401385">
        <ele>58</ele>
        <time>2026-09-05T03:35:17Z</time>
      </trkpt>
      <trkpt lat="41.789725720882416" lon="123.53726444765925">
        <ele>58</ele>
        <time>2026-09-05T03:35:19Z</time>
      </trkpt>
      <trkpt lat="41.789789255708456" lon="123.53742806240916">
        <ele>58</ele>
        <time>2026-09-05T03:35:21Z</time>
      </trkpt>
      <trkpt lat="41.78984499536455" lon="123.53759427554905">
        <ele>58</ele>
        <time>2026-09-05T03:35:23Z</time>
      </trkpt>
      <trkpt lat="41.78990241140127" lon="123.53775965049863">
        <ele>58</ele>
        <time>2026-09-05T03:35:25Z</time>
      </trkpt>
      <trkpt lat="41.789965610951185" lon="123.53792066685855">
        <ele>58</ele>
        <time>2026-09-05T03:35:27Z</time>
      </trkpt>
      <trkpt lat="41.790032079443336" lon="123.53807824663818">
        <ele>58</ele>
        <time>2026-09-05T03:35:29Z</time>
      </trkpt>
      <trkpt lat="41.79009670391679" lon="123.53823708370328">
        <ele>58</ele>
        <time>2026-09-05T03:35:31Z</time>
      </trkpt>
      <trkpt lat="41.790158059448004" lon="123.53839801624417">
        <ele>57.8</ele>
        <time>2026-09-05T03:35:33Z</time>
      </trkpt>
      <trkpt lat="41.790216732770205" lon="123.5385500639677">
        <ele>58</ele>
        <time>2026-09-05T03:35:35Z</time>
      </trkpt>
      <trkpt lat="41.790272975340486" lon="123.53869104757905">
        <ele>58.2</ele>
        <time>2026-09-05T03:35:37Z</time>
      </trkpt>
      <trkpt lat="41.79033122956753" lon="123.53883186355233">
        <ele>58.2</ele>
        <time>2026-09-05T03:35:39Z</time>
      </trkpt>
      <trkpt lat="41.790395099669695" lon="123.53897385299206">
        <ele>58.4</ele>
        <time>2026-09-05T03:35:41Z</time>
      </trkpt>
      <trkpt lat="41.79046768695116" lon="123.53911911137402">
        <ele>58.4</ele>
        <time>2026-09-05T03:35:43Z</time>
      </trkpt>
      <trkpt lat="41.79054161533713" lon="123.53927099145949">
        <ele>58.4</ele>
        <time>2026-09-05T03:35:45Z</time>
      </trkpt>
      <trkpt lat="41.79061068221927" lon="123.5394306667149">
        <ele>58.2</ele>
        <time>2026-09-05T03:35:47Z</time>
      </trkpt>
      <trkpt lat="41.79067136719823" lon="123.53959403000772">
        <ele>58.2</ele>
        <time>2026-09-05T03:35:49Z</time>
      </trkpt>
      <trkpt lat="41.7907143663615" lon="123.53975965641439">
        <ele>58.2</ele>
        <time>2026-09-05T03:35:51Z</time>
      </trkpt>
      <trkpt lat="41.790718054398894" lon="123.5399248637259">
        <ele>58</ele>
        <time>2026-09-05T03:35:53Z</time>
      </trkpt>
      <trkpt lat="41.79068008437753" lon="123.54008428752422">
        <ele>57.8</ele>
        <time>2026-09-05T03:35:55Z</time>
      </trkpt>
      <trkpt lat="41.790630128234625" lon="123.54023952037096">
        <ele>57.6</ele>
        <time>2026-09-05T03:35:57Z</time>
      </trkpt>
      <trkpt lat="41.7905883025378" lon="123.5404029674828">
        <ele>57.4</ele>
        <time>2026-09-05T03:35:59Z</time>
      </trkpt>
      <trkpt lat="41.790547063574195" lon="123.54057228192687">
        <ele>57.2</ele>
        <time>2026-09-05T03:36:01Z</time>
      </trkpt>
      <trkpt lat="41.79050565697253" lon="123.54074536822736">
        <ele>57</ele>
        <time>2026-09-05T03:36:03Z</time>
      </trkpt>
      <trkpt lat="41.79047632031143" lon="123.54090831242502">
        <ele>57.2</ele>
        <time>2026-09-05T03:36:05Z</time>
      </trkpt>
      <trkpt lat="41.790483025833964" lon="123.54104611091316">
        <ele>57.4</ele>
        <time>2026-09-05T03:36:07Z</time>
      </trkpt>
      <trkpt lat="41.79054882377386" lon="123.54115515947342">
        <ele>57.4</ele>
        <time>2026-09-05T03:36:09Z</time>
      </trkpt>
      <trkpt lat="41.79064806550741" lon="123.54125088080764">
        <ele>57.4</ele>
        <time>2026-09-05T03:36:11Z</time>
      </trkpt>
      <trkpt lat="41.79075342603028" lon="123.54134819470346">
        <ele>57.4</ele>
        <time>2026-09-05T03:36:13Z</time>
      </trkpt>
      <trkpt lat="41.79085652343929" lon="123.54145514778793">
        <ele>57.4</ele>
        <time>2026-09-05T03:36:15Z</time>
      </trkpt>
      <trkpt lat="41.79095492698252" lon="123.54156277142465">
        <ele>57.4</ele>
        <time>2026-09-05T03:36:17Z</time>
      </trkpt>
      <trkpt lat="41.791046876460314" lon="123.54166695848107">
        <ele>57.2</ele>
        <time>2026-09-05T03:36:19Z</time>
      </trkpt>
      <trkpt lat="41.791129522025585" lon="123.54183367453516">
        <ele>57.2</ele>
        <time>2026-09-05T03:36:22Z</time>
      </trkpt>
      <trkpt lat="41.79118148982525" lon="123.54203257709742">
        <ele>57.4</ele>
        <time>2026-09-05T03:36:24Z</time>
      </trkpt>
      <trkpt lat="41.7912030313164" lon="123.54220675304532">
        <ele>57.6</ele>
        <time>2026-09-05T03:36:26Z</time>
      </trkpt>
      <trkpt lat="41.791223315522075" lon="123.54236567392945">
        <ele>58</ele>
        <time>2026-09-05T03:36:28Z</time>
      </trkpt>
      <trkpt lat="41.79127519950271" lon="123.5425066575408">
        <ele>58</ele>
        <time>2026-09-05T03:36:30Z</time>
      </trkpt>
      <trkpt lat="41.79136589169502" lon="123.54261696338654">
        <ele>58</ele>
        <time>2026-09-05T03:36:32Z</time>
      </trkpt>
      <trkpt lat="41.79146781563759" lon="123.5427241679281">
        <ele>57.8</ele>
        <time>2026-09-05T03:36:34Z</time>
      </trkpt>
      <trkpt lat="41.791549706831574" lon="123.54287227615714">
        <ele>57.4</ele>
        <time>2026-09-05T03:36:36Z</time>
      </trkpt>
      <trkpt lat="41.79159480147064" lon="123.54304837994277">
        <ele>57.2</ele>
        <time>2026-09-05T03:36:38Z</time>
      </trkpt>
      <trkpt lat="41.79162313230336" lon="123.54322867468">
        <ele>57.2</ele>
        <time>2026-09-05T03:36:40Z</time>
      </trkpt>
      <trkpt lat="41.79163981229067" lon="123.54340637102723">
        <ele>57.4</ele>
        <time>2026-09-05T03:36:42Z</time>
      </trkpt>
      <trkpt lat="41.79165406152606" lon="123.54357970878482">
        <ele>57.8</ele>
        <time>2026-09-05T03:36:44Z</time>
      </trkpt>
      <trkpt lat="41.79168255999684" lon="123.54374902322888">
        <ele>58</ele>
        <time>2026-09-05T03:36:46Z</time>
      </trkpt>
      <trkpt lat="41.791724720969796" lon="123.54391657747328">
        <ele>58.2</ele>
        <time>2026-09-05T03:36:48Z</time>
      </trkpt>
      <trkpt lat="41.79179152473807" lon="123.54406979866326">
        <ele>58.2</ele>
        <time>2026-09-05T03:36:50Z</time>
      </trkpt>
      <trkpt lat="41.79187970235944" lon="123.54420340619981">
        <ele>58.2</ele>
        <time>2026-09-05T03:36:52Z</time>
      </trkpt>
      <trkpt lat="41.79197710007429" lon="123.54432569816709">
        <ele>58.2</ele>
        <time>2026-09-05T03:36:54Z</time>
      </trkpt>
      <trkpt lat="41.79207609035075" lon="123.54444245807827">
        <ele>58.4</ele>
        <time>2026-09-05T03:36:56Z</time>
      </trkpt>
      <trkpt lat="41.79217725992203" lon="123.54455050081015">
        <ele>58.6</ele>
        <time>2026-09-05T03:36:58Z</time>
      </trkpt>
      <trkpt lat="41.792283123359084" lon="123.54464907199144">
        <ele>58.6</ele>
        <time>2026-09-05T03:37:00Z</time>
      </trkpt>
      <trkpt lat="41.79236887022853" lon="123.54477848857641">
        <ele>58.6</ele>
        <time>2026-09-05T03:37:02Z</time>
      </trkpt>
      <trkpt lat="41.792427292093635" lon="123.5449431091547">
        <ele>58.4</ele>
        <time>2026-09-05T03:37:04Z</time>
      </trkpt>
      <trkpt lat="41.792472302913666" lon="123.54512139223516">
        <ele>58.2</ele>
        <time>2026-09-05T03:37:06Z</time>
      </trkpt>
      <trkpt lat="41.79251940920949" lon="123.54529925622046">
        <ele>58</ele>
        <time>2026-09-05T03:37:08Z</time>
      </trkpt>
      <trkpt lat="41.79256970062852" lon="123.5454730130732">
        <ele>58</ele>
        <time>2026-09-05T03:37:10Z</time>
      </trkpt>
      <trkpt lat="41.7926346603781" lon="123.54563428089023">
        <ele>58</ele>
        <time>2026-09-05T03:37:12Z</time>
      </trkpt>
      <trkpt lat="41.792719066143036" lon="123.54578171856701">
        <ele>58</ele>
        <time>2026-09-05T03:37:14Z</time>
      </trkpt>
      <trkpt lat="41.792791318148375" lon="123.54594038799405">
        <ele>57.8</ele>
        <time>2026-09-05T03:37:16Z</time>
      </trkpt>
      <trkpt lat="41.79282903671265" lon="123.5461170785129">
        <ele>57.8</ele>
        <time>2026-09-05T03:37:18Z</time>
      </trkpt>
      <trkpt lat="41.79283356294036" lon="123.54630642570555">
        <ele>57.8</ele>
        <time>2026-09-05T03:37:20Z</time>
      </trkpt>
      <trkpt lat="41.792818726971745" lon="123.54649627581239">
        <ele>58</ele>
        <time>2026-09-05T03:37:22Z</time>
      </trkpt>
      <trkpt lat="41.79280422627926" lon="123.54668151587248">
        <ele>58</ele>
        <time>2026-09-05T03:37:24Z</time>
      </trkpt>
      <trkpt lat="41.79281403310597" lon="123.54686139151454">
        <ele>58.2</ele>
        <time>2026-09-05T03:37:26Z</time>
      </trkpt>
      <trkpt lat="41.79285476915538" lon="123.54703472927213">
        <ele>58.4</ele>
        <time>2026-09-05T03:37:28Z</time>
      </trkpt>
      <trkpt lat="41.79292651824653" lon="123.54719247668982">
        <ele>58.4</ele>
        <time>2026-09-05T03:37:30Z</time>
      </trkpt>
      <trkpt lat="41.79302676580846" lon="123.54732382111251">
        <ele>58.4</ele>
        <time>2026-09-05T03:37:32Z</time>
      </trkpt>
      <trkpt lat="41.793145537376404" lon="123.54742582887411">
        <ele>58.4</ele>
        <time>2026-09-05T03:37:34Z</time>
      </trkpt>
      <trkpt lat="41.79327336139977" lon="123.54749782942235">
        <ele>58.2</ele>
        <time>2026-09-05T03:37:36Z</time>
      </trkpt>
      <trkpt lat="41.79339489899576" lon="123.54756647720933">
        <ele>58.2</ele>
        <time>2026-09-05T03:37:38Z</time>
      </trkpt>
      <trkpt lat="41.79350981488824" lon="123.54764811694622">
        <ele>58.2</ele>
        <time>2026-09-05T03:37:40Z</time>
      </trkpt>
      <trkpt lat="41.79362649098039" lon="123.54773445054889">
        <ele>58.2</ele>
        <time>2026-09-05T03:37:42Z</time>
      </trkpt>
      <trkpt lat="41.79374283179641" lon="123.54782866314054">
        <ele>58.2</ele>
        <time>2026-09-05T03:37:44Z</time>
      </trkpt>
      <trkpt lat="41.793847773224115" lon="123.54794525541365">
        <ele>58.2</ele>
        <time>2026-09-05T03:37:46Z</time>
      </trkpt>
      <trkpt lat="41.79393159225583" lon="123.54808556847274">
        <ele>58.2</ele>
        <time>2026-09-05T03:37:48Z</time>
      </trkpt>
      <trkpt lat="41.79400275461376" lon="123.54823987931013">
        <ele>58.2</ele>
        <time>2026-09-05T03:37:50Z</time>
      </trkpt>
      <trkpt lat="41.79406243376434" lon="123.54839209467173">
        <ele>58.2</ele>
        <time>2026-09-05T03:37:52Z</time>
      </trkpt>
      <trkpt lat="41.79410979151726" lon="123.54854330420494">
        <ele>58.2</ele>
        <time>2026-09-05T03:37:54Z</time>
      </trkpt>
      <trkpt lat="41.79416611790657" lon="123.54867557063699">
        <ele>58.2</ele>
        <time>2026-09-05T03:37:56Z</time>
      </trkpt>
      <trkpt lat="41.79425806738436" lon="123.54875846765935">
        <ele>58.2</ele>
        <time>2026-09-05T03:37:58Z</time>
      </trkpt>
      <trkpt lat="41.794377006590366" lon="123.54878587648273">
        <ele>58.2</ele>
        <time>2026-09-05T03:38:00Z</time>
      </trkpt>
      <trkpt lat="41.79450608789921" lon="123.54879316873848">
        <ele>58.2</ele>
        <time>2026-09-05T03:38:02Z</time>
      </trkpt>
      <trkpt lat="41.794630559161305" lon="123.54880741797388">
        <ele>58.4</ele>
        <time>2026-09-05T03:38:04Z</time>
      </trkpt>
      <trkpt lat="41.794754108414054" lon="123.54883675463498">
        <ele>58.4</ele>
        <time>2026-09-05T03:38:06Z</time>
      </trkpt>
      <trkpt lat="41.79486491717398" lon="123.54889584705234">
        <ele>58.4</ele>
        <time>2026-09-05T03:38:08Z</time>
      </trkpt>
      <trkpt lat="41.79497580975294" lon="123.5489774029702">
        <ele>58.4</ele>
        <time>2026-09-05T03:38:10Z</time>
      </trkpt>
      <trkpt lat="41.79508728906512" lon="123.5490722861141">
        <ele>58.2</ele>
        <time>2026-09-05T03:38:12Z</time>
      </trkpt>
      <trkpt lat="41.795195331797004" lon="123.54917177930474">
        <ele>58.4</ele>
        <time>2026-09-05T03:38:14Z</time>
      </trkpt>
      <trkpt lat="41.79528895765543" lon="123.54928468354046">
        <ele>58.6</ele>
        <time>2026-09-05T03:38:16Z</time>
      </trkpt>
      <trkpt lat="41.79536757990718" lon="123.5494158603251">
        <ele>58.8</ele>
        <time>2026-09-05T03:38:18Z</time>
      </trkpt>
      <trkpt lat="41.795436227694154" lon="123.54956396855414">
        <ele>58.8</ele>
        <time>2026-09-05T03:38:20Z</time>
      </trkpt>
      <trkpt lat="41.79550009779632" lon="123.54972020722926">
        <ele>58.8</ele>
        <time>2026-09-05T03:38:22Z</time>
      </trkpt>
      <trkpt lat="41.795560028404" lon="123.54988105595112">
        <ele>58.8</ele>
        <time>2026-09-05T03:38:24Z</time>
      </trkpt>
      <trkpt lat="41.79562088102102" lon="123.55004232376814">
        <ele>58.6</ele>
        <time>2026-09-05T03:38:26Z</time>
      </trkpt>
      <trkpt lat="41.79568751715124" lon="123.5501983948052">
        <ele>58.6</ele>
        <time>2026-09-05T03:38:28Z</time>
      </trkpt>
      <trkpt lat="41.79575356654823" lon="123.55034776031971">
        <ele>58.4</ele>
        <time>2026-09-05T03:38:30Z</time>
      </trkpt>
      <trkpt lat="41.79581710137427" lon="123.55049511417747">
        <ele>58.6</ele>
        <time>2026-09-05T03:38:32Z</time>
      </trkpt>
      <trkpt lat="41.79588063620031" lon="123.55064179748297">
        <ele>58.8</ele>
        <time>2026-09-05T03:38:34Z</time>
      </trkpt>
      <trkpt lat="41.79594718851149" lon="123.5507885646075">
        <ele>59</ele>
        <time>2026-09-05T03:38:36Z</time>
      </trkpt>
      <trkpt lat="41.796020194888115" lon="123.55093332007527">
        <ele>59</ele>
        <time>2026-09-05T03:38:38Z</time>
      </trkpt>
      <trkpt lat="41.796098817139864" lon="123.55107480660081">
        <ele>59</ele>
        <time>2026-09-05T03:38:40Z</time>
      </trkpt>
      <trkpt lat="41.7961745057255" lon="123.55122190900147">
        <ele>59</ele>
        <time>2026-09-05T03:38:42Z</time>
      </trkpt>
      <trkpt lat="41.796250278130174" lon="123.55137160979211">
        <ele>58.8</ele>
        <time>2026-09-05T03:38:44Z</time>
      </trkpt>
      <trkpt lat="41.7963248770684" lon="123.55152181349695">
        <ele>58.8</ele>
        <time>2026-09-05T03:38:46Z</time>
      </trkpt>
      <trkpt lat="41.796397883445024" lon="123.55166749097407">
        <ele>59</ele>
        <time>2026-09-05T03:38:48Z</time>
      </trkpt>
      <trkpt lat="41.79647290147841" lon="123.55180755257607">
        <ele>59</ele>
        <time>2026-09-05T03:38:50Z</time>
      </trkpt>
      <trkpt lat="41.79654666222632" lon="123.55194786563516">
        <ele>59</ele>
        <time>2026-09-05T03:38:52Z</time>
      </trkpt>
      <trkpt lat="41.79661916568875" lon="123.55208951979876">
        <ele>59.2</ele>
        <time>2026-09-05T03:38:54Z</time>
      </trkpt>
      <trkpt lat="41.796690579503775" lon="123.55223125778139">
        <ele>59.2</ele>
        <time>2026-09-05T03:38:56Z</time>
      </trkpt>
      <trkpt lat="41.796758975833654" lon="123.55237425304949">
        <ele>59.2</ele>
        <time>2026-09-05T03:38:58Z</time>
      </trkpt>
      <trkpt lat="41.7968272883445" lon="123.55251708067954">
        <ele>59.2</ele>
        <time>2026-09-05T03:39:00Z</time>
      </trkpt>
      <trkpt lat="41.79689568467438" lon="123.55266150087118">
        <ele>59.2</ele>
        <time>2026-09-05T03:39:02Z</time>
      </trkpt>
      <trkpt lat="41.79696659557521" lon="123.55280667543411">
        <ele>59.2</ele>
        <time>2026-09-05T03:39:04Z</time>
      </trkpt>
      <trkpt lat="41.79704152978957" lon="123.55294715613127">
        <ele>59.2</ele>
        <time>2026-09-05T03:39:06Z</time>
      </trkpt>
      <trkpt lat="41.79712316952646" lon="123.55306835845113">
        <ele>59.2</ele>
        <time>2026-09-05T03:39:08Z</time>
      </trkpt>
      <trkpt lat="41.79722526110709" lon="123.55314220301807">
        <ele>59.2</ele>
        <time>2026-09-05T03:39:10Z</time>
      </trkpt>
      <trkpt lat="41.79734671488404" lon="123.55316039174795">
        <ele>59.4</ele>
        <time>2026-09-05T03:39:12Z</time>
      </trkpt>
      <trkpt lat="41.79747470654547" lon="123.55314698070288">
        <ele>59.4</ele>
        <time>2026-09-05T03:39:14Z</time>
      </trkpt>
      <trkpt lat="41.797601357102394" lon="123.55312367901206">
        <ele>59.4</ele>
        <time>2026-09-05T03:39:16Z</time>
      </trkpt>
      <trkpt lat="41.79772272706032" lon="123.55309585109353">
        <ele>59.6</ele>
        <time>2026-09-05T03:39:18Z</time>
      </trkpt>
      <trkpt lat="41.79784116335213" lon="123.55307422578335">
        <ele>59.8</ele>
        <time>2026-09-05T03:39:20Z</time>
      </trkpt>
      <trkpt lat="41.79796043783426" lon="123.55306651443243">
        <ele>59.8</ele>
        <time>2026-09-05T03:39:22Z</time>
      </trkpt>
      <trkpt lat="41.79808180779219" lon="123.55308185331523">
        <ele>59.8</ele>
        <time>2026-09-05T03:39:24Z</time>
      </trkpt>
      <trkpt lat="41.798200495541096" lon="123.55312895961106">
        <ele>59.8</ele>
        <time>2026-09-05T03:39:26Z</time>
      </trkpt>
      <trkpt lat="41.798315327614546" lon="123.55319802649319">
        <ele>59.8</ele>
        <time>2026-09-05T03:39:28Z</time>
      </trkpt>
      <trkpt lat="41.7984280642122" lon="123.55326432734728">
        <ele>59.8</ele>
        <time>2026-09-05T03:39:30Z</time>
      </trkpt>
      <trkpt lat="41.79853945970535" lon="123.55332811363041">
        <ele>60</ele>
        <time>2026-09-05T03:39:32Z</time>
      </trkpt>
      <trkpt lat="41.79865160956979" lon="123.55339189991355">
        <ele>59.8</ele>
        <time>2026-09-05T03:39:34Z</time>
      </trkpt>
      <trkpt lat="41.79875252768397" lon="123.55347194708884">
        <ele>59.8</ele>
        <time>2026-09-05T03:39:36Z</time>
      </trkpt>
      <trkpt lat="41.79882721044123" lon="123.55358895845711">
        <ele>59.6</ele>
        <time>2026-09-05T03:39:38Z</time>
      </trkpt>
      <trkpt lat="41.798883117735386" lon="123.55372801423073">
        <ele>59.6</ele>
        <time>2026-09-05T03:39:40Z</time>
      </trkpt>
      <trkpt lat="41.79893659427762" lon="123.5538748651743">
        <ele>59.6</ele>
        <time>2026-09-05T03:39:42Z</time>
      </trkpt>
      <trkpt lat="41.79898579604924" lon="123.55402699671686">
        <ele>59.6</ele>
        <time>2026-09-05T03:39:44Z</time>
      </trkpt>
      <trkpt lat="41.79903298616409" lon="123.55418072082102">
        <ele>59.4</ele>
        <time>2026-09-05T03:39:46Z</time>
      </trkpt>
      <trkpt lat="41.79908361285925" lon="123.55433260090649">
        <ele>59.4</ele>
        <time>2026-09-05T03:39:48Z</time>
      </trkpt>
      <trkpt lat="41.799135161563754" lon="123.55448322370648">
        <ele>59.4</ele>
        <time>2026-09-05T03:39:50Z</time>
      </trkpt>
      <trkpt lat="41.79918436333537" lon="123.55463267304003">
        <ele>59.4</ele>
        <time>2026-09-05T03:39:52Z</time>
      </trkpt>
      <trkpt lat="41.79922727867961" lon="123.55478337965906">
        <ele>59.4</ele>
        <time>2026-09-05T03:39:54Z</time>
      </trkpt>
      <trkpt lat="41.79925359785557" lon="123.55493727140129">
        <ele>59.4</ele>
        <time>2026-09-05T03:39:56Z</time>
      </trkpt>
      <trkpt lat="41.79925401695073" lon="123.55509342625737">
        <ele>59.6</ele>
        <time>2026-09-05T03:39:58Z</time>
      </trkpt>
      <trkpt lat="41.79921839386225" lon="123.55524530634284">
        <ele>59.6</ele>
        <time>2026-09-05T03:40:00Z</time>
      </trkpt>
      <trkpt lat="41.79915561340749" lon="123.55538628995419">
        <ele>59.8</ele>
        <time>2026-09-05T03:40:02Z</time>
      </trkpt>
      <trkpt lat="41.79908512160182" lon="123.5555187240243">
        <ele>59.8</ele>
        <time>2026-09-05T03:40:04Z</time>
      </trkpt>
      <trkpt lat="41.79901957511902" lon="123.55565132573247">
        <ele>60</ele>
        <time>2026-09-05T03:40:06Z</time>
      </trkpt>
      <trkpt lat="41.79895428009331" lon="123.55578350834548">
        <ele>60</ele>
        <time>2026-09-05T03:40:08Z</time>
      </trkpt>
      <trkpt lat="41.79888278245926" lon="123.5559122543782">
        <ele>60</ele>
        <time>2026-09-05T03:40:10Z</time>
      </trkpt>
      <trkpt lat="41.79880022071302" lon="123.55603152886033">
        <ele>60</ele>
        <time>2026-09-05T03:40:12Z</time>
      </trkpt>
      <trkpt lat="41.7987095285207" lon="123.55614258907735">
        <ele>59.8</ele>
        <time>2026-09-05T03:40:14Z</time>
      </trkpt>
      <trkpt lat="41.79862738586962" lon="123.55625675059855">
        <ele>59.8</ele>
        <time>2026-09-05T03:40:16Z</time>
      </trkpt>
      <trkpt lat="41.798568377271295" lon="123.55638817884028">
        <ele>59.6</ele>
        <time>2026-09-05T03:40:18Z</time>
      </trkpt>
      <trkpt lat="41.798550272360444" lon="123.55654777027667">
        <ele>59.4</ele>
        <time>2026-09-05T03:40:20Z</time>
      </trkpt>
      <trkpt lat="41.79857592098415" lon="123.55671716853976">
        <ele>59.4</ele>
        <time>2026-09-05T03:40:22Z</time>
      </trkpt>
      <trkpt lat="41.79863601922989" lon="123.55687332339585">
        <ele>59.4</ele>
        <time>2026-09-05T03:40:24Z</time>
      </trkpt>
      <trkpt lat="41.798706678673625" lon="123.55701581574976">
        <ele>59.2</ele>
        <time>2026-09-05T03:40:26Z</time>
      </trkpt>
      <trkpt lat="41.79878546856344" lon="123.55713936500251">
        <ele>59.2</ele>
        <time>2026-09-05T03:40:28Z</time>
      </trkpt>
      <trkpt lat="41.798874232918024" lon="123.55724430643022">
        <ele>59.4</ele>
        <time>2026-09-05T03:40:30Z</time>
      </trkpt>
      <trkpt lat="41.79896492511034" lon="123.55734187178314">
        <ele>59.4</ele>
        <time>2026-09-05T03:40:32Z</time>
      </trkpt>
      <trkpt lat="41.799043882638216" lon="123.55745268054307">
        <ele>59.6</ele>
        <time>2026-09-05T03:40:34Z</time>
      </trkpt>
      <trkpt lat="41.79910850711167" lon="123.55758151039481">
        <ele>59.6</ele>
        <time>2026-09-05T03:40:36Z</time>
      </trkpt>
      <trkpt lat="41.7991656716913" lon="123.557722074911">
        <ele>59.6</ele>
        <time>2026-09-05T03:40:38Z</time>
      </trkpt>
      <trkpt lat="41.79921520873904" lon="123.55787152424455">
        <ele>59.6</ele>
        <time>2026-09-05T03:40:40Z</time>
      </trkpt>
      <trkpt lat="41.79926482960582" lon="123.55801435187459">
        <ele>59.6</ele>
        <time>2026-09-05T03:40:42Z</time>
      </trkpt>
      <trkpt lat="41.79931906051934" lon="123.55815399438143">
        <ele>59.6</ele>
        <time>2026-09-05T03:40:44Z</time>
      </trkpt>
      <trkpt lat="41.79937882348895" lon="123.558290284127">
        <ele>59.6</ele>
        <time>2026-09-05T03:40:46Z</time>
      </trkpt>
      <trkpt lat="41.799438586458564" lon="123.55842405930161">
        <ele>59.6</ele>
        <time>2026-09-05T03:40:48Z</time>
      </trkpt>
      <trkpt lat="41.79950086399913" lon="123.5585580021143">
        <ele>59.6</ele>
        <time>2026-09-05T03:40:50Z</time>
      </trkpt>
      <trkpt lat="41.79956842213869" lon="123.55869001708925">
        <ele>59.6</ele>
        <time>2026-09-05T03:40:52Z</time>
      </trkpt>
      <trkpt lat="41.79964737966657" lon="123.55881180614233">
        <ele>59.6</ele>
        <time>2026-09-05T03:40:54Z</time>
      </trkpt>
      <trkpt lat="41.799722062423825" lon="123.5589343495667">
        <ele>59.6</ele>
        <time>2026-09-05T03:40:56Z</time>
      </trkpt>
      <trkpt lat="41.79977688007057" lon="123.55907290242612">
        <ele>59.6</ele>
        <time>2026-09-05T03:40:58Z</time>
      </trkpt>
      <trkpt lat="41.79982792586088" lon="123.55921958573163">
        <ele>59.6</ele>
        <time>2026-09-05T03:41:00Z</time>
      </trkpt>
      <trkpt lat="41.799885258078575" lon="123.55936341919005">
        <ele>59.6</ele>
        <time>2026-09-05T03:41:02Z</time>
      </trkpt>
      <trkpt lat="41.7999477032572" lon="123.55950641445816">
        <ele>59.6</ele>
        <time>2026-09-05T03:41:04Z</time>
      </trkpt>
      <trkpt lat="41.80000872351229" lon="123.5596510861069">
        <ele>59.6</ele>
        <time>2026-09-05T03:41:06Z</time>
      </trkpt>
      <trkpt lat="41.80007108487189" lon="123.55979659594595">
        <ele>59.6</ele>
        <time>2026-09-05T03:41:08Z</time>
      </trkpt>
      <trkpt lat="41.80013529025018" lon="123.55994109995663">
        <ele>59.8</ele>
        <time>2026-09-05T03:41:10Z</time>
      </trkpt>
      <trkpt lat="41.800203770399094" lon="123.56008065864444">
        <ele>59.8</ele>
        <time>2026-09-05T03:41:12Z</time>
      </trkpt>
      <trkpt lat="41.80028188973665" lon="123.56020496226847">
        <ele>59.8</ele>
        <time>2026-09-05T03:41:14Z</time>
      </trkpt>
      <trkpt lat="41.800370402634144" lon="123.56031744740903">
        <ele>59.6</ele>
        <time>2026-09-05T03:41:16Z</time>
      </trkpt>
      <trkpt lat="41.800476014614105" lon="123.56040956452489">
        <ele>59.6</ele>
        <time>2026-09-05T03:41:18Z</time>
      </trkpt>
      <trkpt lat="41.800584979355335" lon="123.56048290617764">
        <ele>59.6</ele>
        <time>2026-09-05T03:41:20Z</time>
      </trkpt>
      <trkpt lat="41.80068799294531" lon="123.56055532582104">
        <ele>59.6</ele>
        <time>2026-09-05T03:41:22Z</time>
      </trkpt>
      <trkpt lat="41.80078321136534" lon="123.56064937077463">
        <ele>59.6</ele>
        <time>2026-09-05T03:41:24Z</time>
      </trkpt>
      <trkpt lat="41.80087583139539" lon="123.56076386757195">
        <ele>59.6</ele>
        <time>2026-09-05T03:41:26Z</time>
      </trkpt>
      <trkpt lat="41.80096392519772" lon="123.56087828055024">
        <ele>59.6</ele>
        <time>2026-09-05T03:41:28Z</time>
      </trkpt>
      <trkpt lat="41.801056964322925" lon="123.56098456308246">
        <ele>59.6</ele>
        <time>2026-09-05T03:41:30Z</time>
      </trkpt>
      <trkpt lat="41.80115897208452" lon="123.5610856488347">
        <ele>59.6</ele>
        <time>2026-09-05T03:41:32Z</time>
      </trkpt>
      <trkpt lat="41.801263662055135" lon="123.56119000352919">
        <ele>59.6</ele>
        <time>2026-09-05T03:41:34Z</time>
      </trkpt>
      <trkpt lat="41.80136935785413" lon="123.5612928494811">
        <ele>59.6</ele>
        <time>2026-09-05T03:41:36Z</time>
      </trkpt>
      <trkpt lat="41.80147270672023" lon="123.56139846146107">
        <ele>59.6</ele>
        <time>2026-09-05T03:41:38Z</time>
      </trkpt>
      <trkpt lat="41.80157136172056" lon="123.5615071747452">
        <ele>59.6</ele>
        <time>2026-09-05T03:41:40Z</time>
      </trkpt>
      <trkpt lat="41.80166322737932" lon="123.56162695214152">
        <ele>59.6</ele>
        <time>2026-09-05T03:41:42Z</time>
      </trkpt>
      <trkpt lat="41.80175291374326" lon="123.56175678782165">
        <ele>59.4</ele>
        <time>2026-09-05T03:41:44Z</time>
      </trkpt>
      <trkpt lat="41.80184201337397" lon="123.56189006008208">
        <ele>59.4</ele>
        <time>2026-09-05T03:41:46Z</time>
      </trkpt>
      <trkpt lat="41.8019337952137" lon="123.56201277114451">
        <ele>59.6</ele>
        <time>2026-09-05T03:41:48Z</time>
      </trkpt>
      <trkpt lat="41.80203337222338" lon="123.56211947277188">
        <ele>59.6</ele>
        <time>2026-09-05T03:41:50Z</time>
      </trkpt>
      <trkpt lat="41.80214342661202" lon="123.56220480054617">
        <ele>59.6</ele>
        <time>2026-09-05T03:41:52Z</time>
      </trkpt>
      <trkpt lat="41.8022549059242" lon="123.56226967647672">
        <ele>59.6</ele>
        <time>2026-09-05T03:41:54Z</time>
      </trkpt>
      <trkpt lat="41.80237267166376" lon="123.56231736950576">
        <ele>59.6</ele>
        <time>2026-09-05T03:41:56Z</time>
      </trkpt>
      <trkpt lat="41.802492532879114" lon="123.56235877610743">
        <ele>59.6</ele>
        <time>2026-09-05T03:41:58Z</time>
      </trkpt>
      <trkpt lat="41.802610885351896" lon="123.56240026652813">
        <ele>59.8</ele>
        <time>2026-09-05T03:42:00Z</time>
      </trkpt>
      <trkpt lat="41.802730998024344" lon="123.56244276277721">
        <ele>59.8</ele>
        <time>2026-09-05T03:42:02Z</time>
      </trkpt>
      <trkpt lat="41.80285052396357" lon="123.56249707750976">
        <ele>60</ele>
        <time>2026-09-05T03:42:04Z</time>
      </trkpt>
      <trkpt lat="41.8029594887048" lon="123.56257695704699">
        <ele>60</ele>
        <time>2026-09-05T03:42:06Z</time>
      </trkpt>
      <trkpt lat="41.80306317284703" lon="123.56267988681793">
        <ele>60</ele>
        <time>2026-09-05T03:42:08Z</time>
      </trkpt>
      <trkpt lat="41.803162917494774" lon="123.56279077939689">
        <ele>60</ele>
        <time>2026-09-05T03:42:10Z</time>
      </trkpt>
      <trkpt lat="41.80325855500996" lon="123.56290334835649">
        <ele>60.2</ele>
        <time>2026-09-05T03:42:12Z</time>
      </trkpt>
      <trkpt lat="41.80335243232548" lon="123.5630146600306">
        <ele>60.2</ele>
        <time>2026-09-05T03:42:14Z</time>
      </trkpt>
      <trkpt lat="41.80344605818391" lon="123.56312228366733">
        <ele>60.2</ele>
        <time>2026-09-05T03:42:16Z</time>
      </trkpt>
      <trkpt lat="41.803542617708445" lon="123.56322915293276">
        <ele>60.2</ele>
        <time>2026-09-05T03:42:18Z</time>
      </trkpt>
      <trkpt lat="41.803642278537154" lon="123.56333535164595">
        <ele>60.2</ele>
        <time>2026-09-05T03:42:20Z</time>
      </trkpt>
      <trkpt lat="41.80374260991812" lon="123.56343878433108">
        <ele>60.2</ele>
        <time>2026-09-05T03:42:22Z</time>
      </trkpt>
      <trkpt lat="41.80383992381394" lon="123.56354716233909">
        <ele>60.2</ele>
        <time>2026-09-05T03:42:24Z</time>
      </trkpt>
      <trkpt lat="41.80393229238689" lon="123.5636642575264">
        <ele>60.2</ele>
        <time>2026-09-05T03:42:26Z</time>
      </trkpt>
      <trkpt lat="41.804019967094064" lon="123.56377850286663">
        <ele>60.2</ele>
        <time>2026-09-05T03:42:28Z</time>
      </trkpt>
      <trkpt lat="41.80410663597286" lon="123.56388210318983">
        <ele>60.2</ele>
        <time>2026-09-05T03:42:30Z</time>
      </trkpt>
      <trkpt lat="41.80419657379389" lon="123.56397422030568">
        <ele>60.2</ele>
        <time>2026-09-05T03:42:32Z</time>
      </trkpt>
      <trkpt lat="41.804292714223266" lon="123.56406047008932">
        <ele>60.2</ele>
        <time>2026-09-05T03:42:34Z</time>
      </trkpt>
      <trkpt lat="41.80438868701458" lon="123.56414822861552">
        <ele>60.4</ele>
        <time>2026-09-05T03:42:36Z</time>
      </trkpt>
      <trkpt lat="41.80448700673878" lon="123.56423397548497">
        <ele>60.4</ele>
        <time>2026-09-05T03:42:38Z</time>
      </trkpt>
      <trkpt lat="41.804590187966824" lon="123.56431980617344">
        <ele>60.4</ele>
        <time>2026-09-05T03:42:40Z</time>
      </trkpt>
      <trkpt lat="41.80469445884228" lon="123.56440396048129">
        <ele>60.6</ele>
        <time>2026-09-05T03:42:42Z</time>
      </trkpt>
      <trkpt lat="41.80479621514678" lon="123.56448895297945">
        <ele>60.6</ele>
        <time>2026-09-05T03:42:44Z</time>
      </trkpt>
      <trkpt lat="41.80489738471806" lon="123.56457847170532">
        <ele>60.8</ele>
        <time>2026-09-05T03:42:46Z</time>
      </trkpt>
      <trkpt lat="41.804997716099024" lon="123.56466949917376">
        <ele>60.8</ele>
        <time>2026-09-05T03:42:48Z</time>
      </trkpt>
      <trkpt lat="41.80509829893708" lon="123.56475742533803">
        <ele>61</ele>
        <time>2026-09-05T03:42:50Z</time>
      </trkpt>
      <trkpt lat="41.805201983079314" lon="123.56483948417008">
        <ele>61</ele>
        <time>2026-09-05T03:42:52Z</time>
      </trkpt>
      <trkpt lat="41.80530206300318" lon="123.5649243928492">
        <ele>61</ele>
        <time>2026-09-05T03:42:54Z</time>
      </trkpt>
      <trkpt lat="41.805400382727385" lon="123.56501416303217">
        <ele>61</ele>
        <time>2026-09-05T03:42:56Z</time>
      </trkpt>
      <trkpt lat="41.80549828335643" lon="123.56510636396706">
        <ele>61</ele>
        <time>2026-09-05T03:42:58Z</time>
      </trkpt>
      <trkpt lat="41.80559509433806" lon="123.5651989839971">
        <ele>61.2</ele>
        <time>2026-09-05T03:43:00Z</time>
      </trkpt>
      <trkpt lat="41.80569383315742" lon="123.56529319658875">
        <ele>61.2</ele>
        <time>2026-09-05T03:43:02Z</time>
      </trkpt>
      <trkpt lat="41.805793326348066" lon="123.5653879120946">
        <ele>61.2</ele>
        <time>2026-09-05T03:43:04Z</time>
      </trkpt>
      <trkpt lat="41.805894915014505" lon="123.56548086740077">
        <ele>61.2</ele>
        <time>2026-09-05T03:43:06Z</time>
      </trkpt>
      <trkpt lat="41.80599516257644" lon="123.56557415798306">
        <ele>61.2</ele>
        <time>2026-09-05T03:43:08Z</time>
      </trkpt>
      <trkpt lat="41.806094236671925" lon="123.56566686183214">
        <ele>61.2</ele>
        <time>2026-09-05T03:43:10Z</time>
      </trkpt>
      <trkpt lat="41.806192472577095" lon="123.56576006859541">
        <ele>61.4</ele>
        <time>2026-09-05T03:43:12Z</time>
      </trkpt>
      <trkpt lat="41.806286266073585" lon="123.56585855595767">
        <ele>61.4</ele>
        <time>2026-09-05T03:43:14Z</time>
      </trkpt>
      <trkpt lat="41.80637628771365" lon="123.56596190482378">
        <ele>61.4</ele>
        <time>2026-09-05T03:43:16Z</time>
      </trkpt>
      <trkpt lat="41.806466560810804" lon="123.566068187356">
        <ele>61.4</ele>
        <time>2026-09-05T03:43:18Z</time>
      </trkpt>
      <trkpt lat="41.8065564148128" lon="123.56617799028754">
        <ele>61.6</ele>
        <time>2026-09-05T03:43:20Z</time>
      </trkpt>
      <trkpt lat="41.80664551444352" lon="123.56628620065749">
        <ele>61.6</ele>
        <time>2026-09-05T03:43:22Z</time>
      </trkpt>
      <trkpt lat="41.8067379668355" lon="123.56638787314296">
        <ele>61.6</ele>
        <time>2026-09-05T03:43:24Z</time>
      </trkpt>
      <trkpt lat="41.80683192797005" lon="123.56649046763778">
        <ele>61.6</ele>
        <time>2026-09-05T03:43:26Z</time>
      </trkpt>
      <trkpt lat="41.80692756548524" lon="123.56659607961774">
        <ele>61.6</ele>
        <time>2026-09-05T03:43:28Z</time>
      </trkpt>
      <trkpt lat="41.80702303536236" lon="123.56670286506414">
        <ele>61.6</ele>
        <time>2026-09-05T03:43:30Z</time>
      </trkpt>
      <trkpt lat="41.80711708031595" lon="123.56680914759636">
        <ele>61.6</ele>
        <time>2026-09-05T03:43:32Z</time>
      </trkpt>
      <trkpt lat="41.80720861069858" lon="123.56691492721438">
        <ele>61.6</ele>
        <time>2026-09-05T03:43:34Z</time>
      </trkpt>
      <trkpt lat="41.807297794148326" lon="123.56701986864209">
        <ele>61.6</ele>
        <time>2026-09-05T03:43:36Z</time>
      </trkpt>
      <trkpt lat="41.80738689377904" lon="123.56712757609785">
        <ele>61.6</ele>
        <time>2026-09-05T03:43:38Z</time>
      </trkpt>
      <trkpt lat="41.80747599340975" lon="123.5672405641526">
        <ele>61.6</ele>
        <time>2026-09-05T03:43:40Z</time>
      </trkpt>
      <trkpt lat="41.80756526067853" lon="123.56735849753022">
        <ele>61.6</ele>
        <time>2026-09-05T03:43:42Z</time>
      </trkpt>
      <trkpt lat="41.807653019204736" lon="123.56748011894524">
        <ele>61.6</ele>
        <time>2026-09-05T03:43:44Z</time>
      </trkpt>
      <trkpt lat="41.80773792788386" lon="123.56760425493121">
        <ele>61.6</ele>
        <time>2026-09-05T03:43:46Z</time>
      </trkpt>
      <trkpt lat="41.80781805887818" lon="123.56772445142269">
        <ele>61.6</ele>
        <time>2026-09-05T03:43:48Z</time>
      </trkpt>
      <trkpt lat="41.80789701640606" lon="123.5678399540484">
        <ele>61.6</ele>
        <time>2026-09-05T03:43:50Z</time>
      </trkpt>
      <trkpt lat="41.80797672830522" lon="123.56795252300799">
        <ele>61.6</ele>
        <time>2026-09-05T03:43:52Z</time>
      </trkpt>
      <trkpt lat="41.80805769748986" lon="123.56806785799563">
        <ele>61.6</ele>
        <time>2026-09-05T03:43:54Z</time>
      </trkpt>
      <trkpt lat="41.80814151652157" lon="123.56818235479295">
        <ele>61.6</ele>
        <time>2026-09-05T03:43:56Z</time>
      </trkpt>
      <trkpt lat="41.808228604495525" lon="123.56829408556223">
        <ele>61.6</ele>
        <time>2026-09-05T03:43:58Z</time>
      </trkpt>
      <trkpt lat="41.808315021917224" lon="123.56841277331114">
        <ele>61.4</ele>
        <time>2026-09-05T03:44:00Z</time>
      </trkpt>
      <trkpt lat="41.80839749984443" lon="123.56853866949677">
        <ele>61.4</ele>
        <time>2026-09-05T03:44:02Z</time>
      </trkpt>
      <trkpt lat="41.80848131887615" lon="123.56866448186338">
        <ele>61.4</ele>
        <time>2026-09-05T03:44:04Z</time>
      </trkpt>
      <trkpt lat="41.808565724641085" lon="123.5687861032784">
        <ele>61.4</ele>
        <time>2026-09-05T03:44:06Z</time>
      </trkpt>
      <trkpt lat="41.808650717139244" lon="123.56890596449375">
        <ele>61.4</ele>
        <time>2026-09-05T03:44:08Z</time>
      </trkpt>
      <trkpt lat="41.80873210541904" lon="123.56902339495718">
        <ele>61.4</ele>
        <time>2026-09-05T03:44:10Z</time>
      </trkpt>
      <trkpt lat="41.80880435742438" lon="123.56913596391678">
        <ele>61.4</ele>
        <time>2026-09-05T03:44:12Z</time>
      </trkpt>
      <trkpt lat="41.808879375457764" lon="123.56924341991544">
        <ele>61.6</ele>
        <time>2026-09-05T03:44:14Z</time>
      </trkpt>
      <trkpt lat="41.80895355530083" lon="123.56934869661927">
        <ele>61.6</ele>
        <time>2026-09-05T03:44:16Z</time>
      </trkpt>
      <trkpt lat="41.80902781896293" lon="123.56945598497987">
        <ele>61.6</ele>
        <time>2026-09-05T03:44:18Z</time>
      </trkpt>
      <trkpt lat="41.809106692671776" lon="123.56956880539656">
        <ele>61.6</ele>
        <time>2026-09-05T03:44:20Z</time>
      </trkpt>
      <trkpt lat="41.80918900296092" lon="123.56968196108937">
        <ele>61.6</ele>
        <time>2026-09-05T03:44:22Z</time>
      </trkpt>
      <trkpt lat="41.80927156470716" lon="123.56979679316282">
        <ele>61.6</ele>
        <time>2026-09-05T03:44:24Z</time>
      </trkpt>
      <trkpt lat="41.80935110896826" lon="123.56991489417851">
        <ele>61.6</ele>
        <time>2026-09-05T03:44:26Z</time>
      </trkpt>
      <trkpt lat="41.80942361243069" lon="123.57003903016448">
        <ele>61.6</ele>
        <time>2026-09-05T03:44:28Z</time>
      </trkpt>
      <trkpt lat="41.80949636735022" lon="123.5701606515795">
        <ele>61.6</ele>
        <time>2026-09-05T03:44:30Z</time>
      </trkpt>
      <trkpt lat="41.80957398377359" lon="123.5702779982239">
        <ele>61.6</ele>
        <time>2026-09-05T03:44:32Z</time>
      </trkpt>
      <trkpt lat="41.80965327657759" lon="123.57039417140186">
        <ele>61.6</ele>
        <time>2026-09-05T03:44:34Z</time>
      </trkpt>
      <trkpt lat="41.80973273701966" lon="123.5705126915127">
        <ele>61.6</ele>
        <time>2026-09-05T03:44:36Z</time>
      </trkpt>
      <trkpt lat="41.80981010198593" lon="123.57062811031938">
        <ele>61.6</ele>
        <time>2026-09-05T03:44:38Z</time>
      </trkpt>
      <trkpt lat="41.80988436564803" lon="123.5707375779748">
        <ele>61.8</ele>
        <time>2026-09-05T03:44:40Z</time>
      </trkpt>
      <trkpt lat="41.809960724785924" lon="123.5708441119641">
        <ele>61.8</ele>
        <time>2026-09-05T03:44:42Z</time>
      </trkpt>
      <trkpt lat="41.810038005933166" lon="123.57095341198146">
        <ele>61.8</ele>
        <time>2026-09-05T03:44:44Z</time>
      </trkpt>
      <trkpt lat="41.8101157899946" lon="123.57106472365558">
        <ele>61.8</ele>
        <time>2026-09-05T03:44:46Z</time>
      </trkpt>
      <trkpt lat="41.810193909332156" lon="123.57117804698646">
        <ele>61.8</ele>
        <time>2026-09-05T03:44:48Z</time>
      </trkpt>
      <trkpt lat="41.81026507169008" lon="123.57129396870732">
        <ele>61.8</ele>
        <time>2026-09-05T03:44:50Z</time>
      </trkpt>
      <trkpt lat="41.81033246219158" lon="123.5714056994766">
        <ele>61.8</ele>
        <time>2026-09-05T03:44:52Z</time>
      </trkpt>
      <trkpt lat="41.810388788580894" lon="123.57150049880147">
        <ele>61.8</ele>
        <time>2026-09-05T03:44:54Z</time>
      </trkpt>
      <trkpt lat="41.810424998402596" lon="123.57155011966825">
        <ele>61.8</ele>
        <time>2026-09-05T03:50:13Z</time>
      </trkpt>
      <trkpt lat="41.81044436059892" lon="123.57157585211098">
        <ele>62</ele>
        <time>2026-09-05T03:50:15Z</time>
      </trkpt>
      <trkpt lat="41.81048140861094" lon="123.5716253053397">
        <ele>62</ele>
        <time>2026-09-05T03:50:17Z</time>
      </trkpt>
      <trkpt lat="41.81053622625768" lon="123.57169806025922">
        <ele>61.8</ele>
        <time>2026-09-05T03:50:19Z</time>
      </trkpt>
      <trkpt lat="41.81059925816953" lon="123.57177802361548">
        <ele>61.8</ele>
        <time>2026-09-05T03:50:21Z</time>
      </trkpt>
      <trkpt lat="41.81066958233714" lon="123.57185320928693">
        <ele>61.6</ele>
        <time>2026-09-05T03:50:23Z</time>
      </trkpt>
      <trkpt lat="41.810743510723114" lon="123.57193208299577">
        <ele>61.4</ele>
        <time>2026-09-05T03:50:25Z</time>
      </trkpt>
      <trkpt lat="41.81079698726535" lon="123.57203769497573">
        <ele>61.2</ele>
        <time>2026-09-05T03:50:27Z</time>
      </trkpt>
      <trkpt lat="41.81082087568939" lon="123.57216761447489">
        <ele>61</ele>
        <time>2026-09-05T03:50:29Z</time>
      </trkpt>
      <trkpt lat="41.810838310047984" lon="123.57229962944984">
        <ele>61</ele>
        <time>2026-09-05T03:50:31Z</time>
      </trkpt>
      <trkpt lat="41.810870161280036" lon="123.5724298004061">
        <ele>61</ele>
        <time>2026-09-05T03:50:33Z</time>
      </trkpt>
      <trkpt lat="41.81089933030307" lon="123.57256206683815">
        <ele>61</ele>
        <time>2026-09-05T03:50:35Z</time>
      </trkpt>
      <trkpt lat="41.810909723863006" lon="123.5726988594979">
        <ele>60.8</ele>
        <time>2026-09-05T03:50:37Z</time>
      </trkpt>
      <trkpt lat="41.810897905379534" lon="123.57283875346184">
        <ele>60.8</ele>
        <time>2026-09-05T03:50:39Z</time>
      </trkpt>
      <trkpt lat="41.81087099947035" lon="123.57297705486417">
        <ele>60.6</ele>
        <time>2026-09-05T03:50:41Z</time>
      </trkpt>
      <trkpt lat="41.810836885124445" lon="123.57311728410423">
        <ele>60.4</ele>
        <time>2026-09-05T03:50:43Z</time>
      </trkpt>
      <trkpt lat="41.81080528534949" lon="123.57326145283878">
        <ele>60.2</ele>
        <time>2026-09-05T03:50:45Z</time>
      </trkpt>
      <trkpt lat="41.810790784657" lon="123.57340754941106">
        <ele>60</ele>
        <time>2026-09-05T03:50:47Z</time>
      </trkpt>
      <trkpt lat="41.810801262035966" lon="123.57354585081339">
        <ele>59.8</ele>
        <time>2026-09-05T03:50:49Z</time>
      </trkpt>
      <trkpt lat="41.81084778159857" lon="123.57367199845612">
        <ele>59.6</ele>
        <time>2026-09-05T03:50:51Z</time>
      </trkpt>
      <trkpt lat="41.81092347018421" lon="123.57380535453558">
        <ele>59.6</ele>
        <time>2026-09-05T03:50:53Z</time>
      </trkpt>
      <trkpt lat="41.810986837372184" lon="123.57393259182572">
        <ele>59.6</ele>
        <time>2026-09-05T03:50:55Z</time>
      </trkpt>
      <trkpt lat="41.811032770201564" lon="123.57406242750585">
        <ele>59.4</ele>
        <time>2026-09-05T03:50:57Z</time>
      </trkpt>
      <trkpt lat="41.81107182987034" lon="123.57420986518264">
        <ele>59.2</ele>
        <time>2026-09-05T03:50:59Z</time>
      </trkpt>
      <trkpt lat="41.81111407466233" lon="123.57435227371752">
        <ele>59.2</ele>
        <time>2026-09-05T03:51:01Z</time>
      </trkpt>
      <trkpt lat="41.811172077432275" lon="123.57446844689548">
        <ele>59.2</ele>
        <time>2026-09-05T03:51:03Z</time>
      </trkpt>
      <trkpt lat="41.81124818511307" lon="123.57455461286008">
        <ele>59.4</ele>
        <time>2026-09-05T03:51:05Z</time>
      </trkpt>
      <trkpt lat="41.81132487952709" lon="123.57463072054088">
        <ele>59.4</ele>
        <time>2026-09-05T03:51:07Z</time>
      </trkpt>
      <trkpt lat="41.811405178159475" lon="123.57470565475523">
        <ele>59.6</ele>
        <time>2026-09-05T03:51:09Z</time>
      </trkpt>
      <trkpt lat="41.811500899493694" lon="123.57477765530348">
        <ele>59.8</ele>
        <time>2026-09-05T03:51:11Z</time>
      </trkpt>
      <trkpt lat="41.81160517036915" lon="123.57483440078795">
        <ele>60.2</ele>
        <time>2026-09-05T03:51:13Z</time>
      </trkpt>
      <trkpt lat="41.81170349009335" lon="123.57488108798862">
        <ele>60.6</ele>
        <time>2026-09-05T03:51:15Z</time>
      </trkpt>
      <trkpt lat="41.811795020475984" lon="123.57493221759796">
        <ele>61</ele>
        <time>2026-09-05T03:51:17Z</time>
      </trkpt>
      <trkpt lat="41.81187992915511" lon="123.5750094987452">
        <ele>61.2</ele>
        <time>2026-09-05T03:51:19Z</time>
      </trkpt>
      <trkpt lat="41.81196450255811" lon="123.57512508518994">
        <ele>61.4</ele>
        <time>2026-09-05T03:51:21Z</time>
      </trkpt>
      <trkpt lat="41.812020409852266" lon="123.57522231526673">
        <ele>61.4</ele>
        <time>2026-09-05T03:51:23Z</time>
      </trkpt>
      <trkpt lat="41.81207858026028" lon="123.57532817870378">
        <ele>61.4</ele>
        <time>2026-09-05T03:51:25Z</time>
      </trkpt>
      <trkpt lat="41.812157705426216" lon="123.57546471990645">
        <ele>61.4</ele>
        <time>2026-09-05T03:51:27Z</time>
      </trkpt>
      <trkpt lat="41.81221310980618" lon="123.57555415481329">
        <ele>61.4</ele>
        <time>2026-09-05T03:51:29Z</time>
      </trkpt>
      <trkpt lat="41.812268598005176" lon="123.57565968297422">
        <ele>61.6</ele>
        <time>2026-09-05T03:51:31Z</time>
      </trkpt>
      <trkpt lat="41.8123276066035" lon="123.5757761914283">
        <ele>61.6</ele>
        <time>2026-09-05T03:51:33Z</time>
      </trkpt>
      <trkpt lat="41.81239407509565" lon="123.57589446008205">
        <ele>61.4</ele>
        <time>2026-09-05T03:51:35Z</time>
      </trkpt>
      <trkpt lat="41.81246473453939" lon="123.57601247727871">
        <ele>61.4</ele>
        <time>2026-09-05T03:51:37Z</time>
      </trkpt>
      <trkpt lat="41.81254796683788" lon="123.5761511977762">
        <ele>61.4</ele>
        <time>2026-09-05T03:51:39Z</time>
      </trkpt>
      <trkpt lat="41.81262063793838" lon="123.57627776451409">
        <ele>61.4</ele>
        <time>2026-09-05T03:51:41Z</time>
      </trkpt>
      <trkpt lat="41.81267587468028" lon="123.57637608423829">
        <ele>61.4</ele>
        <time>2026-09-05T03:51:43Z</time>
      </trkpt>
      <trkpt lat="41.81273605674505" lon="123.57648555189371">
        <ele>61.4</ele>
        <time>2026-09-05T03:51:45Z</time>
      </trkpt>
      <trkpt lat="41.812786934897304" lon="123.57657657936215">
        <ele>61.4</ele>
        <time>2026-09-05T03:51:47Z</time>
      </trkpt>
      <trkpt lat="41.81281543336809" lon="123.57662921771407">
        <ele>61.4</ele>
        <time>2026-09-05T03:51:49Z</time>
      </trkpt>
      <trkpt lat="41.81283647194505" lon="123.57666752301157">
        <ele>61.4</ele>
        <time>2026-09-05T03:51:51Z</time>
      </trkpt>
      <trkpt lat="41.81287142448127" lon="123.57672845944762">
        <ele>61.4</ele>
        <time>2026-09-05T03:51:53Z</time>
      </trkpt>
      <trkpt lat="41.81292749941349" lon="123.57682208530605">
        <ele>61.4</ele>
        <time>2026-09-05T03:51:55Z</time>
      </trkpt>
      <trkpt lat="41.81300117634237" lon="123.57693985104561">
        <ele>61.4</ele>
        <time>2026-09-05T03:51:57Z</time>
      </trkpt>
      <trkpt lat="41.813085079193115" lon="123.5770561080426">
        <ele>61.2</ele>
        <time>2026-09-05T03:51:59Z</time>
      </trkpt>
      <trkpt lat="41.813177363947034" lon="123.57716725207865">
        <ele>61.2</ele>
        <time>2026-09-05T03:52:01Z</time>
      </trkpt>
      <trkpt lat="41.81327987462282" lon="123.5772773064673">
        <ele>61.2</ele>
        <time>2026-09-05T03:52:03Z</time>
      </trkpt>
      <trkpt lat="41.81339127011597" lon="123.57738551683724">
        <ele>61</ele>
        <time>2026-09-05T03:52:05Z</time>
      </trkpt>
      <trkpt lat="41.81350316852331" lon="123.57748836278915">
        <ele>60.8</ele>
        <time>2026-09-05T03:52:07Z</time>
      </trkpt>
      <trkpt lat="41.81361556984484" lon="123.57758316211402">
        <ele>60.8</ele>
        <time>2026-09-05T03:52:09Z</time>
      </trkpt>
      <trkpt lat="41.81372897699475" lon="123.57768910937011">
        <ele>60.6</ele>
        <time>2026-09-05T03:52:11Z</time>
      </trkpt>
      <trkpt lat="41.81383785791695" lon="123.57781668193638">
        <ele>60.4</ele>
        <time>2026-09-05T03:52:13Z</time>
      </trkpt>
      <trkpt lat="41.8139370996505" lon="123.57796479016542">
        <ele>60.2</ele>
        <time>2026-09-05T03:52:15Z</time>
      </trkpt>
      <trkpt lat="41.814027624204755" lon="123.57812337577343">
        <ele>60</ele>
        <time>2026-09-05T03:52:17Z</time>
      </trkpt>
      <trkpt lat="41.81411043740809" lon="123.57828648760915">
        <ele>60</ele>
        <time>2026-09-05T03:52:19Z</time>
      </trkpt>
      <trkpt lat="41.814189897850156" lon="123.57845060527325">
        <ele>59.8</ele>
        <time>2026-09-05T03:52:21Z</time>
      </trkpt>
      <trkpt lat="41.81427262723446" lon="123.57861237600446">
        <ele>59.8</ele>
        <time>2026-09-05T03:52:23Z</time>
      </trkpt>
      <trkpt lat="41.81435778737068" lon="123.57877481728792">
        <ele>59.6</ele>
        <time>2026-09-05T03:52:25Z</time>
      </trkpt>
      <trkpt lat="41.814468428492546" lon="123.57897941954434">
        <ele>59.6</ele>
        <time>2026-09-05T03:52:27Z</time>
      </trkpt>
      <trkpt lat="41.81456792168319" lon="123.57916315086186">
        <ele>59.4</ele>
        <time>2026-09-05T03:52:29Z</time>
      </trkpt>
      <trkpt lat="41.81463832966983" lon="123.5792943276465">
        <ele>59.2</ele>
        <time>2026-09-05T03:52:31Z</time>
      </trkpt>
      <trkpt lat="41.814722903072834" lon="123.57945249415934">
        <ele>59</ele>
        <time>2026-09-05T03:52:33Z</time>
      </trkpt>
      <trkpt lat="41.81481443345547" lon="123.57962658628821">
        <ele>59</ele>
        <time>2026-09-05T03:52:35Z</time>
      </trkpt>
      <trkpt lat="41.81490579620004" lon="123.5798054561019">
        <ele>58.8</ele>
        <time>2026-09-05T03:52:37Z</time>
      </trkpt>
      <trkpt lat="41.814998080953956" lon="123.57998248189688">
        <ele>58.8</ele>
        <time>2026-09-05T03:52:39Z</time>
      </trkpt>
      <trkpt lat="41.81511609815061" lon="123.58020049519837">
        <ele>58.6</ele>
        <time>2026-09-05T03:52:41Z</time>
      </trkpt>
      <trkpt lat="41.81521383114159" lon="123.58037257567048">
        <ele>58.4</ele>
        <time>2026-09-05T03:52:43Z</time>
      </trkpt>
      <trkpt lat="41.8152926210314" lon="123.5805076919496">
        <ele>58.4</ele>
        <time>2026-09-05T03:52:45Z</time>
      </trkpt>
      <trkpt lat="41.815384989604354" lon="123.58066770248115">
        <ele>58.2</ele>
        <time>2026-09-05T03:52:47Z</time>
      </trkpt>
      <trkpt lat="41.81550267152488" lon="123.58087414875627">
        <ele>58</ele>
        <time>2026-09-05T03:52:49Z</time>
      </trkpt>
      <trkpt lat="41.81561247445643" lon="123.58108227141201">
        <ele>58</ele>
        <time>2026-09-05T03:52:52Z</time>
      </trkpt>
      <trkpt lat="41.81570920161903" lon="123.58127446845174">
        <ele>57.8</ele>
        <time>2026-09-05T03:52:54Z</time>
      </trkpt>
      <trkpt lat="41.81581573560834" lon="123.58148275874555">
        <ele>57.8</ele>
        <time>2026-09-05T03:52:56Z</time>
      </trkpt>
      <trkpt lat="41.81588580831885" lon="123.58161829411983">
        <ele>57.6</ele>
        <time>2026-09-05T03:52:58Z</time>
      </trkpt>
      <trkpt lat="41.81597566232085" lon="123.58182641677558">
        <ele>57.6</ele>
        <time>2026-09-05T03:53:00Z</time>
      </trkpt>
      <trkpt lat="41.816055458039045" lon="123.58202196657658">
        <ele>57.4</ele>
        <time>2026-09-05T03:53:02Z</time>
      </trkpt>
      <trkpt lat="41.81613148190081" lon="123.58220477588475">
        <ele>57.4</ele>
        <time>2026-09-05T03:53:04Z</time>
      </trkpt>
      <trkpt lat="41.816202979534864" lon="123.58238020911813">
        <ele>57.4</ele>
        <time>2026-09-05T03:53:06Z</time>
      </trkpt>
      <trkpt lat="41.816267520189285" lon="123.5825495235622">
        <ele>57.4</ele>
        <time>2026-09-05T03:53:08Z</time>
      </trkpt>
      <trkpt lat="41.81633675470948" lon="123.58271012082696">
        <ele>57.4</ele>
        <time>2026-09-05T03:53:10Z</time>
      </trkpt>
      <trkpt lat="41.81640665978193" lon="123.58286526985466">
        <ele>57.6</ele>
        <time>2026-09-05T03:53:12Z</time>
      </trkpt>
      <trkpt lat="41.81647086516023" lon="123.58302745968103">
        <ele>57.8</ele>
        <time>2026-09-05T03:53:14Z</time>
      </trkpt>
      <trkpt lat="41.81653163395822" lon="123.58319115824997">
        <ele>58</ele>
        <time>2026-09-05T03:53:16Z</time>
      </trkpt>
      <trkpt lat="41.81659952737391" lon="123.58334815129638">
        <ele>58.2</ele>
        <time>2026-09-05T03:53:18Z</time>
      </trkpt>
      <trkpt lat="41.8166708573699" lon="123.58350262977183">
        <ele>58.4</ele>
        <time>2026-09-05T03:53:20Z</time>
      </trkpt>
      <trkpt lat="41.81674453429878" lon="123.58365836553276">
        <ele>58.6</ele>
        <time>2026-09-05T03:53:22Z</time>
      </trkpt>
      <trkpt lat="41.81683002971113" lon="123.58380295336246">
        <ele>58.6</ele>
        <time>2026-09-05T03:53:24Z</time>
      </trkpt>
      <trkpt lat="41.81692549958825" lon="123.58393236994743">
        <ele>58.8</ele>
        <time>2026-09-05T03:53:26Z</time>
      </trkpt>
      <trkpt lat="41.81702859699726" lon="123.5840466991067">
        <ele>59</ele>
        <time>2026-09-05T03:53:28Z</time>
      </trkpt>
      <trkpt lat="41.817137813195586" lon="123.58414812013507">
        <ele>59</ele>
        <time>2026-09-05T03:53:30Z</time>
      </trkpt>
      <trkpt lat="41.81725130416453" lon="123.58424208126962">
        <ele>59.2</ele>
        <time>2026-09-05T03:53:32Z</time>
      </trkpt>
      <trkpt lat="41.81736479513347" lon="123.5843366291374">
        <ele>59.2</ele>
        <time>2026-09-05T03:53:34Z</time>
      </trkpt>
      <trkpt lat="41.8174756038934" lon="123.58443218283355">
        <ele>59.4</ele>
        <time>2026-09-05T03:53:36Z</time>
      </trkpt>
      <trkpt lat="41.81758616119623" lon="123.58452077955008">
        <ele>59.4</ele>
        <time>2026-09-05T03:53:38Z</time>
      </trkpt>
      <trkpt lat="41.81769940070808" lon="123.58459755778313">
        <ele>59.6</ele>
        <time>2026-09-05T03:53:40Z</time>
      </trkpt>
      <trkpt lat="41.817820770666" lon="123.58465966768563">
        <ele>59.6</ele>
        <time>2026-09-05T03:53:42Z</time>
      </trkpt>
      <trkpt lat="41.8179470859468" lon="123.58470669016242">
        <ele>59.8</ele>
        <time>2026-09-05T03:53:44Z</time>
      </trkpt>
      <trkpt lat="41.81807465851307" lon="123.58473309315741">
        <ele>59.8</ele>
        <time>2026-09-05T03:53:46Z</time>
      </trkpt>
      <trkpt lat="41.81820206344128" lon="123.58475019223988">
        <ele>59.8</ele>
        <time>2026-09-05T03:53:48Z</time>
      </trkpt>
      <trkpt lat="41.818326115608215" lon="123.58477181755006">
        <ele>60</ele>
        <time>2026-09-05T03:53:50Z</time>
      </trkpt>
      <trkpt lat="41.818443881347775" lon="123.58479260466993">
        <ele>60</ele>
        <time>2026-09-05T03:53:52Z</time>
      </trkpt>
      <trkpt lat="41.81856131181121" lon="123.58481196686625">
        <ele>60</ele>
        <time>2026-09-05T03:53:54Z</time>
      </trkpt>
      <trkpt lat="41.81867849081755" lon="123.5848300717771">
        <ele>60</ele>
        <time>2026-09-05T03:53:56Z</time>
      </trkpt>
      <trkpt lat="41.81879692710936" lon="123.58485504984856">
        <ele>60</ele>
        <time>2026-09-05T03:53:58Z</time>
      </trkpt>
      <trkpt lat="41.81891553103924" lon="123.58487692661583">
        <ele>60</ele>
        <time>2026-09-05T03:54:00Z</time>
      </trkpt>
      <trkpt lat="41.81903430260718" lon="123.58489318750799">
        <ele>60</ele>
        <time>2026-09-05T03:54:02Z</time>
      </trkpt>
      <trkpt lat="41.819153409451246" lon="123.58491020277143">
        <ele>60</ele>
        <time>2026-09-05T03:54:04Z</time>
      </trkpt>
      <trkpt lat="41.81927612051368" lon="123.58492436818779">
        <ele>59.8</ele>
        <time>2026-09-05T03:54:06Z</time>
      </trkpt>
      <trkpt lat="41.81940427981317" lon="123.58493844978511">
        <ele>59.8</ele>
        <time>2026-09-05T03:54:08Z</time>
      </trkpt>
      <trkpt lat="41.81952975690365" lon="123.58496787026525">
        <ele>59.8</ele>
        <time>2026-09-05T03:54:10Z</time>
      </trkpt>
      <trkpt lat="41.81965263560414" lon="123.5850029066205">
        <ele>59.8</ele>
        <time>2026-09-05T03:54:12Z</time>
      </trkpt>
      <trkpt lat="41.81977400556207" lon="123.58503207564354">
        <ele>59.6</ele>
        <time>2026-09-05T03:54:14Z</time>
      </trkpt>
      <trkpt lat="41.819893615320325" lon="123.5850515216589">
        <ele>59.6</ele>
        <time>2026-09-05T03:54:16Z</time>
      </trkpt>
      <trkpt lat="41.8200124707073" lon="123.58506929129362">
        <ele>59.6</ele>
        <time>2026-09-05T03:54:18Z</time>
      </trkpt>
      <trkpt lat="41.820132499560714" lon="123.58509058132768">
        <ele>59.6</ele>
        <time>2026-09-05T03:54:20Z</time>
      </trkpt>
      <trkpt lat="41.82025303132832" lon="123.5851168166846">
        <ele>59.8</ele>
        <time>2026-09-05T03:54:22Z</time>
      </trkpt>
      <trkpt lat="41.82037188671529" lon="123.58514967374504">
        <ele>59.8</ele>
        <time>2026-09-05T03:54:24Z</time>
      </trkpt>
      <trkpt lat="41.820488311350346" lon="123.58519359491765">
        <ele>59.8</ele>
        <time>2026-09-05T03:54:26Z</time>
      </trkpt>
      <trkpt lat="41.82059467770159" lon="123.58526291325688">
        <ele>59.8</ele>
        <time>2026-09-05T03:54:28Z</time>
      </trkpt>
      <trkpt lat="41.820683693513274" lon="123.5853625740856">
        <ele>60</ele>
        <time>2026-09-05T03:54:30Z</time>
      </trkpt>
      <trkpt lat="41.820760974660516" lon="123.58548268675804">
        <ele>60</ele>
        <time>2026-09-05T03:54:32Z</time>
      </trkpt>
      <trkpt lat="41.82083733379841" lon="123.58561302535236">
        <ele>60.2</ele>
        <time>2026-09-05T03:54:34Z</time>
      </trkpt>
      <trkpt lat="41.82091520167887" lon="123.58574478887022">
        <ele>60.2</ele>
        <time>2026-09-05T03:54:36Z</time>
      </trkpt>
      <trkpt lat="41.82098887860775" lon="123.58587931841612">
        <ele>60.2</ele>
        <time>2026-09-05T03:54:38Z</time>
      </trkpt>
      <trkpt lat="41.82106423191726" lon="123.58600831590593">
        <ele>60.4</ele>
        <time>2026-09-05T03:54:40Z</time>
      </trkpt>
      <trkpt lat="41.82114268653095" lon="123.58613739721477">
        <ele>60.4</ele>
        <time>2026-09-05T03:54:42Z</time>
      </trkpt>
      <trkpt lat="41.821212423965335" lon="123.58627846464515">
        <ele>60.4</ele>
        <time>2026-09-05T03:54:44Z</time>
      </trkpt>
      <trkpt lat="41.82127478532493" lon="123.58642665669322">
        <ele>60.6</ele>
        <time>2026-09-05T03:54:46Z</time>
      </trkpt>
      <trkpt lat="41.821346282958984" lon="123.58656629920006">
        <ele>60.6</ele>
        <time>2026-09-05T03:54:48Z</time>
      </trkpt>
      <trkpt lat="41.82142389938235" lon="123.586700912565">
        <ele>60.6</ele>
        <time>2026-09-05T03:54:50Z</time>
      </trkpt>
      <trkpt lat="41.821501767262816" lon="123.58683242462575">
        <ele>60.8</ele>
        <time>2026-09-05T03:54:52Z</time>
      </trkpt>
      <trkpt lat="41.821582317352295" lon="123.58695890754461">
        <ele>60.8</ele>
        <time>2026-09-05T03:54:54Z</time>
      </trkpt>
      <trkpt lat="41.82166613638401" lon="123.58707709237933">
        <ele>60.8</ele>
        <time>2026-09-05T03:54:56Z</time>
      </trkpt>
      <trkpt lat="41.821752805262804" lon="123.58718639239669">
        <ele>60.8</ele>
        <time>2026-09-05T03:54:58Z</time>
      </trkpt>
      <trkpt lat="41.82184039615095" lon="123.58729259110987">
        <ele>61</ele>
        <time>2026-09-05T03:55:00Z</time>
      </trkpt>
      <trkpt lat="41.82192798703909" lon="123.58740138821304">
        <ele>61</ele>
        <time>2026-09-05T03:55:02Z</time>
      </trkpt>
      <trkpt lat="41.82201557792723" lon="123.58751689083874">
        <ele>61</ele>
        <time>2026-09-05T03:55:04Z</time>
      </trkpt>
      <trkpt lat="41.82209512218833" lon="123.58763876371086">
        <ele>61</ele>
        <time>2026-09-05T03:55:06Z</time>
      </trkpt>
      <trkpt lat="41.82216896675527" lon="123.58776935376227">
        <ele>61.2</ele>
        <time>2026-09-05T03:55:08Z</time>
      </trkpt>
      <trkpt lat="41.82224163785577" lon="123.58790279366076">
        <ele>61.2</ele>
        <time>2026-09-05T03:55:10Z</time>
      </trkpt>
      <trkpt lat="41.82230978272855" lon="123.58803849667311">
        <ele>61.2</ele>
        <time>2026-09-05T03:55:12Z</time>
      </trkpt>
      <trkpt lat="41.82236636057496" lon="123.58816514723003">
        <ele>61.4</ele>
        <time>2026-09-05T03:55:14Z</time>
      </trkpt>
      <trkpt lat="41.82240282185376" lon="123.58825902454555">
        <ele>61.4</ele>
        <time>2026-09-05T03:55:16Z</time>
      </trkpt>
      <trkpt lat="41.82241966947913" lon="123.588313087821">
        <ele>61.6</ele>
        <time>2026-09-05T03:55:18Z</time>
      </trkpt>
      <trkpt lat="41.822429560124874" lon="123.58834091573954">
        <ele>61.6</ele>
        <time>2026-09-05T03:55:20Z</time>
      </trkpt>
      <trkpt lat="41.82244263589382" lon="123.588363295421">
        <ele>61.8</ele>
        <time>2026-09-05T03:55:22Z</time>
      </trkpt>
      <trkpt lat="41.82246593758464" lon="123.5883997566998">
        <ele>61.8</ele>
        <time>2026-09-05T03:55:24Z</time>
      </trkpt>
      <trkpt lat="41.82249586097896" lon="123.58846806921065">
        <ele>61.8</ele>
        <time>2026-09-05T03:55:26Z</time>
      </trkpt>
      <trkpt lat="41.822534669190645" lon="123.58856077305973">
        <ele>61.8</ele>
        <time>2026-09-05T03:55:28Z</time>
      </trkpt>
      <trkpt lat="41.822577165439725" lon="123.58866395428777">
        <ele>61.8</ele>
        <time>2026-09-05T03:55:30Z</time>
      </trkpt>
      <trkpt lat="41.82262041606009" lon="123.5887726675719">
        <ele>61.8</ele>
        <time>2026-09-05T03:55:32Z</time>
      </trkpt>
      <trkpt lat="41.82266492396593" lon="123.58888448216021">
        <ele>61.8</ele>
        <time>2026-09-05T03:55:34Z</time>
      </trkpt>
      <trkpt lat="41.82270876131952" lon="123.58899646438658">
        <ele>61.8</ele>
        <time>2026-09-05T03:55:36Z</time>
      </trkpt>
      <trkpt lat="41.82275569997728" lon="123.5891045909375">
        <ele>62</ele>
        <time>2026-09-05T03:55:38Z</time>
      </trkpt>
      <trkpt lat="41.82280372828245" lon="123.58921431005001">
        <ele>62</ele>
        <time>2026-09-05T03:55:40Z</time>
      </trkpt>
      <trkpt lat="41.82285502552986" lon="123.58932201750576">
        <ele>62.2</ele>
        <time>2026-09-05T03:55:42Z</time>
      </trkpt>
      <trkpt lat="41.8229032214731" lon="123.58943450264633">
        <ele>62.2</ele>
        <time>2026-09-05T03:55:44Z</time>
      </trkpt>
      <trkpt lat="41.82294647209346" lon="123.58955168165267">
        <ele>62.2</ele>
        <time>2026-09-05T03:55:46Z</time>
      </trkpt>
      <trkpt lat="41.82299567386508" lon="123.58966609463096">
        <ele>62.4</ele>
        <time>2026-09-05T03:55:48Z</time>
      </trkpt>
      <trkpt lat="41.823059963062406" lon="123.58977707102895">
        <ele>62.4</ele>
        <time>2026-09-05T03:55:50Z</time>
      </trkpt>
      <trkpt lat="41.82312089949846" lon="123.58988855034113">
        <ele>62.4</ele>
        <time>2026-09-05T03:55:52Z</time>
      </trkpt>
      <trkpt lat="41.82318426668644" lon="123.59000707045197">
        <ele>62.6</ele>
        <time>2026-09-05T03:55:54Z</time>
      </trkpt>
      <trkpt lat="41.82324687950313" lon="123.59011561609805">
        <ele>62.6</ele>
        <time>2026-09-05T03:55:56Z</time>
      </trkpt>
      <trkpt lat="41.82330991141498" lon="123.59021930024028">
        <ele>62.8</ele>
        <time>2026-09-05T03:55:58Z</time>
      </trkpt>
      <trkpt lat="41.8233762960881" lon="123.59032365493476">
        <ele>62.8</ele>
        <time>2026-09-05T03:56:00Z</time>
      </trkpt>
      <trkpt lat="41.82344309985638" lon="123.59042876400054">
        <ele>63</ele>
        <time>2026-09-05T03:56:02Z</time>
      </trkpt>
      <trkpt lat="41.823505125939846" lon="123.59053932130337">
        <ele>63</ele>
        <time>2026-09-05T03:56:04Z</time>
      </trkpt>
      <trkpt lat="41.82356832548976" lon="123.59065599739552">
        <ele>63.2</ele>
        <time>2026-09-05T03:56:06Z</time>
      </trkpt>
      <trkpt lat="41.823630603030324" lon="123.59077611006796">
        <ele>63.2</ele>
        <time>2026-09-05T03:56:08Z</time>
      </trkpt>
      <trkpt lat="41.823697155341506" lon="123.59090309590101">
        <ele>63.2</ele>
        <time>2026-09-05T03:56:10Z</time>
      </trkpt>
      <trkpt lat="41.82376127690077" lon="123.59103385359049">
        <ele>63.4</ele>
        <time>2026-09-05T03:56:12Z</time>
      </trkpt>
      <trkpt lat="41.823825566098094" lon="123.59116612002254">
        <ele>63.4</ele>
        <time>2026-09-05T03:56:14Z</time>
      </trkpt>
      <trkpt lat="41.823895471170545" lon="123.59130190685391">
        <ele>63.4</ele>
        <time>2026-09-05T03:56:16Z</time>
      </trkpt>
      <trkpt lat="41.82396772317588" lon="123.59143652021885">
        <ele>63.4</ele>
        <time>2026-09-05T03:56:18Z</time>
      </trkpt>
      <trkpt lat="41.82403896935284" lon="123.59157297760248">
        <ele>63.6</ele>
        <time>2026-09-05T03:56:20Z</time>
      </trkpt>
      <trkpt lat="41.82411407120526" lon="123.59171295538545">
        <ele>63.6</ele>
        <time>2026-09-05T03:56:22Z</time>
      </trkpt>
      <trkpt lat="41.824190597981215" lon="123.59185326844454">
        <ele>63.6</ele>
        <time>2026-09-05T03:56:24Z</time>
      </trkpt>
      <trkpt lat="41.82426628656685" lon="123.59199458733201">
        <ele>63.6</ele>
        <time>2026-09-05T03:56:26Z</time>
      </trkpt>
      <trkpt lat="41.824339712038636" lon="123.59213238582015">
        <ele>63.6</ele>
        <time>2026-09-05T03:56:28Z</time>
      </trkpt>
      <trkpt lat="41.82441188022494" lon="123.59227479435503">
        <ele>63.6</ele>
        <time>2026-09-05T03:56:30Z</time>
      </trkpt>
      <trkpt lat="41.8244865629822" lon="123.59241737052798">
        <ele>63.6</ele>
        <time>2026-09-05T03:56:32Z</time>
      </trkpt>
      <trkpt lat="41.82456032373011" lon="123.59255868941545">
        <ele>63.4</ele>
        <time>2026-09-05T03:56:34Z</time>
      </trkpt>
      <trkpt lat="41.824639700353146" lon="123.59270746819675">
        <ele>63.4</ele>
        <time>2026-09-05T03:56:36Z</time>
      </trkpt>
      <trkpt lat="41.82471597567201" lon="123.59286027029157">
        <ele>63.2</ele>
        <time>2026-09-05T03:56:38Z</time>
      </trkpt>
      <trkpt lat="41.82480071671307" lon="123.59300946816802">
        <ele>63.2</ele>
        <time>2026-09-05T03:56:40Z</time>
      </trkpt>
      <trkpt lat="41.82488855905831" lon="123.59315045177937">
        <ele>63</ele>
        <time>2026-09-05T03:56:42Z</time>
      </trkpt>
      <trkpt lat="41.82497397065163" lon="123.59327995218337">
        <ele>63</ele>
        <time>2026-09-05T03:56:44Z</time>
      </trkpt>
      <trkpt lat="41.825049659237266" lon="123.59339327551425">
        <ele>63</ele>
        <time>2026-09-05T03:56:46Z</time>
      </trkpt>
      <trkpt lat="41.825115624815226" lon="123.59349302016199">
        <ele>63</ele>
        <time>2026-09-05T03:56:48Z</time>
      </trkpt>
      <trkpt lat="41.82517061010003" lon="123.59357926994562">
        <ele>63</ele>
        <time>2026-09-05T03:56:50Z</time>
      </trkpt>
      <trkpt lat="41.82519248686731" lon="123.59361539594829">
        <ele>63.2</ele>
        <time>2026-09-05T03:56:52Z</time>
      </trkpt>
      <trkpt lat="41.82519122958183" lon="123.59361950308084">
        <ele>63.2</ele>
        <time>2026-09-05T03:56:54Z</time>
      </trkpt>
      <trkpt lat="41.82518921792507" lon="123.59363140538335">
        <ele>63.2</ele>
        <time>2026-09-05T03:56:56Z</time>
      </trkpt>
      <trkpt lat="41.82517941109836" lon="123.59365847893059">
        <ele>63.2</ele>
        <time>2026-09-05T03:56:58Z</time>
      </trkpt>
      <trkpt lat="41.82516616769135" lon="123.59368219971657">
        <ele>63.2</ele>
        <time>2026-09-05T03:57:00Z</time>
      </trkpt>
      <trkpt lat="41.82516482658684" lon="123.5937081836164">
        <ele>63.2</ele>
        <time>2026-09-05T03:57:02Z</time>
      </trkpt>
      <trkpt lat="41.82518620043993" lon="123.59374430961907">
        <ele>63.2</ele>
        <time>2026-09-05T03:57:04Z</time>
      </trkpt>
      <trkpt lat="41.825225008651614" lon="123.5937895718962">
        <ele>63.2</ele>
        <time>2026-09-05T03:57:06Z</time>
      </trkpt>
      <trkpt lat="41.825276808813214" lon="123.5938567109406">
        <ele>63</ele>
        <time>2026-09-05T03:57:08Z</time>
      </trkpt>
      <trkpt lat="41.82532492093742" lon="123.59392762184143">
        <ele>63</ele>
        <time>2026-09-05T03:57:10Z</time>
      </trkpt>
      <trkpt lat="41.825354089960456" lon="123.59395947307348">
        <ele>63.2</ele>
        <time>2026-09-05T03:57:12Z</time>
      </trkpt>
      <trkpt lat="41.825381414964795" lon="123.59396047890186">
        <ele>63.2</ele>
        <time>2026-09-05T03:57:14Z</time>
      </trkpt>
      <trkpt lat="41.825424917042255" lon="123.59399459324777">
        <ele>63.2</ele>
        <time>2026-09-05T03:57:16Z</time>
      </trkpt>
      <trkpt lat="41.82548392564058" lon="123.59406952746212">
        <ele>63.2</ele>
        <time>2026-09-05T03:57:18Z</time>
      </trkpt>
      <trkpt lat="41.8255503103137" lon="123.5941677633673">
        <ele>63.2</ele>
        <time>2026-09-05T03:57:20Z</time>
      </trkpt>
      <trkpt lat="41.82561409659684" lon="123.59428251162171">
        <ele>63</ele>
        <time>2026-09-05T03:57:22Z</time>
      </trkpt>
      <trkpt lat="41.82568123564124" lon="123.59439642168581">
        <ele>63</ele>
        <time>2026-09-05T03:57:24Z</time>
      </trkpt>
      <trkpt lat="41.825749799609184" lon="123.59450228512287">
        <ele>63</ele>
        <time>2026-09-05T03:57:26Z</time>
      </trkpt>
      <trkpt lat="41.82581760920584" lon="123.59459172002971">
        <ele>63.2</ele>
        <time>2026-09-05T03:57:28Z</time>
      </trkpt>
      <trkpt lat="41.8258819822222" lon="123.59468149021268">
        <ele>63.2</ele>
        <time>2026-09-05T03:57:30Z</time>
      </trkpt>
      <trkpt lat="41.8259493727237" lon="123.5947788041085">
        <ele>63.2</ele>
        <time>2026-09-05T03:57:32Z</time>
      </trkpt>
      <trkpt lat="41.82601701468229" lon="123.59488349407911">
        <ele>63.4</ele>
        <time>2026-09-05T03:57:34Z</time>
      </trkpt>
      <trkpt lat="41.826080633327365" lon="123.59498768113554">
        <ele>63.4</ele>
        <time>2026-09-05T03:57:36Z</time>
      </trkpt>
      <trkpt lat="41.82614928111434" lon="123.59507066197693">
        <ele>63.6</ele>
        <time>2026-09-05T03:57:38Z</time>
      </trkpt>
      <trkpt lat="41.82622890919447" lon="123.59512388706207">
        <ele>63.6</ele>
        <time>2026-09-05T03:57:40Z</time>
      </trkpt>
      <trkpt lat="41.82631993666291" lon="123.59513176605105">
        <ele>63.6</ele>
        <time>2026-09-05T03:57:42Z</time>
      </trkpt>
      <trkpt lat="41.82640861719847" lon="123.59509496949613">
        <ele>63.6</ele>
        <time>2026-09-05T03:57:44Z</time>
      </trkpt>
      <trkpt lat="41.82647801935673" lon="123.59504266642034">
        <ele>63.6</ele>
        <time>2026-09-05T03:57:46Z</time>
      </trkpt>
      <trkpt lat="41.82653585448861" lon="123.5949878487736">
        <ele>63.6</ele>
        <time>2026-09-05T03:57:48Z</time>
      </trkpt>
      <trkpt lat="41.826591761782765" lon="123.59493956901133">
        <ele>63.6</ele>
        <time>2026-09-05T03:57:50Z</time>
      </trkpt>
      <trkpt lat="41.82664532214403" lon="123.59490067698061">
        <ele>63.8</ele>
        <time>2026-09-05T03:57:52Z</time>
      </trkpt>
      <trkpt lat="41.82669611647725" lon="123.59486731700599">
        <ele>63.8</ele>
        <time>2026-09-05T03:57:54Z</time>
      </trkpt>
      <trkpt lat="41.82674741372466" lon="123.59483102336526">
        <ele>64</ele>
        <time>2026-09-05T03:57:56Z</time>
      </trkpt>
      <trkpt lat="41.82679762132466" lon="123.59479129314423">
        <ele>64</ele>
        <time>2026-09-05T03:57:58Z</time>
      </trkpt>
      <trkpt lat="41.82684950530529" lon="123.59475776553154">
        <ele>64</ele>
        <time>2026-09-05T03:58:00Z</time>
      </trkpt>
      <trkpt lat="41.82690097019076" lon="123.59477528370917">
        <ele>64.4</ele>
        <time>2026-09-05T03:58:02Z</time>
      </trkpt>
      <trkpt lat="41.826942628249526" lon="123.59484761953354">
        <ele>64.6</ele>
        <time>2026-09-05T03:58:04Z</time>
      </trkpt>
      <trkpt lat="41.8269734736532" lon="123.59495406970382">
        <ele>64.8</ele>
        <time>2026-09-05T03:58:06Z</time>
      </trkpt>
      <trkpt lat="41.82700046338141" lon="123.59507326036692">
        <ele>65</ele>
        <time>2026-09-05T03:58:08Z</time>
      </trkpt>
      <trkpt lat="41.827036421746016" lon="123.59518616460264">
        <ele>65.2</ele>
        <time>2026-09-05T03:58:10Z</time>
      </trkpt>
      <trkpt lat="41.827079420909286" lon="123.59528372995555">
        <ele>65.2</ele>
        <time>2026-09-05T03:58:12Z</time>
      </trkpt>
      <trkpt lat="41.82711680419743" lon="123.59537299722433">
        <ele>65.2</ele>
        <time>2026-09-05T03:58:14Z</time>
      </trkpt>
      <trkpt lat="41.82714228518307" lon="123.59543887898326">
        <ele>65.2</ele>
        <time>2026-09-05T03:58:16Z</time>
      </trkpt>
      <trkpt lat="41.827164413407445" lon="123.59549386426806">
        <ele>65.4</ele>
        <time>2026-09-05T03:58:18Z</time>
      </trkpt>
      <trkpt lat="41.827197605744004" lon="123.59556687064469">
        <ele>65.4</ele>
        <time>2026-09-05T03:58:20Z</time>
      </trkpt>
      <trkpt lat="41.82723012752831" lon="123.59567080624402">
        <ele>65.4</ele>
        <time>2026-09-05T03:58:22Z</time>
      </trkpt>
      <trkpt lat="41.82725317776203" lon="123.5957962833345">
        <ele>65.4</ele>
        <time>2026-09-05T03:58:24Z</time>
      </trkpt>
      <trkpt lat="41.82727270759642" lon="123.59592787921429">
        <ele>65.4</ele>
        <time>2026-09-05T03:58:26Z</time>
      </trkpt>
      <trkpt lat="41.82730087079108" lon="123.59605327248573">
        <ele>65.4</ele>
        <time>2026-09-05T03:58:28Z</time>
      </trkpt>
      <trkpt lat="41.827351497486234" lon="123.59615385532379">
        <ele>65.2</ele>
        <time>2026-09-05T03:58:30Z</time>
      </trkpt>
      <trkpt lat="41.827424420043826" lon="123.59622359275818">
        <ele>65.2</ele>
        <time>2026-09-05T03:58:32Z</time>
      </trkpt>
      <trkpt lat="41.827504970133305" lon="123.59628637321293">
        <ele>65.2</ele>
        <time>2026-09-05T03:58:34Z</time>
      </trkpt>
      <trkpt lat="41.827560206875205" lon="123.59638419002295">
        <ele>65.2</ele>
        <time>2026-09-05T03:58:36Z</time>
      </trkpt>
      <trkpt lat="41.827598763629794" lon="123.5965074878186">
        <ele>65.2</ele>
        <time>2026-09-05T03:58:38Z</time>
      </trkpt>
      <trkpt lat="41.82764628902078" lon="123.59663095325232">
        <ele>65</ele>
        <time>2026-09-05T03:58:40Z</time>
      </trkpt>
      <trkpt lat="41.827702866867185" lon="123.59674980863929">
        <ele>65</ele>
        <time>2026-09-05T03:58:42Z</time>
      </trkpt>
      <trkpt lat="41.82775491848588" lon="123.5968669038266">
        <ele>65</ele>
        <time>2026-09-05T03:58:44Z</time>
      </trkpt>
      <trkpt lat="41.8278004322201" lon="123.5969876870513">
        <ele>65</ele>
        <time>2026-09-05T03:58:46Z</time>
      </trkpt>
      <trkpt lat="41.82784678414464" lon="123.59710109420121">
        <ele>65</ele>
        <time>2026-09-05T03:58:48Z</time>
      </trkpt>
      <trkpt lat="41.82790830731392" lon="123.59719312749803">
        <ele>65.2</ele>
        <time>2026-09-05T03:58:50Z</time>
      </trkpt>
      <trkpt lat="41.82797921821475" lon="123.59726957045496">
        <ele>65.2</ele>
        <time>2026-09-05T03:58:52Z</time>
      </trkpt>
      <trkpt lat="41.82804945856333" lon="123.59735397621989">
        <ele>65.2</ele>
        <time>2026-09-05T03:58:54Z</time>
      </trkpt>
      <trkpt lat="41.82811517268419" lon="123.59745489433408">
        <ele>65.4</ele>
        <time>2026-09-05T03:58:56Z</time>
      </trkpt>
      <trkpt lat="41.828156327828765" lon="123.59757886268198">
        <ele>65.6</ele>
        <time>2026-09-05T03:58:58Z</time>
      </trkpt>
      <trkpt lat="41.82817325927317" lon="123.59772412106395">
        <ele>65.8</ele>
        <time>2026-09-05T03:59:00Z</time>
      </trkpt>
      <trkpt lat="41.82818063534796" lon="123.5978767555207">
        <ele>65.8</ele>
        <time>2026-09-05T03:59:02Z</time>
      </trkpt>
      <trkpt lat="41.82819228619337" lon="123.59802695922554">
        <ele>65.8</ele>
        <time>2026-09-05T03:59:04Z</time>
      </trkpt>
      <trkpt lat="41.82821533642709" lon="123.59817481599748">
        <ele>65.8</ele>
        <time>2026-09-05T03:59:06Z</time>
      </trkpt>
      <trkpt lat="41.8282512947917" lon="123.59832175076008">
        <ele>65.8</ele>
        <time>2026-09-05T03:59:08Z</time>
      </trkpt>
      <trkpt lat="41.82829479686916" lon="123.59846491366625">
        <ele>65.8</ele>
        <time>2026-09-05T03:59:10Z</time>
      </trkpt>
      <trkpt lat="41.82834408245981" lon="123.5985971800983">
        <ele>65.8</ele>
        <time>2026-09-05T03:59:12Z</time>
      </trkpt>
      <trkpt lat="41.82839420624077" lon="123.59872592613101">
        <ele>65.6</ele>
        <time>2026-09-05T03:59:14Z</time>
      </trkpt>
      <trkpt lat="41.82844541966915" lon="123.59885810874403">
        <ele>65.6</ele>
        <time>2026-09-05T03:59:16Z</time>
      </trkpt>
      <trkpt lat="41.828497890383005" lon="123.59899330884218">
        <ele>65.6</ele>
        <time>2026-09-05T03:59:18Z</time>
      </trkpt>
      <trkpt lat="41.828551702201366" lon="123.59912901185453">
        <ele>65.6</ele>
        <time>2026-09-05T03:59:20Z</time>
      </trkpt>
      <trkpt lat="41.82860626839101" lon="123.59926337376237">
        <ele>65.6</ele>
        <time>2026-09-05T03:59:22Z</time>
      </trkpt>
      <trkpt lat="41.828659577295184" lon="123.59939262270927">
        <ele>65.6</ele>
        <time>2026-09-05T03:59:24Z</time>
      </trkpt>
      <trkpt lat="41.82870919816196" lon="123.59951265156269">
        <ele>65.6</ele>
        <time>2026-09-05T03:59:26Z</time>
      </trkpt>
      <trkpt lat="41.82875546626747" lon="123.59963050112128">
        <ele>65.6</ele>
        <time>2026-09-05T03:59:28Z</time>
      </trkpt>
      <trkpt lat="41.828802237287164" lon="123.59975430183113">
        <ele>65.8</ele>
        <time>2026-09-05T03:59:30Z</time>
      </trkpt>
      <trkpt lat="41.8288522772491" lon="123.5998797789216">
        <ele>65.8</ele>
        <time>2026-09-05T03:59:32Z</time>
      </trkpt>
      <trkpt lat="41.82890508323908" lon="123.60000517219305">
        <ele>65.8</ele>
        <time>2026-09-05T03:59:34Z</time>
      </trkpt>
      <trkpt lat="41.82895797304809" lon="123.6001287214458">
        <ele>66</ele>
        <time>2026-09-05T03:59:36Z</time>
      </trkpt>
      <trkpt lat="41.829009437933564" lon="123.60025218687952">
        <ele>66</ele>
        <time>2026-09-05T03:59:38Z</time>
      </trkpt>
      <trkpt lat="41.82905570603907" lon="123.60037866979837">
        <ele>66</ele>
        <time>2026-09-05T03:59:40Z</time>
      </trkpt>
      <trkpt lat="41.82910499162972" lon="123.6005053203553">
        <ele>66.2</ele>
        <time>2026-09-05T03:59:42Z</time>
      </trkpt>
      <trkpt lat="41.82915637269616" lon="123.60063347965479">
        <ele>66.4</ele>
        <time>2026-09-05T03:59:44Z</time>
      </trkpt>
      <trkpt lat="41.829207418486476" lon="123.60076306387782">
        <ele>66.4</ele>
        <time>2026-09-05T03:59:46Z</time>
      </trkpt>
      <trkpt lat="41.82925603352487" lon="123.60089315101504">
        <ele>66.6</ele>
        <time>2026-09-05T03:59:48Z</time>
      </trkpt>
      <trkpt lat="41.82930079288781" lon="123.60102449543774">
        <ele>66.8</ele>
        <time>2026-09-05T03:59:50Z</time>
      </trkpt>
      <trkpt lat="41.82934882119298" lon="123.60115525312722">
        <ele>66.8</ele>
        <time>2026-09-05T03:59:52Z</time>
      </trkpt>
      <trkpt lat="41.829404728487134" lon="123.60128056257963">
        <ele>67</ele>
        <time>2026-09-05T03:59:54Z</time>
      </trkpt>
      <trkpt lat="41.82946566492319" lon="123.60140092670918">
        <ele>67.2</ele>
        <time>2026-09-05T03:59:56Z</time>
      </trkpt>
      <trkpt lat="41.829532803967595" lon="123.60151626169682">
        <ele>67.2</ele>
        <time>2026-09-05T03:59:58Z</time>
      </trkpt>
      <trkpt lat="41.82960547506809" lon="123.60162137076259">
        <ele>67.4</ele>
        <time>2026-09-05T04:00:00Z</time>
      </trkpt>
      <trkpt lat="41.829683259129524" lon="123.6017154995352">
        <ele>67.4</ele>
        <time>2026-09-05T04:00:02Z</time>
      </trkpt>
      <trkpt lat="41.829758025705814" lon="123.60180862247944">
        <ele>67.4</ele>
        <time>2026-09-05T04:00:04Z</time>
      </trkpt>
      <trkpt lat="41.82981795631349" lon="123.6018885858357">
        <ele>67.4</ele>
        <time>2026-09-05T04:00:06Z</time>
      </trkpt>
      <trkpt lat="41.8298623804003" lon="123.6019438225776">
        <ele>67.2</ele>
        <time>2026-09-05T04:00:08Z</time>
      </trkpt>
      <trkpt lat="41.82990378700197" lon="123.60199176706374">
        <ele>67.2</ele>
        <time>2026-09-05T04:00:10Z</time>
      </trkpt>
      <trkpt lat="41.8299556709826" lon="123.60204490832984">
        <ele>67.2</ele>
        <time>2026-09-05T04:00:12Z</time>
      </trkpt>
      <trkpt lat="41.83001157827675" lon="123.60210802406073">
        <ele>67.2</ele>
        <time>2026-09-05T04:00:14Z</time>
      </trkpt>
      <trkpt lat="41.830068826675415" lon="123.6021766718477">
        <ele>67.2</ele>
        <time>2026-09-05T04:00:16Z</time>
      </trkpt>
      <trkpt lat="41.83012439869344" lon="123.6022443138063">
        <ele>67.2</ele>
        <time>2026-09-05T04:00:18Z</time>
      </trkpt>
      <trkpt lat="41.83017552830279" lon="123.60231036320329">
        <ele>67.2</ele>
        <time>2026-09-05T04:00:20Z</time>
      </trkpt>
      <trkpt lat="41.830225232988596" lon="123.60237247310579">
        <ele>67.2</ele>
        <time>2026-09-05T04:00:22Z</time>
      </trkpt>
      <trkpt lat="41.83026907034218" lon="123.6024256143719">
        <ele>67.2</ele>
        <time>2026-09-05T04:00:24Z</time>
      </trkpt>
    </trkseg>
  </trk>
</gpx>